WKT,Name,OBJECTID,UKATEGORIE,UTYP1,UART,UMONAT,USTUNDE,UWOCHENTAG,STRZUSTAND,ULICHTVERH,ISTRAD,ISTPKW,ISTFUSS,ISTKRAD,ISTGKFZ,ISTSONSTIG
"POINT (8.517755939000001 49.485766464000001)",Unfall 22630 (2016) Kat:3, Licht: 0,22630,3,6,3,01,12,1,,0,0,1,0,0,0,0
"POINT (8.459247419000000 49.492329515999998)",Unfall 22778 (2016) Kat:3, Licht: 0,22778,3,6,2,01,13,1,,0,0,1,0,0,0,0
"POINT (8.453829283999999 49.491722897999999)",Unfall 22794 (2016) Kat:2, Licht: 2,22794,2,6,2,01,04,2,,2,0,0,0,1,0,1
"POINT (8.549819779000000 49.457458443000000)",Unfall 22917 (2016) Kat:3, Licht: 2,22917,3,7,8,01,19,2,,2,0,1,0,0,1,0
"POINT (8.488743506000001 49.498351407000001)",Unfall 22949 (2016) Kat:3, Licht: 2,22949,3,3,5,01,07,3,,2,0,1,0,0,0,1
"POINT (8.539430848000000 49.464546454999997)",Unfall 22972 (2016) Kat:2, Licht: 2,22972,2,6,2,01,02,2,,2,0,1,0,0,1,0
"POINT (8.500118490000000 49.489454559999999)",Unfall 23004 (2016) Kat:2, Licht: 2,23004,2,2,5,01,19,5,,2,0,1,0,0,0,1
"POINT (8.522731456000001 49.473602687000003)",Unfall 23041 (2016) Kat:2, Licht: 2,23041,2,2,5,01,19,2,,2,0,1,0,0,0,0
"POINT (8.450359645000001 49.491350359999998)",Unfall 23043 (2016) Kat:3, Licht: 2,23043,3,6,9,01,21,6,,2,0,1,0,0,0,1
"POINT (8.560582486000000 49.507188896000002)",Unfall 23068 (2016) Kat:3, Licht: 0,23068,3,6,3,01,16,3,,0,0,1,0,0,1,0
"POINT (8.525984213999999 49.465366426999999)",Unfall 23084 (2016) Kat:3, Licht: 1,23084,3,6,2,01,07,2,,1,0,1,0,0,0,0
"POINT (8.460135432000000 49.481228737000002)",Unfall 23117 (2016) Kat:3, Licht: 0,23117,3,3,5,01,14,5,,0,0,1,0,0,1,0
"POINT (8.495187054000001 49.453588658999998)",Unfall 23152 (2016) Kat:3, Licht: 2,23152,3,6,1,01,18,2,,2,0,1,0,1,0,0
"POINT (8.491976623999999 49.477862819000002)",Unfall 23154 (2016) Kat:3, Licht: 2,23154,3,3,5,01,20,6,,2,0,1,0,0,0,0
"POINT (8.556429141000001 49.455004459000001)",Unfall 23293 (2016) Kat:3, Licht: 0,23293,3,6,2,01,14,3,,0,0,1,0,0,0,0
"POINT (8.483774662000000 49.469340815999999)",Unfall 23327 (2016) Kat:2, Licht: 0,23327,2,4,6,01,11,5,,0,0,0,1,0,0,1
"POINT (8.511002048000000 49.518511240999999)",Unfall 23462 (2016) Kat:3, Licht: 1,23462,3,6,2,01,17,5,,1,0,1,0,0,0,0
"POINT (8.477353633000000 49.517384475999997)",Unfall 23468 (2016) Kat:2, Licht: 0,23468,2,3,5,01,13,4,,0,1,1,0,0,0,0
"POINT (8.484248310000000 49.471378614000002)",Unfall 23493 (2016) Kat:3, Licht: 0,23493,3,1,0,01,12,3,,0,0,0,0,1,0,0
"POINT (8.475825016000000 49.486649354000001)",Unfall 23521 (2016) Kat:2, Licht: 0,23521,2,6,2,01,12,5,,0,0,1,0,1,0,0
"POINT (8.558562036000000 49.499154289000003)",Unfall 23547 (2016) Kat:3, Licht: 0,23547,3,3,5,01,12,2,,0,0,1,0,0,0,0
"POINT (8.458912781000000 49.492127474999997)",Unfall 23601 (2016) Kat:3, Licht: 2,23601,3,6,3,01,19,1,,2,0,1,0,0,0,0
"POINT (8.447508763000000 49.566072618000000)",Unfall 23642 (2016) Kat:1, Licht: 0,23642,1,1,9,01,15,7,,0,0,1,0,0,0,0
"POINT (8.447582935000000 49.573397997000001)",Unfall 23765 (2016) Kat:3, Licht: 0,23765,3,1,9,01,12,6,,0,0,1,0,0,0,0
"POINT (8.510725300000001 49.455979077000002)",Unfall 23860 (2016) Kat:3, Licht: 2,23860,3,1,8,01,01,1,,2,0,1,0,0,0,0
"POINT (8.515130664999999 49.477630464999997)",Unfall 23868 (2016) Kat:2, Licht: 0,23868,2,3,5,01,11,3,,0,0,1,0,0,0,0
"POINT (8.560475077000000 49.513946486000002)",Unfall 23885 (2016) Kat:1, Licht: 2,23885,1,4,6,01,20,4,,2,0,1,1,0,1,0
"POINT (8.569301806000000 49.439753740000000)",Unfall 23949 (2016) Kat:3, Licht: 2,23949,3,2,5,01,19,2,,2,0,1,0,0,0,0
"POINT (8.549390466000000 49.487095676000003)",Unfall 23974 (2016) Kat:3, Licht: 2,23974,3,6,3,01,19,7,,2,0,1,0,0,0,0
"POINT (8.463597119999999 49.505938542000003)",Unfall 23989 (2016) Kat:3, Licht: 2,23989,3,3,5,01,17,7,,2,0,1,0,0,0,0
"POINT (8.515192906999999 49.443434050999997)",Unfall 23994 (2016) Kat:2, Licht: 0,23994,2,6,3,01,07,6,,0,0,1,0,0,0,1
"POINT (8.564174652000000 49.466346377999997)",Unfall 24036 (2016) Kat:3, Licht: 2,24036,3,3,5,01,20,1,,2,0,1,0,0,0,0
"POINT (8.541655964000000 49.446355847000000)",Unfall 24050 (2016) Kat:2, Licht: 0,24050,2,6,0,01,10,4,,0,0,0,0,1,0,0
"POINT (8.531222508000001 49.506835154000001)",Unfall 24116 (2016) Kat:2, Licht: 2,24116,2,7,0,01,02,1,,2,0,1,0,0,0,0
"POINT (8.473718343000000 49.495789901999999)",Unfall 24158 (2016) Kat:3, Licht: 0,24158,3,6,2,01,13,6,,0,0,1,0,0,0,0
"POINT (8.483612899000001 49.493554344000003)",Unfall 24213 (2016) Kat:3, Licht: 0,24213,3,2,3,01,18,5,,0,1,1,0,0,0,0
"POINT (8.480847852000000 49.522114965999997)",Unfall 24230 (2016) Kat:3, Licht: 2,24230,3,2,5,01,20,7,,2,1,1,0,0,0,0
"POINT (8.471933792000000 49.476893058999998)",Unfall 24236 (2016) Kat:3, Licht: 0,24236,3,6,3,01,07,6,,0,0,1,0,0,1,0
"POINT (8.474157519000000 49.479261495000003)",Unfall 24351 (2016) Kat:3, Licht: 0,24351,3,6,2,02,20,3,,0,0,1,0,0,0,0
"POINT (8.485266515999999 49.494738663000000)",Unfall 24421 (2016) Kat:3, Licht: 2,24421,3,3,5,02,18,5,,2,0,1,0,1,0,0
"POINT (8.481732309000000 49.531993239999998)",Unfall 24503 (2016) Kat:3, Licht: 0,24503,3,7,5,02,12,6,,0,0,1,0,0,0,0
"POINT (8.484903894000000 49.467367811000003)",Unfall 24524 (2016) Kat:3, Licht: 0,24524,3,6,3,02,15,4,,0,0,1,0,0,1,0
"POINT (8.495522803000000 49.453041226000003)",Unfall 24545 (2016) Kat:3, Licht: 2,24545,3,1,9,02,05,2,,2,0,0,0,1,0,0
"POINT (8.485921726000001 49.466440810000002)",Unfall 24567 (2016) Kat:3, Licht: 0,24567,3,7,5,02,12,2,,0,0,1,0,0,0,1
"POINT (8.544048135000001 49.483049618000003)",Unfall 24579 (2016) Kat:2, Licht: 0,24579,2,5,5,02,16,1,,0,1,1,0,0,0,0
"POINT (8.519628272000000 49.467431306999998)",Unfall 24584 (2016) Kat:3, Licht: 2,24584,3,3,5,02,19,1,,2,0,1,0,0,0,0
"POINT (8.488808868000000 49.498398629999997)",Unfall 24593 (2016) Kat:3, Licht: 2,24593,3,2,4,02,00,6,,2,0,1,0,0,0,0
"POINT (8.457159188000000 49.545118879999997)",Unfall 24622 (2016) Kat:3, Licht: 0,24622,3,6,2,02,16,2,,0,0,1,0,0,0,0
"POINT (8.565285350000000 49.465027935000002)",Unfall 24624 (2016) Kat:3, Licht: 0,24624,3,6,2,02,14,3,,0,0,1,0,0,0,0
"POINT (8.523536719000001 49.438475201999999)",Unfall 24694 (2016) Kat:3, Licht: 2,24694,3,3,5,02,06,5,,2,0,1,0,0,0,0
"POINT (8.523541198000000 49.438466062000003)",Unfall 24703 (2016) Kat:3, Licht: 2,24703,3,3,5,02,20,4,,2,0,1,0,0,0,0
"POINT (8.500252400000001 49.474287306999997)",Unfall 24750 (2016) Kat:3, Licht: 0,24750,3,2,5,02,16,3,,0,0,1,0,0,0,1
"POINT (8.475918087000000 49.474888829999998)",Unfall 24787 (2016) Kat:3, Licht: 2,24787,3,6,3,02,05,5,,2,0,1,0,0,1,0
"POINT (8.448987765000000 49.554453576000000)",Unfall 24799 (2016) Kat:3, Licht: 0,24799,3,1,8,02,17,7,,0,0,1,0,0,0,0
"POINT (8.473965439000001 49.479591935999998)",Unfall 24802 (2016) Kat:3, Licht: 0,24802,3,6,2,02,17,5,,0,0,1,0,0,0,0
"POINT (8.505630187000000 49.506835350000003)",Unfall 24812 (2016) Kat:2, Licht: 0,24812,2,2,6,02,15,3,,0,0,1,1,0,0,1
"POINT (8.540310854000000 49.438313878999999)",Unfall 24920 (2016) Kat:3, Licht: 2,24920,3,6,3,02,19,1,,2,0,1,0,0,0,0
"POINT (8.512330999000000 49.488845220000002)",Unfall 24922 (2016) Kat:3, Licht: 0,24922,3,3,5,02,08,3,,0,1,1,0,0,0,0
"POINT (8.480469604000000 49.489523974999997)",Unfall 25010 (2016) Kat:2, Licht: 0,25010,2,6,3,02,07,6,,0,0,0,0,1,0,1
"POINT (8.546070760999999 49.482494756999998)",Unfall 25017 (2016) Kat:3, Licht: 0,25017,3,2,5,02,15,3,,0,0,1,0,0,0,0
"POINT (8.571497956000000 49.451201634999997)",Unfall 25024 (2016) Kat:3, Licht: 0,25024,3,6,2,02,16,2,,0,0,1,0,0,0,0
"POINT (8.517193001000001 49.465991656000000)",Unfall 25053 (2016) Kat:2, Licht: 0,25053,2,6,3,02,09,6,,0,0,1,0,0,1,0
"POINT (8.544445647000000 49.482855440999998)",Unfall 25133 (2016) Kat:3, Licht: 2,25133,3,6,1,02,21,7,,2,0,1,0,0,0,0
"POINT (8.522856417000000 49.473443076000002)",Unfall 25142 (2016) Kat:3, Licht: 0,25142,3,6,1,02,14,3,,0,0,1,0,0,1,0
"POINT (8.480918772000001 49.534405833000001)",Unfall 25150 (2016) Kat:3, Licht: 2,25150,3,2,5,02,22,2,,2,0,1,0,0,0,0
"POINT (8.569380269000000 49.439655182000003)",Unfall 25212 (2016) Kat:3, Licht: 0,25212,3,6,2,02,16,2,,0,0,1,0,1,0,0
"POINT (8.550872797000000 49.520163912999998)",Unfall 25243 (2016) Kat:2, Licht: 2,25243,2,6,3,02,02,1,,2,0,1,0,0,0,1
"POINT (8.516506322000000 49.488732880000001)",Unfall 25320 (2016) Kat:3, Licht: 0,25320,3,6,3,02,14,1,,0,0,1,0,0,0,0
"POINT (8.488669810999999 49.498116295999999)",Unfall 25325 (2016) Kat:3, Licht: 0,25325,3,2,5,03,15,4,,0,0,0,0,0,1,1
"POINT (8.484284908999999 49.493526551999999)",Unfall 25421 (2016) Kat:3, Licht: 0,25421,3,3,1,02,14,2,,0,1,0,0,0,1,0
"POINT (8.569289251000001 49.439671232999999)",Unfall 25424 (2016) Kat:2, Licht: 0,25424,2,3,5,03,13,3,,0,0,1,0,0,1,0
"POINT (8.480224109000000 49.489179507999999)",Unfall 25467 (2016) Kat:3, Licht: 2,25467,3,6,2,03,18,4,,2,0,1,0,0,0,0
"POINT (8.560411755000001 49.501862922000001)",Unfall 25589 (2016) Kat:3, Licht: 0,25589,3,6,3,02,16,7,,0,0,1,0,0,0,0
"POINT (8.485145048000000 49.494188899999997)",Unfall 25672 (2016) Kat:3, Licht: 0,25672,3,6,1,03,10,7,,0,0,1,0,0,0,0
"POINT (8.460691154999999 49.481377319000003)",Unfall 25737 (2016) Kat:2, Licht: 2,25737,2,7,5,03,19,5,,2,0,1,0,0,0,0
"POINT (8.467658680000000 49.478949084000000)",Unfall 25787 (2016) Kat:3, Licht: 0,25787,3,6,1,03,16,4,,0,0,1,0,0,0,0
"POINT (8.483764006000000 49.468945873999999)",Unfall 25792 (2016) Kat:3, Licht: 0,25792,3,6,2,03,15,2,,0,0,1,0,0,0,0
"POINT (8.485715560999999 49.466464340999998)",Unfall 25894 (2016) Kat:3, Licht: 0,25894,3,3,5,03,08,6,,0,1,0,0,0,0,1
"POINT (8.499567897000000 49.554757230000000)",Unfall 25898 (2016) Kat:2, Licht: 0,25898,2,6,2,03,12,5,,0,0,0,0,0,1,0
"POINT (8.517464113999999 49.488526440999998)",Unfall 25950 (2016) Kat:3, Licht: 1,25950,3,3,5,03,17,6,,1,0,1,0,0,0,1
"POINT (8.471959857000000 49.513321679000001)",Unfall 25980 (2016) Kat:3, Licht: 0,25980,3,2,3,03,16,6,,0,1,1,0,0,0,0
"POINT (8.512724893000000 49.488819913999997)",Unfall 26031 (2016) Kat:3, Licht: 0,26031,3,6,2,03,16,4,,0,0,1,0,0,0,0
"POINT (8.525359483000001 49.465549314999997)",Unfall 26145 (2016) Kat:3, Licht: 0,26145,3,6,2,03,07,4,,0,0,1,0,0,0,0
"POINT (8.486535898000000 49.529731646000002)",Unfall 26170 (2016) Kat:2, Licht: 0,26170,2,6,2,03,15,4,,0,0,1,0,1,0,0
"POINT (8.497021000000000 49.502638601000001)",Unfall 26221 (2016) Kat:3, Licht: 0,26221,3,6,2,03,12,5,,0,0,1,0,0,0,0
"POINT (8.485740082000000 49.466437569000000)",Unfall 26246 (2016) Kat:3, Licht: 0,26246,3,7,5,03,14,5,,0,0,1,0,0,1,0
"POINT (8.464669907999999 49.498238317000002)",Unfall 26251 (2016) Kat:2, Licht: 0,26251,2,6,2,03,10,5,,0,0,1,0,0,0,1
"POINT (8.559972653999999 49.519957949000002)",Unfall 26301 (2016) Kat:3, Licht: 0,26301,3,6,3,03,08,6,,0,0,1,0,0,1,0
"POINT (8.494622451000000 49.454721302999999)",Unfall 26338 (2016) Kat:3, Licht: 0,26338,3,6,2,03,17,4,,0,0,1,0,0,0,0
"POINT (8.468752896000000 49.478537957000000)",Unfall 26359 (2016) Kat:3, Licht: 0,26359,3,6,2,03,12,7,,0,0,1,0,0,0,0
"POINT (8.523831074000000 49.480653418999999)",Unfall 26388 (2016) Kat:2, Licht: 0,26388,2,6,3,03,16,5,,0,0,1,0,1,1,1
"POINT (8.527737094000001 49.510160114000001)",Unfall 26427 (2016) Kat:3, Licht: 2,26427,3,2,3,03,20,6,,2,1,1,0,0,0,0
"POINT (8.545922528000000 49.458798092999999)",Unfall 26526 (2016) Kat:3, Licht: 0,26526,3,6,2,03,06,3,,0,0,1,0,0,0,1
"POINT (8.505731030000000 49.506868802000000)",Unfall 26653 (2016) Kat:3, Licht: 0,26653,3,3,5,03,17,6,,0,0,1,0,0,0,0
"POINT (8.475152309000000 49.485200204000002)",Unfall 26656 (2016) Kat:3, Licht: 0,26656,3,3,5,03,14,7,,0,0,1,0,0,0,0
"POINT (8.519739066000000 49.467426715000002)",Unfall 26734 (2016) Kat:3, Licht: 0,26734,3,6,2,03,07,6,,0,0,1,0,0,0,0
"POINT (8.529777551000001 49.464287642999999)",Unfall 26735 (2016) Kat:3, Licht: 0,26735,3,6,2,03,07,2,,0,0,1,0,0,0,0
"POINT (8.468607268000000 49.478464471000002)",Unfall 26741 (2016) Kat:3, Licht: 0,26741,3,3,5,03,08,6,,0,0,1,0,0,0,0
"POINT (8.529847265000001 49.430187013999998)",Unfall 26747 (2016) Kat:3, Licht: 0,26747,3,3,5,03,11,6,,0,1,1,0,0,0,0
"POINT (8.461630048000000 49.504439963999999)",Unfall 26756 (2016) Kat:2, Licht: 0,26756,2,7,4,03,12,3,,0,0,1,0,1,0,0
"POINT (8.541623125999999 49.455098507000002)",Unfall 26834 (2016) Kat:3, Licht: 0,26834,3,6,1,03,11,5,,0,0,1,0,0,0,0
"POINT (8.488821807000001 49.498246416000001)",Unfall 26918 (2016) Kat:3, Licht: 0,26918,3,7,6,04,13,7,,0,0,1,1,0,0,0
"POINT (8.480846922000000 49.522112622999998)",Unfall 26956 (2016) Kat:3, Licht: 0,26956,3,2,5,04,19,4,,0,1,1,0,0,0,0
"POINT (8.540692084000000 49.442461168000001)",Unfall 26997 (2016) Kat:3, Licht: 0,26997,3,6,2,04,06,2,,0,0,1,0,0,0,0
"POINT (8.464230731000001 49.480776634999998)",Unfall 27008 (2016) Kat:3, Licht: 1,27008,3,6,3,04,06,7,,1,0,1,0,0,0,0
"POINT (8.539338396000000 49.461001293999999)",Unfall 27022 (2016) Kat:3, Licht: 0,27022,3,6,2,03,09,5,,0,0,1,0,0,1,0
"POINT (8.480847688000001 49.522114551000001)",Unfall 27068 (2016) Kat:3, Licht: 2,27068,3,2,4,04,05,6,,2,1,1,0,0,0,0
"POINT (8.461733096000000 49.504514352999998)",Unfall 27115 (2016) Kat:3, Licht: 0,27115,3,6,1,04,16,7,,0,0,1,0,0,0,0
"POINT (8.480461447000000 49.489512566999998)",Unfall 27127 (2016) Kat:3, Licht: 0,27127,3,6,2,03,17,3,,0,0,1,0,0,0,0
"POINT (8.531853900000000 49.427590905000002)",Unfall 27145 (2016) Kat:2, Licht: 2,27145,2,1,4,03,21,3,,2,0,1,0,1,0,0
"POINT (8.528452584000000 49.431974097000001)",Unfall 27161 (2016) Kat:2, Licht: 0,27161,2,4,6,03,16,3,,0,0,1,1,0,0,0
"POINT (8.468575136000000 49.478620135000000)",Unfall 27207 (2016) Kat:3, Licht: 2,27207,3,6,2,04,00,7,,2,0,1,0,1,0,0
"POINT (8.473609151000000 49.483220064000001)",Unfall 27280 (2016) Kat:3, Licht: 0,27280,3,4,6,04,15,4,,0,0,0,1,0,0,1
"POINT (8.492989628000000 49.457759439999997)",Unfall 27361 (2016) Kat:3, Licht: 0,27361,3,1,0,04,09,6,,0,0,0,0,1,0,0
"POINT (8.467658110000000 49.508842741000002)",Unfall 27405 (2016) Kat:3, Licht: 0,27405,3,6,1,04,14,6,,0,0,1,0,0,0,1
"POINT (8.485831339000001 49.495343621000004)",Unfall 27444 (2016) Kat:3, Licht: 0,27444,3,6,2,04,17,4,,0,0,1,0,0,0,0
"POINT (8.526818311000000 49.434065779999997)",Unfall 27452 (2016) Kat:3, Licht: 0,27452,3,6,1,04,18,2,,0,0,1,0,1,0,0
"POINT (8.484294852000000 49.471680628999998)",Unfall 27488 (2016) Kat:3, Licht: 0,27488,3,6,2,04,18,6,,0,0,1,0,0,0,0
"POINT (8.490838684000000 49.460536490000003)",Unfall 27528 (2016) Kat:3, Licht: 0,27528,3,6,1,04,13,7,,0,0,1,0,0,0,0
"POINT (8.495047668000000 49.453537804000000)",Unfall 27666 (2016) Kat:3, Licht: 0,27666,3,1,9,04,13,4,,0,0,1,1,0,0,0
"POINT (8.526065099000000 49.481361622999998)",Unfall 27752 (2016) Kat:3, Licht: 0,27752,3,6,1,04,07,3,,0,0,1,0,0,0,0
"POINT (8.481060053000000 49.532982251000000)",Unfall 27838 (2016) Kat:3, Licht: 2,27838,3,3,5,04,22,3,,2,1,1,0,0,0,0
"POINT (8.509484044000001 49.445929046000003)",Unfall 27892 (2016) Kat:3, Licht: 1,27892,3,6,2,04,18,4,,1,0,1,0,0,0,0
"POINT (8.512823724000000 49.449694944999997)",Unfall 27943 (2016) Kat:3, Licht: 0,27943,3,6,2,04,09,3,,0,0,1,0,0,1,0
"POINT (8.461744076000000 49.504522371000000)",Unfall 28003 (2016) Kat:3, Licht: 0,28003,3,6,2,04,16,5,,0,0,1,0,0,0,0
"POINT (8.500164969000000 49.474321781999997)",Unfall 28215 (2016) Kat:3, Licht: 0,28215,3,6,2,04,14,7,,0,0,1,0,0,0,0
"POINT (8.541859197999999 49.454409910000003)",Unfall 28258 (2016) Kat:3, Licht: 0,28258,3,1,9,04,07,7,,0,0,1,0,0,0,0
"POINT (8.502670528000000 49.523308888999999)",Unfall 28312 (2016) Kat:2, Licht: 0,28312,2,3,5,04,08,3,,0,1,1,0,0,0,0
"POINT (8.512925945999999 49.449112151000001)",Unfall 28355 (2016) Kat:3, Licht: 0,28355,3,6,3,04,10,5,,0,0,1,0,0,1,0
"POINT (8.494056967000001 49.455688563000002)",Unfall 28420 (2016) Kat:3, Licht: 0,28420,3,7,6,04,07,4,,0,1,0,1,0,0,0
"POINT (8.459450822999999 49.482673280000000)",Unfall 28500 (2016) Kat:3, Licht: 0,28500,3,6,5,04,16,5,,0,1,0,0,0,0,0
"POINT (8.574475933000000 49.448298553000001)",Unfall 28556 (2016) Kat:3, Licht: 0,28556,3,6,2,04,08,5,,0,0,1,0,0,0,0
"POINT (8.470650227000000 49.481369682999997)",Unfall 28625 (2016) Kat:3, Licht: 0,28625,3,6,1,04,12,6,,0,0,1,0,0,0,0
"POINT (8.513835436999999 49.462132339999997)",Unfall 28638 (2016) Kat:3, Licht: 0,28638,3,1,3,04,17,5,,0,0,1,0,0,0,0
"POINT (8.485933693000000 49.466427721000002)",Unfall 28677 (2016) Kat:3, Licht: 1,28677,3,7,3,04,18,7,,1,0,1,0,0,0,1
"POINT (8.459200337000000 49.492280460000003)",Unfall 28732 (2016) Kat:2, Licht: 0,28732,2,6,3,04,10,3,,0,0,0,0,1,0,1
"POINT (8.494533127000000 49.454948162999997)",Unfall 28733 (2016) Kat:3, Licht: 0,28733,3,6,2,04,14,3,,0,0,1,0,0,0,0
"POINT (8.517623570000000 49.488134975999998)",Unfall 28800 (2016) Kat:3, Licht: 0,28800,3,6,3,04,08,5,,0,0,1,0,0,0,0
"POINT (8.512624982000000 49.449733471000002)",Unfall 28819 (2016) Kat:3, Licht: 0,28819,3,6,2,05,17,4,,0,0,1,0,0,0,0
"POINT (8.546081492000001 49.458738951999997)",Unfall 28892 (2016) Kat:3, Licht: 0,28892,3,6,2,05,15,3,,0,0,1,0,0,0,0
"POINT (8.515124112000001 49.463752155000002)",Unfall 28936 (2016) Kat:3, Licht: 0,28936,3,6,1,05,18,4,,0,0,1,0,0,0,0
"POINT (8.490895090000000 49.554649847999997)",Unfall 29007 (2016) Kat:3, Licht: 2,29007,3,7,7,05,01,3,,2,0,1,0,0,0,0
"POINT (8.512675574999999 49.448103173000000)",Unfall 29065 (2016) Kat:3, Licht: 0,29065,3,6,2,05,17,3,,0,0,1,0,0,0,0
"POINT (8.541405741000000 49.445472477999999)",Unfall 29183 (2016) Kat:3, Licht: 0,29183,3,6,2,05,17,1,,0,0,1,0,0,0,0
"POINT (8.531348498000000 49.506511627999998)",Unfall 29201 (2016) Kat:2, Licht: 0,29201,2,6,2,05,14,7,,0,0,1,0,1,0,0
"POINT (8.524986893000000 49.436433319000002)",Unfall 29211 (2016) Kat:3, Licht: 0,29211,3,6,2,05,10,6,,0,0,1,0,0,0,0
"POINT (8.545148689000000 49.473799835000001)",Unfall 29447 (2016) Kat:3, Licht: 1,29447,3,6,2,05,20,3,,1,0,1,0,1,0,0
"POINT (8.457060374999999 49.545180498999997)",Unfall 29463 (2016) Kat:2, Licht: 2,29463,2,3,5,05,04,6,,2,0,1,0,0,0,0
"POINT (8.540980283000000 49.444569225999999)",Unfall 29492 (2016) Kat:3, Licht: 0,29492,3,6,2,05,09,7,,0,0,1,0,0,0,1
"POINT (8.476017409000001 49.486380744000002)",Unfall 29494 (2016) Kat:3, Licht: 0,29494,3,6,2,05,09,5,,0,0,1,0,0,0,0
"POINT (8.487020813000001 49.474733655000001)",Unfall 29504 (2016) Kat:2, Licht: 0,29504,2,6,1,05,16,3,,0,0,1,0,0,0,0
"POINT (8.455843309000001 49.486297393999997)",Unfall 29523 (2016) Kat:3, Licht: 0,29523,3,6,2,05,12,3,,0,0,1,0,0,0,0
"POINT (8.450070863000001 49.549555024000000)",Unfall 29559 (2016) Kat:2, Licht: 0,29559,2,6,2,05,14,4,,0,0,1,0,0,0,0
"POINT (8.488464775000001 49.463386606000000)",Unfall 29601 (2016) Kat:3, Licht: 0,29601,3,3,5,05,17,3,,0,0,1,0,0,0,0
"POINT (8.459958234000000 49.492967833999998)",Unfall 29621 (2016) Kat:1, Licht: 2,29621,1,4,6,05,00,1,,2,0,1,1,0,0,0
"POINT (8.505906112000000 49.506923481999998)",Unfall 29639 (2016) Kat:2, Licht: 0,29639,2,2,5,05,18,7,,0,1,1,0,0,0,0
"POINT (8.504032876000000 49.448524571999997)",Unfall 29651 (2016) Kat:3, Licht: 0,29651,3,6,2,05,12,2,,0,0,1,0,0,0,0
"POINT (8.476537620000000 49.487704168000000)",Unfall 29657 (2016) Kat:3, Licht: 0,29657,3,6,1,05,15,3,,0,0,1,0,0,0,0
"POINT (8.537293067000000 49.497040157999997)",Unfall 29669 (2016) Kat:3, Licht: 0,29669,3,6,2,05,18,2,,0,0,1,0,0,0,0
"POINT (8.578213411000000 49.458926939999998)",Unfall 29674 (2016) Kat:3, Licht: 0,29674,3,6,1,05,18,3,,0,0,1,0,0,0,0
"POINT (8.508365500000000 49.471203416999998)",Unfall 29705 (2016) Kat:2, Licht: 0,29705,2,6,1,05,11,2,,0,0,1,0,0,0,0
"POINT (8.478601959000001 49.487788971000001)",Unfall 29727 (2016) Kat:2, Licht: 0,29727,2,3,5,05,20,3,,0,1,1,0,0,0,0
"POINT (8.484206486000000 49.471140984000002)",Unfall 29846 (2016) Kat:3, Licht: 0,29846,3,7,3,05,14,6,,0,0,1,0,0,0,1
"POINT (8.567844572000000 49.450771916999997)",Unfall 29928 (2016) Kat:2, Licht: 0,29928,2,6,2,05,14,7,,0,0,1,0,0,0,0
"POINT (8.565297390000000 49.465007034999999)",Unfall 29937 (2016) Kat:2, Licht: 0,29937,2,6,3,05,16,7,,0,0,1,0,1,0,0
"POINT (8.546123035000001 49.458723495000001)",Unfall 29944 (2016) Kat:3, Licht: 0,29944,3,6,2,05,17,5,,0,0,1,0,0,0,0
"POINT (8.477048995000001 49.474360953999998)",Unfall 29983 (2016) Kat:2, Licht: 0,29983,2,3,5,05,06,6,,0,0,0,0,1,0,1
"POINT (8.495522803000000 49.453041226000003)",Unfall 29993 (2016) Kat:3, Licht: 2,29993,3,1,8,05,03,2,,2,0,1,0,0,0,0
"POINT (8.461522011000000 49.485065714999998)",Unfall 30033 (2016) Kat:3, Licht: 0,30033,3,6,2,05,19,4,,0,0,1,0,0,0,0
"POINT (8.523985238000000 49.437722247000004)",Unfall 30126 (2016) Kat:3, Licht: 0,30126,3,4,6,05,15,5,,0,0,1,1,0,0,0
"POINT (8.488134222999999 49.463582750000000)",Unfall 30143 (2016) Kat:3, Licht: 0,30143,3,2,5,05,10,6,,0,1,1,0,0,0,0
"POINT (8.461844344999999 49.494684493000001)",Unfall 30191 (2016) Kat:2, Licht: 0,30191,2,3,5,05,17,3,,0,1,0,0,0,1,0
"POINT (8.483993495000000 49.468517734999999)",Unfall 30253 (2016) Kat:3, Licht: 0,30253,3,3,5,05,09,2,,0,1,1,0,0,0,0
"POINT (8.560101194000000 49.463714703000001)",Unfall 30395 (2016) Kat:3, Licht: 0,30395,3,3,5,05,15,5,,0,1,1,0,0,0,0
"POINT (8.488608449999999 49.498245947999997)",Unfall 30521 (2016) Kat:3, Licht: 0,30521,3,3,5,05,13,3,,0,0,1,0,0,0,0
"POINT (8.464739234000000 49.506756907000003)",Unfall 30539 (2016) Kat:3, Licht: 0,30539,3,6,3,05,07,2,,0,0,1,0,0,1,0
"POINT (8.540466563000001 49.457842958999997)",Unfall 30556 (2016) Kat:3, Licht: 0,30556,3,1,9,05,06,1,,0,0,1,0,0,0,0
"POINT (8.476585736000001 49.474373063999998)",Unfall 30706 (2016) Kat:2, Licht: 0,30706,2,6,1,06,16,4,,0,0,1,0,1,0,0