WKT,Name,OBJECTID,UKATEGORIE,UTYP1,UART,UMONAT,USTUNDE,UWOCHENTAG,STRZUSTAND,ULICHTVERH,ISTRAD,ISTPKW,ISTFUSS,ISTKRAD,ISTGKFZ,ISTSONSTIG
"POINT (8.539743551000001 49.460769370999998)",Unfall 40420 (2016) Kat:2, Licht: 0,40420,2,6,2,10,12,2,,0,0,1,0,0,0,0
"POINT (8.551000711000000 49.491703186000002)",Unfall 40449 (2016) Kat:2, Licht: 0,40449,2,6,2,10,13,7,,0,0,1,0,0,0,0
"POINT (8.455818623000001 49.491569978999998)",Unfall 40460 (2016) Kat:2, Licht: 0,40460,2,1,9,10,14,1,,0,0,0,0,1,0,0
"POINT (8.488861908000001 49.462896690000001)",Unfall 40503 (2016) Kat:2, Licht: 2,40503,2,5,1,11,19,4,,2,1,1,0,0,0,0
"POINT (8.560620883000000 49.502779255999997)",Unfall 40523 (2016) Kat:2, Licht: 0,40523,2,6,3,10,11,2,,0,0,1,0,0,0,1
"POINT (8.567591606000001 49.434778727000001)",Unfall 40598 (2016) Kat:3, Licht: 0,40598,3,3,5,10,11,1,,0,1,1,0,0,0,0
"POINT (8.444815639000000 49.559819910999998)",Unfall 40626 (2016) Kat:3, Licht: 0,40626,3,6,1,10,12,2,,0,0,1,0,1,0,0
"POINT (8.523333708999999 49.439095879000000)",Unfall 40691 (2016) Kat:2, Licht: 2,40691,2,3,5,10,18,2,,2,0,1,1,0,0,0
"POINT (8.519864007000001 49.467427233999999)",Unfall 40701 (2016) Kat:3, Licht: 0,40701,3,6,2,11,11,4,,0,0,1,0,0,0,0
"POINT (8.458568950000000 49.491560731000000)",Unfall 40706 (2016) Kat:2, Licht: 2,40706,2,1,9,11,03,4,,2,0,1,0,0,0,0
"POINT (8.532203114000000 49.463542978000000)",Unfall 40721 (2016) Kat:3, Licht: 0,40721,3,6,3,10,09,2,,0,0,1,0,0,1,0
"POINT (8.576215376000000 49.446827566000003)",Unfall 40762 (2016) Kat:2, Licht: 1,40762,2,1,9,11,06,4,,1,0,1,0,0,0,0
"POINT (8.470886582000000 49.481271849999999)",Unfall 40811 (2016) Kat:3, Licht: 0,40811,3,6,3,11,08,3,,0,0,1,0,0,1,0
"POINT (8.492363633000000 49.490172706999999)",Unfall 40892 (2016) Kat:2, Licht: 0,40892,2,6,2,11,11,3,,0,0,1,0,1,0,0
"POINT (8.571231524000000 49.450895166999999)",Unfall 40896 (2016) Kat:3, Licht: 0,40896,3,6,1,11,09,5,,0,0,1,0,0,0,0
"POINT (8.559958054000001 49.453587114000001)",Unfall 40975 (2016) Kat:3, Licht: 2,40975,3,6,2,11,17,6,,2,0,1,0,0,0,0
"POINT (8.540277272999999 49.468078919000000)",Unfall 41000 (2016) Kat:3, Licht: 2,41000,3,6,2,11,19,5,,2,0,1,0,0,0,0
"POINT (8.513847242000001 49.462147262000002)",Unfall 41050 (2016) Kat:3, Licht: 0,41050,3,1,0,11,08,3,,0,0,1,0,0,1,0
"POINT (8.543862976000000 49.478072976999997)",Unfall 41186 (2016) Kat:2, Licht: 0,41186,2,6,3,11,11,6,,0,0,1,0,0,0,0
"POINT (8.545805630000000 49.482345445999997)",Unfall 41195 (2016) Kat:3, Licht: 2,41195,3,6,3,11,20,3,,2,0,1,0,0,1,0
"POINT (8.459764713000000 49.492837360000003)",Unfall 41200 (2016) Kat:3, Licht: 0,41200,3,6,1,11,10,6,,0,0,1,0,0,0,0
"POINT (8.521622447000000 49.515136407999996)",Unfall 41291 (2016) Kat:3, Licht: 0,41291,3,6,1,11,08,2,,0,0,1,0,0,0,0
"POINT (8.448370812000000 49.553451019999997)",Unfall 41297 (2016) Kat:3, Licht: 2,41297,3,6,2,11,17,4,,2,0,1,0,0,0,1
"POINT (8.525887448000001 49.435261201000003)",Unfall 41300 (2016) Kat:3, Licht: 1,41300,3,2,4,11,07,7,,1,0,1,0,1,0,0
"POINT (8.519649491999999 49.467428374000001)",Unfall 41447 (2016) Kat:3, Licht: 0,41447,3,3,5,11,13,2,,0,0,1,0,0,0,0
"POINT (8.503454664000000 49.473373129999999)",Unfall 41450 (2016) Kat:3, Licht: 2,41450,3,6,2,11,17,5,,2,0,1,0,0,0,0
"POINT (8.519663752000000 49.467426402999997)",Unfall 41456 (2016) Kat:3, Licht: 1,41456,3,6,2,11,06,3,,1,0,1,0,0,0,0
"POINT (8.569199564000000 49.448809955000002)",Unfall 41651 (2016) Kat:2, Licht: 1,41651,2,6,2,11,07,4,,1,0,1,0,0,0,0
"POINT (8.518317861000000 49.467544422000003)",Unfall 41657 (2016) Kat:3, Licht: 2,41657,3,6,2,11,18,7,,2,0,1,0,0,0,0
"POINT (8.482552125000000 49.473902299000002)",Unfall 41669 (2016) Kat:3, Licht: 2,41669,3,2,4,11,20,4,,2,0,1,0,0,0,0
"POINT (8.462482723999999 49.484693229000001)",Unfall 41682 (2016) Kat:3, Licht: 2,41682,3,6,3,11,19,7,,2,1,1,0,0,0,0
"POINT (8.515784056999999 49.464269766000001)",Unfall 41704 (2016) Kat:3, Licht: 2,41704,3,6,1,11,17,1,,2,0,1,0,0,0,0
"POINT (8.524892261000000 49.436555239000000)",Unfall 41710 (2016) Kat:3, Licht: 2,41710,3,4,6,11,18,3,,2,0,1,1,0,0,0
"POINT (8.465076326000000 49.540208081000003)",Unfall 41857 (2016) Kat:3, Licht: 2,41857,3,3,5,11,00,4,,2,1,0,0,0,0,1
"POINT (8.546583662000000 49.514611090999999)",Unfall 41866 (2016) Kat:3, Licht: 0,41866,3,6,2,11,09,7,,0,0,1,0,0,0,0
"POINT (8.516021877000000 49.464549617000003)",Unfall 41977 (2016) Kat:3, Licht: 2,41977,3,6,2,11,17,1,,2,0,1,0,0,0,0
"POINT (8.460142369000000 49.503402631999997)",Unfall 42078 (2016) Kat:3, Licht: 2,42078,3,6,2,11,18,3,,2,0,1,0,0,0,0
"POINT (8.460645172000000 49.494055406000001)",Unfall 42133 (2016) Kat:3, Licht: 2,42133,3,4,6,12,22,5,,2,0,1,1,0,0,0
"POINT (8.500146925999999 49.474328896000003)",Unfall 42229 (2016) Kat:3, Licht: 0,42229,3,2,5,11,11,4,,0,0,1,0,0,0,1
"POINT (8.486879991000000 49.496389651999998)",Unfall 42257 (2016) Kat:2, Licht: 0,42257,2,3,5,11,14,3,,0,1,0,0,0,0,1
"POINT (8.457319275000000 49.491507315000000)",Unfall 42259 (2016) Kat:3, Licht: 2,42259,3,6,2,12,17,2,,2,0,1,0,1,0,0
"POINT (8.489940170000001 49.461580466999997)",Unfall 42272 (2016) Kat:3, Licht: 0,42272,3,6,6,12,15,7,,0,0,1,1,0,0,0
"POINT (8.539914636000001 49.467200347999999)",Unfall 42274 (2016) Kat:3, Licht: 0,42274,3,6,2,12,09,2,,0,0,1,0,0,0,0
"POINT (8.560268817000001 49.518641815000002)",Unfall 42406 (2016) Kat:2, Licht: 0,42406,2,6,2,11,15,4,,0,0,1,0,0,0,0
"POINT (8.560298128000000 49.513497041999997)",Unfall 42412 (2016) Kat:3, Licht: 2,42412,3,6,3,11,21,3,,2,0,1,0,0,0,0
"POINT (8.475875116999999 49.486972498000000)",Unfall 42416 (2016) Kat:3, Licht: 2,42416,3,6,2,12,20,6,,2,0,1,0,0,0,0
"POINT (8.488190152000000 49.497594718000002)",Unfall 42462 (2016) Kat:2, Licht: 2,42462,2,3,5,11,17,3,,2,1,1,0,0,0,0
"POINT (8.485140106999999 49.494183999999997)",Unfall 42475 (2016) Kat:3, Licht: 2,42475,3,1,8,12,00,7,,2,0,1,0,0,0,0
"POINT (8.474276425999999 49.483909570999998)",Unfall 42614 (2016) Kat:3, Licht: 2,42614,3,1,8,12,00,6,,2,0,1,0,0,0,0
"POINT (8.457130272000001 49.545137048999997)",Unfall 42625 (2016) Kat:3, Licht: 2,42625,3,3,5,12,06,1,,2,0,1,0,0,0,0
"POINT (8.457022203999999 49.481516102000001)",Unfall 42647 (2016) Kat:3, Licht: 1,42647,3,6,3,12,16,2,,1,0,1,0,0,1,0
"POINT (8.476440163000000 49.516688553000002)",Unfall 42698 (2016) Kat:2, Licht: 2,42698,2,3,5,12,19,3,,2,0,1,0,0,0,0
"POINT (8.484897449000000 49.494382784000003)",Unfall 42802 (2016) Kat:3, Licht: 0,42802,3,5,1,12,15,3,,0,1,1,0,0,0,0
"POINT (8.522712415000001 49.473152419999998)",Unfall 42803 (2016) Kat:3, Licht: 2,42803,3,6,2,12,00,6,,2,0,1,0,0,1,0
"POINT (8.518639260000001 49.467900843000002)",Unfall 42916 (2016) Kat:3, Licht: 2,42916,3,6,2,12,07,3,,2,0,1,0,0,0,0
"POINT (8.532010213000000 49.427366161999998)",Unfall 43003 (2016) Kat:3, Licht: 2,43003,3,4,6,12,19,7,,2,0,1,1,0,0,0
"POINT (8.479537322000001 49.554338344999998)",Unfall 43136 (2016) Kat:3, Licht: 2,43136,3,6,2,12,18,5,,2,0,1,0,0,0,0
"POINT (8.470457238000000 49.510848330000002)",Unfall 43198 (2016) Kat:3, Licht: 1,43198,3,6,1,12,18,5,,1,0,1,0,0,0,0
"POINT (8.564155301000000 49.466363233000003)",Unfall 43290 (2016) Kat:2, Licht: 2,43290,2,2,5,12,18,2,,2,0,1,0,0,0,0
"POINT (8.521106248000001 49.482547521999997)",Unfall 43327 (2016) Kat:3, Licht: 2,43327,3,1,8,12,06,6,,2,0,1,0,0,0,0
"POINT (8.562425085999999 49.452672966999998)",Unfall 43330 (2016) Kat:3, Licht: 2,43330,3,6,2,12,20,1,,2,0,1,0,0,0,0
"POINT (8.473726983000001 49.483720065000000)",Unfall 43367 (2016) Kat:3, Licht: 1,43367,3,6,1,12,18,7,,1,0,1,0,0,0,0
"POINT (8.448006191999999 49.581413284000000)",Unfall 43375 (2016) Kat:3, Licht: 0,43375,3,3,5,12,13,1,,0,0,1,0,1,0,0
"POINT (8.515139168999999 49.463511564999997)",Unfall 43427 (2016) Kat:3, Licht: 2,43427,3,6,2,12,22,6,,2,0,1,0,0,0,0
"POINT (8.463061960999999 49.484454079999999)",Unfall 43458 (2016) Kat:3, Licht: 2,43458,3,3,5,12,20,5,,2,0,1,0,0,0,0
"POINT (8.456710095000000 49.481369180000002)",Unfall 43473 (2016) Kat:3, Licht: 0,43473,3,6,3,12,13,4,,0,0,1,0,0,1,0
"POINT (8.500154863000001 49.474325767000003)",Unfall 43502 (2016) Kat:3, Licht: 0,43502,3,2,5,12,08,5,,0,0,1,0,0,0,0
"POINT (8.558897368000000 49.498359514999997)",Unfall 43551 (2016) Kat:3, Licht: 0,43551,3,6,3,12,16,7,,0,0,1,0,0,0,0
"POINT (8.505610443000000 49.506828800000001)",Unfall 43562 (2016) Kat:3, Licht: 2,43562,3,3,5,12,17,6,,2,0,1,0,0,0,0
"POINT (8.488000603000000 49.497589671000000)",Unfall 43576 (2016) Kat:3, Licht: 1,43576,3,3,5,12,19,1,,1,1,1,0,0,0,0
"POINT (8.487026185000000 49.496502655999997)",Unfall 43578 (2016) Kat:3, Licht: 2,43578,3,7,0,12,20,5,,2,0,0,0,0,0,1
"POINT (8.499226121000000 49.489638794999998)",Unfall 43584 (2016) Kat:3, Licht: 0,43584,3,6,1,12,11,6,,0,0,1,0,0,0,0
"POINT (8.472469652999999 49.480600836000001)",Unfall 43622 (2016) Kat:3, Licht: 2,43622,3,2,5,12,18,7,,2,1,0,0,0,0,1
"POINT (8.488097074000001 49.463630451999997)",Unfall 43670 (2016) Kat:2, Licht: 0,43670,2,2,6,12,12,7,,0,0,1,1,0,0,0
"POINT (8.467332396000000 49.482779379000000)",Unfall 43684 (2016) Kat:3, Licht: 2,43684,3,2,5,12,16,4,,2,0,1,0,0,0,0
"POINT (8.465796787000000 49.499934375000002)",Unfall 108991 (2016) Kat:3, Licht: 2,108991,3,7,6,01,00,6,,2,0,1,1,0,0,0
"POINT (8.512159264999999 49.507931401000000)",Unfall 109042 (2016) Kat:2, Licht: 0,109042,2,3,5,01,11,3,,0,0,1,0,0,0,1
"POINT (8.465866652000001 49.498604778000001)",Unfall 109043 (2016) Kat:3, Licht: 0,109043,3,6,1,01,15,7,,0,0,1,0,0,0,0
"POINT (8.511681450999999 49.517346443000001)",Unfall 109245 (2016) Kat:3, Licht: 0,109245,3,7,6,01,12,2,,0,0,1,1,0,0,0
"POINT (8.487893600000000 49.479479306000002)",Unfall 109280 (2016) Kat:3, Licht: 0,109280,3,3,5,01,13,2,,0,0,1,0,1,0,0
"POINT (8.491465239000000 49.477688078000000)",Unfall 109287 (2016) Kat:3, Licht: 0,109287,3,2,5,01,11,1,,0,0,1,0,0,0,0
"POINT (8.487601663000000 49.458049266000003)",Unfall 109293 (2016) Kat:2, Licht: 1,109293,2,4,6,01,16,5,,1,1,0,1,0,0,0
"POINT (8.465753762000000 49.490836074000001)",Unfall 109297 (2016) Kat:3, Licht: 1,109297,3,2,6,01,18,5,,1,0,1,1,0,0,0
"POINT (8.463711210000000 49.487685610000000)",Unfall 109325 (2016) Kat:3, Licht: 0,109325,3,1,1,01,14,5,,0,0,1,0,0,0,0
"POINT (8.456514235000000 49.491589973000004)",Unfall 109328 (2016) Kat:3, Licht: 0,109328,3,3,5,01,11,7,,0,0,1,0,0,0,0
"POINT (8.510060713000000 49.454227232999997)",Unfall 109336 (2016) Kat:3, Licht: 0,109336,3,6,2,01,11,5,,0,0,1,0,0,0,0
"POINT (8.514254351000000 49.450381751000002)",Unfall 109345 (2016) Kat:3, Licht: 0,109345,3,2,5,01,12,2,,0,0,1,0,0,1,0
"POINT (8.465049065000001 49.488987856999998)",Unfall 109395 (2016) Kat:2, Licht: 2,109395,2,3,5,01,18,5,,2,0,1,0,1,0,0
"POINT (8.531305960999999 49.479993108999999)",Unfall 109398 (2016) Kat:3, Licht: 0,109398,3,6,1,01,08,2,,0,0,1,0,0,0,0
"POINT (8.476654496000000 49.480479183000000)",Unfall 109429 (2016) Kat:3, Licht: 0,109429,3,3,5,01,11,7,,0,1,1,0,0,0,0
"POINT (8.494766587000001 49.449302418999999)",Unfall 109430 (2016) Kat:3, Licht: 0,109430,3,3,5,01,16,6,,0,1,1,0,0,0,0
"POINT (8.468169626000000 49.497158325999997)",Unfall 109433 (2016) Kat:3, Licht: 0,109433,3,3,5,01,08,2,,0,0,1,0,1,0,0
"POINT (8.474992639000000 49.480573413000002)",Unfall 109438 (2016) Kat:3, Licht: 0,109438,3,3,5,01,08,1,,0,0,1,0,0,0,0
"POINT (8.556573811000000 49.511528859000002)",Unfall 109488 (2016) Kat:3, Licht: 0,109488,3,3,5,01,15,2,,0,1,1,0,0,0,0
"POINT (8.464279963999999 49.489389973000002)",Unfall 109507 (2016) Kat:3, Licht: 0,109507,3,4,6,01,12,2,,0,1,0,1,0,0,0
"POINT (8.559067533000000 49.436735988999999)",Unfall 109512 (2016) Kat:2, Licht: 0,109512,2,1,9,01,07,7,,0,0,0,0,0,0,1
"POINT (8.549286007999999 49.489803700000003)",Unfall 109522 (2016) Kat:3, Licht: 2,109522,3,3,5,01,17,1,,2,0,1,0,0,0,0
"POINT (8.493727970000000 49.500774569999997)",Unfall 109528 (2016) Kat:3, Licht: 0,109528,3,6,4,01,09,3,,0,0,1,0,0,1,0
"POINT (8.498877026000001 49.453762288999997)",Unfall 109545 (2016) Kat:3, Licht: 0,109545,3,3,5,01,15,4,,0,1,1,0,0,0,0
"POINT (8.524677966000001 49.510222063000001)",Unfall 109561 (2016) Kat:3, Licht: 0,109561,3,2,4,01,13,5,,0,0,1,0,0,0,1
"POINT (8.479545071000000 49.544552385999999)",Unfall 109625 (2016) Kat:3, Licht: 2,109625,3,4,6,01,17,1,,2,0,1,1,0,0,0
"POINT (8.541041489000000 49.487520760000002)",Unfall 109634 (2016) Kat:3, Licht: 2,109634,3,2,4,01,23,3,,2,0,1,0,0,0,0
"POINT (8.483780822000000 49.497249420999999)",Unfall 109642 (2016) Kat:3, Licht: 2,109642,3,2,4,01,06,2,,2,1,1,0,0,0,0
"POINT (8.469426910999999 49.491250786000002)",Unfall 109653 (2016) Kat:2, Licht: 0,109653,2,7,6,01,09,6,,0,0,0,1,0,0,1
"POINT (8.514246816000000 49.509129021000000)",Unfall 109664 (2016) Kat:2, Licht: 0,109664,2,4,6,01,15,2,,0,0,1,1,0,0,0
"POINT (8.449586764999999 49.540687918000003)",Unfall 109689 (2016) Kat:2, Licht: 0,109689,2,3,5,01,13,3,,0,0,1,0,0,0,1
"POINT (8.520547620000000 49.494720915000002)",Unfall 109701 (2016) Kat:2, Licht: 2,109701,2,2,5,01,19,4,,2,0,1,0,0,0,0
"POINT (8.503555508000000 49.492811467000003)",Unfall 109742 (2016) Kat:3, Licht: 1,109742,3,6,2,01,18,3,,1,0,1,0,0,0,0
"POINT (8.476609963000000 49.480517194000001)",Unfall 109765 (2016) Kat:3, Licht: 0,109765,3,3,5,02,11,2,,0,0,1,0,0,0,0
"POINT (8.497334112000001 49.450488952000001)",Unfall 109771 (2016) Kat:3, Licht: 0,109771,3,3,5,01,12,3,,0,0,1,0,0,0,0
"POINT (8.510733902000000 49.507158578999999)",Unfall 109780 (2016) Kat:3, Licht: 0,109780,3,7,1,01,10,3,,0,0,0,0,1,0,1
"POINT (8.472124693000000 49.469555917000001)",Unfall 109784 (2016) Kat:3, Licht: 0,109784,3,6,2,02,16,3,,0,0,1,0,0,0,0
"POINT (8.488485992999999 49.484026526000001)",Unfall 109824 (2016) Kat:3, Licht: 0,109824,3,6,2,02,12,3,,0,0,1,0,0,0,0
"POINT (8.487006922999999 49.474720771999998)",Unfall 109849 (2016) Kat:2, Licht: 0,109849,2,5,5,01,15,6,,0,1,1,0,0,0,0
"POINT (8.472846795000001 49.492463379999997)",Unfall 109874 (2016) Kat:3, Licht: 0,109874,3,3,5,02,11,3,,0,0,1,0,0,0,0
"POINT (8.490124549000001 49.478300075999996)",Unfall 109918 (2016) Kat:3, Licht: 0,109918,3,4,6,02,12,2,,0,0,1,1,0,0,0
"POINT (8.465747744000000 49.490838427000000)",Unfall 109940 (2016) Kat:3, Licht: 0,109940,3,3,5,01,15,4,,0,1,1,0,0,0,0
"POINT (8.473558431000001 49.491928500000000)",Unfall 109942 (2016) Kat:3, Licht: 0,109942,3,3,5,02,10,3,,0,1,1,0,0,0,0
"POINT (8.457652841000000 49.490015342000000)",Unfall 109949 (2016) Kat:3, Licht: 0,109949,3,1,1,01,13,4,,0,0,1,0,0,0,0
"POINT (8.473447375999999 49.495387414000000)",Unfall 109978 (2016) Kat:3, Licht: 2,109978,3,3,5,02,19,3,,2,0,1,0,0,0,0
"POINT (8.457904640000001 49.489926898000000)",Unfall 109994 (2016) Kat:3, Licht: 0,109994,3,5,1,01,13,5,,0,0,1,0,0,0,1
"POINT (8.506784450000000 49.518143385000002)",Unfall 110001 (2016) Kat:2, Licht: 0,110001,2,5,1,02,11,6,,0,1,1,0,0,0,0
"POINT (8.473339615000000 49.492489390000003)",Unfall 110005 (2016) Kat:3, Licht: 0,110005,3,6,2,02,16,7,,0,0,1,0,0,0,0
"POINT (8.496561731000000 49.499572743000002)",Unfall 110006 (2016) Kat:3, Licht: 0,110006,3,5,5,02,13,6,,0,1,1,0,0,0,0
"POINT (8.467049304000000 49.504276310000002)",Unfall 110009 (2016) Kat:3, Licht: 0,110009,3,3,5,02,15,5,,0,0,1,0,0,0,0
"POINT (8.514253879000000 49.450382865999998)",Unfall 110012 (2016) Kat:3, Licht: 0,110012,3,2,5,02,13,5,,0,0,1,0,0,0,0
"POINT (8.511499638000000 49.498018401000003)",Unfall 110013 (2016) Kat:3, Licht: 2,110013,3,6,1,02,18,5,,2,0,1,0,0,0,1
"POINT (8.462876203000000 49.518555481999996)",Unfall 110041 (2016) Kat:3, Licht: 0,110041,3,6,1,02,14,5,,0,0,1,0,0,0,0
"POINT (8.490957771000000 49.506123090000003)",Unfall 110049 (2016) Kat:2, Licht: 0,110049,2,4,6,02,17,4,,0,0,1,1,0,0,0
"POINT (8.510103350000000 49.516958146000000)",Unfall 110099 (2016) Kat:3, Licht: 2,110099,3,3,5,02,01,7,,2,0,1,0,0,0,0
"POINT (8.476134118999999 49.518030506999999)",Unfall 110110 (2016) Kat:3, Licht: 2,110110,3,3,5,02,20,7,,2,0,1,0,0,0,0
"POINT (8.476675343000000 49.499668235999998)",Unfall 110146 (2016) Kat:3, Licht: 0,110146,3,3,5,02,12,5,,0,0,1,0,0,0,0
"POINT (8.496098213000000 49.509774008000001)",Unfall 110152 (2016) Kat:3, Licht: 0,110152,3,2,2,02,16,2,,0,0,1,0,0,1,0
"POINT (8.581549881999999 49.438019687000001)",Unfall 110157 (2016) Kat:3, Licht: 0,110157,3,3,5,02,11,7,,0,1,1,0,0,0,0
"POINT (8.489358609000000 49.460499243000001)",Unfall 110282 (2016) Kat:3, Licht: 0,110282,3,3,5,02,15,4,,0,1,1,0,0,0,0
"POINT (8.522710844000001 49.440572355000000)",Unfall 110292 (2016) Kat:2, Licht: 2,110292,2,7,5,02,19,4,,2,0,1,0,1,0,0
"POINT (8.466754354000001 49.487543543999998)",Unfall 110302 (2016) Kat:3, Licht: 0,110302,3,4,6,02,15,4,,0,0,0,1,0,0,1
"POINT (8.486507537000000 49.513201836999997)",Unfall 110312 (2016) Kat:3, Licht: 0,110312,3,6,1,02,10,7,,0,0,1,0,0,0,0
"POINT (8.453610987999999 49.491642988000002)",Unfall 110318 (2016) Kat:3, Licht: 0,110318,3,3,5,02,12,7,,0,0,1,0,1,0,0
"POINT (8.467474596000001 49.487262268999999)",Unfall 110354 (2016) Kat:3, Licht: 0,110354,3,4,6,02,13,6,,0,0,0,1,0,0,1
"POINT (8.473558431000001 49.491928500000000)",Unfall 110357 (2016) Kat:3, Licht: 0,110357,3,3,5,02,13,1,,0,1,1,0,0,0,0
"POINT (8.468941345999999 49.528595107999998)",Unfall 110358 (2016) Kat:2, Licht: 0,110358,2,4,6,02,17,3,,0,0,1,1,0,0,0
"POINT (8.467501315000000 49.500741968000000)",Unfall 110375 (2016) Kat:3, Licht: 0,110375,3,3,5,02,11,2,,0,0,1,0,0,0,0
"POINT (8.497099509000000 49.531554921999998)",Unfall 110383 (2016) Kat:3, Licht: 0,110383,3,3,5,02,08,2,,0,0,1,0,1,0,0
"POINT (8.490590232000001 49.464643821999999)",Unfall 110390 (2016) Kat:3, Licht: 0,110390,3,6,3,02,17,2,,0,0,1,0,1,0,0
"POINT (8.489200149000000 49.495635022999998)",Unfall 110553 (2016) Kat:3, Licht: 0,110553,3,5,5,02,14,7,,0,0,1,0,0,0,0
"POINT (8.491459317000000 49.477690250999999)",Unfall 110569 (2016) Kat:3, Licht: 2,110569,3,2,5,02,18,1,,2,0,1,0,0,0,0
"POINT (8.472841884999999 49.478250387999999)",Unfall 110572 (2016) Kat:3, Licht: 0,110572,3,7,5,02,13,6,,0,0,1,0,0,0,0
"POINT (8.462123630000001 49.485890253999997)",Unfall 110593 (2016) Kat:3, Licht: 1,110593,3,3,5,03,19,6,,1,0,1,0,0,0,0
"POINT (8.511582354000000 49.461607317999999)",Unfall 110611 (2016) Kat:3, Licht: 0,110611,3,6,1,03,16,6,,0,0,1,0,0,0,0
"POINT (8.478158411000001 49.486840047000001)",Unfall 110628 (2016) Kat:3, Licht: 0,110628,3,3,5,03,17,5,,0,1,1,0,0,0,0
"POINT (8.472795053000001 49.492355721000003)",Unfall 110642 (2016) Kat:3, Licht: 0,110642,3,6,1,03,15,5,,0,0,1,0,0,0,0
"POINT (8.482174327999999 49.512396443999997)",Unfall 110688 (2016) Kat:3, Licht: 0,110688,3,3,5,03,14,3,,0,1,1,0,0,0,0
"POINT (8.463013782999999 49.488015693999998)",Unfall 110702 (2016) Kat:3, Licht: 2,110702,3,3,5,03,22,3,,2,0,1,0,0,0,0
"POINT (8.540069800000000 49.486098966000000)",Unfall 110705 (2016) Kat:3, Licht: 0,110705,3,3,5,03,07,6,,0,1,1,0,0,0,0
"POINT (8.507406653000000 49.510621211999997)",Unfall 110737 (2016) Kat:3, Licht: 2,110737,3,3,5,03,05,4,,2,0,1,0,0,0,0
"POINT (8.483367850000001 49.481188592000002)",Unfall 110770 (2016) Kat:3, Licht: 0,110770,3,7,6,02,17,5,,0,1,0,1,0,0,0
"POINT (8.491343499999999 49.480535582000002)",Unfall 110794 (2016) Kat:3, Licht: 0,110794,3,3,5,03,09,2,,0,1,1,0,0,0,0
"POINT (8.473478668000000 49.481752815999997)",Unfall 110805 (2016) Kat:3, Licht: 0,110805,3,3,5,03,16,4,,0,1,1,0,0,0,0
"POINT (8.503842772000001 49.457223687999999)",Unfall 110807 (2016) Kat:3, Licht: 0,110807,3,5,5,03,16,4,,0,0,1,0,1,0,0
"POINT (8.469842733000000 49.482884208000002)",Unfall 110810 (2016) Kat:2, Licht: 1,110810,2,3,5,03,06,4,,1,0,1,0,0,0,0
"POINT (8.500766113999999 49.530331443999998)",Unfall 110826 (2016) Kat:3, Licht: 0,110826,3,3,5,03,16,3,,0,0,1,0,0,0,0
"POINT (8.459707375000001 49.490170089000003)",Unfall 110834 (2016) Kat:2, Licht: 0,110834,2,7,5,03,13,2,,0,1,1,0,0,0,0
"POINT (8.463770943000000 49.487610846000003)",Unfall 110899 (2016) Kat:3, Licht: 2,110899,3,3,5,03,00,1,,2,0,1,0,0,0,0
"POINT (8.465953566000000 49.491190002000003)",Unfall 111005 (2016) Kat:3, Licht: 0,111005,3,3,5,03,17,7,,0,1,1,0,0,0,0
"POINT (8.504281663000000 49.501712533999999)",Unfall 111020 (2016) Kat:3, Licht: 0,111020,3,3,5,03,14,2,,0,1,1,0,0,0,0
"POINT (8.467013779000000 49.510722868999999)",Unfall 111022 (2016) Kat:3, Licht: 2,111022,3,3,5,03,23,5,,2,0,1,0,0,0,1
"POINT (8.487849995000000 49.495573696999998)",Unfall 111030 (2016) Kat:3, Licht: 2,111030,3,5,1,03,20,2,,2,1,1,0,0,0,0
"POINT (8.489060392000001 49.460404220000001)",Unfall 111032 (2016) Kat:3, Licht: 0,111032,3,4,6,03,16,2,,0,0,1,1,0,0,0
"POINT (8.467155359000000 49.498215006000002)",Unfall 111045 (2016) Kat:3, Licht: 0,111045,3,7,1,03,11,2,,0,0,1,0,1,0,0
"POINT (8.487985472000000 49.527121532000002)",Unfall 111047 (2016) Kat:3, Licht: 1,111047,3,6,1,03,18,3,,1,0,1,0,0,0,0
"POINT (8.557734341000000 49.436410864000003)",Unfall 111050 (2016) Kat:3, Licht: 0,111050,3,7,9,03,07,3,,0,0,0,0,1,0,0
"POINT (8.458330697999999 49.545791913999999)",Unfall 111055 (2016) Kat:3, Licht: 2,111055,3,3,5,03,20,4,,2,1,1,0,0,0,0
"POINT (8.495381518000000 49.451755396000003)",Unfall 111122 (2016) Kat:3, Licht: 0,111122,3,3,5,03,16,4,,0,1,1,0,0,0,0
"POINT (8.484289664000000 49.455992631000001)",Unfall 111157 (2016) Kat:3, Licht: 0,111157,3,3,5,03,15,5,,0,0,1,0,0,0,0
"POINT (8.471871121000000 49.508340052000001)",Unfall 111197 (2016) Kat:2, Licht: 0,111197,2,3,5,03,17,6,,0,0,1,0,1,0,0
"POINT (8.474009145000000 49.516308613000000)",Unfall 111246 (2016) Kat:3, Licht: 1,111246,3,3,5,03,19,2,,1,1,1,0,0,0,0