WKT,Name,OBJECTID,UKATEGORIE,UTYP1,UART,UMONAT,USTUNDE,UWOCHENTAG,STRZUSTAND,ULICHTVERH,ISTRAD,ISTPKW,ISTFUSS,ISTKRAD,ISTGKFZ,ISTSONSTIG
"POINT (8.477596997999999 49.552179774000003)",Unfall 122214 (2016) Kat:3, Licht: 0,122214,3,5,1,12,14,6,,0,1,1,0,0,0,0
"POINT (8.475411898999999 49.486028494000003)",Unfall 122219 (2016) Kat:3, Licht: 2,122219,3,6,2,12,21,5,,2,0,1,0,0,0,0
"POINT (8.470056517000000 49.504604317000002)",Unfall 122221 (2016) Kat:3, Licht: 0,122221,3,2,5,12,16,6,,0,0,1,0,0,0,1
"POINT (8.460599310000021 49.500259091000032)",Unfall 39230 (2017) Kat:1, Licht: 2,39230,1,6,4,01,02,2,1,2,0,1,0,0,,1
"POINT (8.499054274000059 49.554744705000076)",Unfall 39321 (2017) Kat:3, Licht: 0,39321,3,6,3,01,08,1,0,0,0,1,0,0,,1
"POINT (8.560361288000024 49.516433514000028)",Unfall 39322 (2017) Kat:1, Licht: 0,39322,1,1,9,01,12,1,1,0,0,1,0,0,,0
"POINT (8.457442554000068 49.481713975000048)",Unfall 39863 (2017) Kat:3, Licht: 0,39863,3,6,3,01,14,2,1,0,0,1,0,0,,1
"POINT (8.536778528000070 49.515046663000078)",Unfall 39943 (2017) Kat:3, Licht: 0,39943,3,6,3,01,14,7,0,0,0,1,0,0,,0
"POINT (8.518665699000053 49.467929949000052)",Unfall 39960 (2017) Kat:2, Licht: 2,39960,2,6,3,01,18,3,0,2,0,1,0,0,,0
"POINT (8.542406221000022 49.473742622000032)",Unfall 40031 (2017) Kat:3, Licht: 2,40031,3,6,2,01,17,4,1,2,0,1,0,0,,0
"POINT (8.546148209000023 49.514935123000043)",Unfall 40117 (2017) Kat:3, Licht: 2,40117,3,6,1,01,17,1,1,2,0,1,0,0,,0
"POINT (8.528013834000035 49.444671614000072)",Unfall 40180 (2017) Kat:1, Licht: 2,40180,1,4,6,01,21,7,1,2,0,1,1,0,,0
"POINT (8.491222833000052 49.490156709000075)",Unfall 40181 (2017) Kat:3, Licht: 0,40181,3,1,8,01,08,7,1,0,0,1,0,0,,0
"POINT (8.495129910000060 49.476216230000034)",Unfall 40234 (2017) Kat:3, Licht: 0,40234,3,6,2,01,14,6,0,0,0,1,0,0,,0
"POINT (8.531202894000046 49.479854086000046)",Unfall 40276 (2017) Kat:2, Licht: 1,40276,2,3,5,01,07,5,0,1,0,1,0,0,,0
"POINT (8.467751123000028 49.508909205000066)",Unfall 40333 (2017) Kat:3, Licht: 0,40333,3,6,1,01,14,7,0,0,0,1,0,0,,1
"POINT (8.493512365000072 49.457550942000069)",Unfall 40334 (2017) Kat:3, Licht: 0,40334,3,6,2,01,12,7,0,0,0,1,0,0,,0
"POINT (8.471529668000073 49.512130827000078)",Unfall 40458 (2017) Kat:3, Licht: 2,40458,3,2,2,01,17,6,0,2,0,1,0,0,,0
"POINT (8.492027566000047 49.477469326000062)",Unfall 40650 (2017) Kat:3, Licht: 0,40650,3,1,0,01,15,1,0,0,0,0,0,1,,0
"POINT (8.469760438000037 49.510348228000055)",Unfall 40742 (2017) Kat:2, Licht: 2,40742,2,6,3,01,20,6,0,2,0,1,0,0,,1
"POINT (8.473878771000045 49.535463852000078)",Unfall 40743 (2017) Kat:3, Licht: 2,40743,3,6,2,01,18,6,0,2,0,1,0,0,,0
"POINT (8.476588798000023 49.516796274000058)",Unfall 40799 (2017) Kat:2, Licht: 2,40799,2,3,5,01,18,5,0,2,0,1,0,0,,0
"POINT (8.571763237000027 49.451506909000045)",Unfall 40848 (2017) Kat:3, Licht: 0,40848,3,3,5,01,10,4,0,0,0,1,0,0,,0
"POINT (8.560565963000045 49.453361951000034)",Unfall 40911 (2017) Kat:3, Licht: 0,40911,3,1,9,01,08,3,1,0,0,1,0,0,,1
"POINT (8.497776316000056 49.503095255000062)",Unfall 41090 (2017) Kat:3, Licht: 0,41090,3,6,2,02,07,3,0,0,0,1,0,0,,0
"POINT (8.449683378000032 49.585358988000053)",Unfall 41226 (2017) Kat:3, Licht: 2,41226,3,1,8,02,19,5,0,2,0,1,0,0,,0
"POINT (8.483777714000041 49.469772263000038)",Unfall 41227 (2017) Kat:3, Licht: 0,41227,3,6,2,02,14,5,0,0,0,1,0,0,,1
"POINT (8.513629223000066 49.517806978000067)",Unfall 41228 (2017) Kat:2, Licht: 0,41228,2,6,2,02,16,5,0,0,0,1,0,0,,1
"POINT (8.559955650000063 49.453588004000039)",Unfall 41276 (2017) Kat:3, Licht: 1,41276,3,6,2,02,17,4,0,1,0,1,0,0,,0
"POINT (8.560699836000026 49.508986528000037)",Unfall 41321 (2017) Kat:2, Licht: 0,41321,2,1,8,02,12,2,0,0,0,1,0,0,,1
"POINT (8.457158350000043 49.545119407000072)",Unfall 41345 (2017) Kat:3, Licht: 2,41345,3,6,2,01,21,3,0,2,0,1,0,0,,1
"POINT (8.544535678000045 49.482917072000077)",Unfall 41346 (2017) Kat:3, Licht: 0,41346,3,2,2,01,13,3,0,0,0,1,0,0,,0
"POINT (8.468340306000073 49.478536029000054)",Unfall 41386 (2017) Kat:3, Licht: 2,41386,3,6,2,02,18,2,0,2,0,1,0,0,,1
"POINT (8.495566461000067 49.453180623000037)",Unfall 41399 (2017) Kat:3, Licht: 2,41399,3,4,6,01,18,2,1,2,0,1,1,0,,0
"POINT (8.465759107000054 49.483383780000054)",Unfall 41502 (2017) Kat:3, Licht: 0,41502,3,6,2,02,13,3,0,0,0,1,0,0,,1
"POINT (8.526428857000042 49.439144442000043)",Unfall 41503 (2017) Kat:3, Licht: 1,41503,3,6,2,02,07,3,0,1,0,1,0,0,,1
"POINT (8.561162485000068 49.453140999000027)",Unfall 41591 (2017) Kat:3, Licht: 2,41591,3,6,2,02,18,2,0,2,0,1,0,0,,1
"POINT (8.470039682000049 49.481621851000057)",Unfall 41598 (2017) Kat:3, Licht: 2,41598,3,4,6,02,19,2,0,2,0,1,1,0,,0
"POINT (8.503347000000076 49.477878487000055)",Unfall 41599 (2017) Kat:2, Licht: 2,41599,2,6,4,02,18,2,0,2,0,1,0,0,,1
"POINT (8.564002171000027 49.466481955000063)",Unfall 41638 (2017) Kat:3, Licht: 0,41638,3,7,0,02,10,1,1,0,1,0,0,0,,0
"POINT (8.461860367000043 49.553851514000030)",Unfall 41641 (2017) Kat:3, Licht: 2,41641,3,6,3,02,23,6,0,2,0,1,0,0,,0
"POINT (8.550515450000034 49.489096447000065)",Unfall 41728 (2017) Kat:3, Licht: 0,41728,3,6,2,02,14,6,0,0,0,1,0,0,,0
"POINT (8.496961662000047 49.554693655000051)",Unfall 41786 (2017) Kat:2, Licht: 0,41786,2,6,3,02,08,5,0,0,0,1,0,0,,0
"POINT (8.512424203000023 49.450245377000044)",Unfall 41793 (2017) Kat:3, Licht: 0,41793,3,7,3,02,14,5,0,0,0,1,0,0,,1
"POINT (8.553959807000069 49.492547804000026)",Unfall 41810 (2017) Kat:3, Licht: 2,41810,3,6,3,02,23,6,0,2,0,1,0,0,,0
"POINT (8.546457457000031 49.420869036000056)",Unfall 41832 (2017) Kat:3, Licht: 1,41832,3,6,2,02,07,4,0,1,0,1,0,0,,0
"POINT (8.491178037000054 49.499686563000068)",Unfall 41839 (2017) Kat:3, Licht: 0,41839,3,6,2,02,15,4,0,0,0,1,0,0,,0
"POINT (8.476540919000058 49.474396095000031)",Unfall 41942 (2017) Kat:3, Licht: 0,41942,3,6,2,02,13,3,1,0,0,1,0,0,,0
"POINT (8.455887640000071 49.486956257000031)",Unfall 41957 (2017) Kat:3, Licht: 0,41957,3,2,5,02,07,6,0,0,1,1,0,0,,0
"POINT (8.455740704000050 49.487020137000059)",Unfall 42068 (2017) Kat:3, Licht: 0,42068,3,2,5,02,08,4,0,0,1,0,0,0,,1
"POINT (8.511300967000068 49.445078030000047)",Unfall 42072 (2017) Kat:3, Licht: 0,42072,3,6,2,02,14,4,0,0,0,1,0,0,,0
"POINT (8.473985049000021 49.483615465000071)",Unfall 42073 (2017) Kat:3, Licht: 1,42073,3,6,2,02,18,4,0,1,0,1,0,0,,0
"POINT (8.477107135000040 49.474329270000055)",Unfall 42083 (2017) Kat:3, Licht: 0,42083,3,6,3,02,12,2,0,0,0,1,0,0,,1
"POINT (8.487929957000063 49.494724360000077)",Unfall 42116 (2017) Kat:3, Licht: 0,42116,3,2,3,02,13,3,0,0,0,1,0,0,,1
"POINT (8.555185545000029 49.521577544000081)",Unfall 42138 (2017) Kat:2, Licht: 0,42138,2,6,3,02,17,3,1,0,0,1,0,0,,0
"POINT (8.477224247000038 49.473853428000041)",Unfall 42143 (2017) Kat:3, Licht: 0,42143,3,6,3,02,13,3,0,0,0,1,0,0,,0
"POINT (8.449205762000076 49.550177807000068)",Unfall 42221 (2017) Kat:3, Licht: 0,42221,3,6,2,02,15,2,0,0,0,1,0,0,,0
"POINT (8.478145155000050 49.533086659000048)",Unfall 42328 (2017) Kat:3, Licht: 0,42328,3,6,2,02,14,7,0,0,0,1,0,0,,1
"POINT (8.539500094000061 49.464968018000036)",Unfall 42467 (2017) Kat:2, Licht: 0,42467,2,6,3,03,15,3,1,0,0,1,0,0,,1
"POINT (8.520188137000048 49.469712964000053)",Unfall 42688 (2017) Kat:3, Licht: 2,42688,3,6,2,03,19,7,0,2,0,1,0,0,,0
"POINT (8.473051203000068 49.483081752000032)",Unfall 42781 (2017) Kat:3, Licht: 0,42781,3,6,1,03,15,6,0,0,0,1,0,0,,0
"POINT (8.495068361000051 49.453777593000041)",Unfall 42783 (2017) Kat:3, Licht: 0,42783,3,7,0,03,16,6,0,0,0,0,0,0,,1
"POINT (8.542148935000057 49.453083689000039)",Unfall 42812 (2017) Kat:3, Licht: 0,42812,3,6,2,03,07,5,1,0,0,1,0,0,,1
"POINT (8.458380650000038 49.491415438000047)",Unfall 42866 (2017) Kat:3, Licht: 0,42866,3,6,1,03,12,5,0,0,0,1,0,1,,0
"POINT (8.513467332000062 49.444245599000055)",Unfall 42869 (2017) Kat:2, Licht: 0,42869,2,6,3,03,08,5,0,0,0,1,0,0,,1
"POINT (8.560408887000051 49.511094439000033)",Unfall 42916 (2017) Kat:2, Licht: 0,42916,2,7,0,03,12,7,0,0,0,1,0,0,,0
"POINT (8.524843434000047 49.476263226000071)",Unfall 42938 (2017) Kat:3, Licht: 2,42938,3,5,9,03,03,4,1,2,0,1,0,0,,0
"POINT (8.513797056000044 49.517760022000061)",Unfall 43045 (2017) Kat:2, Licht: 0,43045,2,6,2,03,14,6,0,0,0,1,0,0,,0
"POINT (8.482049608000068 49.526562327000079)",Unfall 43158 (2017) Kat:2, Licht: 2,43158,2,4,6,03,05,5,0,2,0,0,1,0,,1
"POINT (8.551001857000074 49.491703921000067)",Unfall 43171 (2017) Kat:3, Licht: 0,43171,3,6,2,03,14,5,0,0,0,1,0,1,,0
"POINT (8.487458515000071 49.496766290000039)",Unfall 43186 (2017) Kat:3, Licht: 0,43186,3,6,1,03,12,7,0,0,0,1,0,0,,1
"POINT (8.510685532000025 49.445365596000045)",Unfall 43327 (2017) Kat:3, Licht: 2,43327,3,6,3,03,20,4,0,2,0,1,0,1,,0
"POINT (8.518725937000056 49.477596422000033)",Unfall 43355 (2017) Kat:3, Licht: 0,43355,3,6,2,03,13,1,0,0,0,1,0,0,,0
"POINT (8.484854708000057 49.493818329000078)",Unfall 43385 (2017) Kat:3, Licht: 0,43385,3,1,9,03,16,1,0,0,0,1,0,0,,0
"POINT (8.506630473000030 49.447271816000068)",Unfall 43390 (2017) Kat:3, Licht: 0,43390,3,3,5,03,13,6,0,0,0,1,0,0,,0
"POINT (8.514545580000061 49.477629797000077)",Unfall 43454 (2017) Kat:3, Licht: 2,43454,3,4,6,03,18,3,1,2,1,0,1,0,,0
"POINT (8.507965912000032 49.555104174000064)",Unfall 43587 (2017) Kat:3, Licht: 0,43587,3,6,2,03,14,4,0,0,0,1,0,0,,0
"POINT (8.466305300000045 49.483078139000042)",Unfall 43677 (2017) Kat:3, Licht: 0,43677,3,2,3,03,09,3,0,0,1,0,0,0,,1
"POINT (8.462733565000065 49.482244290000040)",Unfall 43769 (2017) Kat:3, Licht: 0,43769,3,7,2,03,16,2,0,0,0,1,0,0,,0
"POINT (8.488990089000026 49.498360216000037)",Unfall 43770 (2017) Kat:3, Licht: 0,43770,3,4,6,03,13,2,0,0,0,0,1,0,,1
"POINT (8.494260143000076 49.526759677000030)",Unfall 43771 (2017) Kat:2, Licht: 0,43771,2,6,1,03,17,2,0,0,0,1,0,0,,0
"POINT (8.488948424000057 49.462789825000073)",Unfall 44021 (2017) Kat:3, Licht: 0,44021,3,3,5,03,12,6,0,0,1,1,0,0,,0
"POINT (8.465075249000051 49.506997036000030)",Unfall 44111 (2017) Kat:2, Licht: 0,44111,2,7,6,03,11,5,0,0,0,0,1,0,,1
"POINT (8.555619862000071 49.494234031000076)",Unfall 44278 (2017) Kat:3, Licht: 0,44278,3,1,9,04,10,5,0,0,0,0,0,1,,0
"POINT (8.460686739000039 49.499071415000060)",Unfall 44288 (2017) Kat:3, Licht: 0,44288,3,6,3,04,18,5,0,0,0,1,0,0,,0
"POINT (8.455879116000062 49.485491332000038)",Unfall 44289 (2017) Kat:3, Licht: 0,44289,3,6,2,04,07,5,0,0,0,1,0,0,,0
"POINT (8.486970424000049 49.496441846000039)",Unfall 44356 (2017) Kat:3, Licht: 0,44356,3,3,5,04,10,4,0,0,0,1,0,0,,1
"POINT (8.567594675000066 49.434784082000078)",Unfall 44423 (2017) Kat:3, Licht: 0,44423,3,2,2,04,14,3,0,0,0,1,0,0,,0
"POINT (8.475823786000035 49.486644006000063)",Unfall 44424 (2017) Kat:3, Licht: 0,44424,3,6,1,04,17,3,0,0,0,1,0,0,,0
"POINT (8.553932857000063 49.455819080000026)",Unfall 44620 (2017) Kat:3, Licht: 0,44620,3,6,2,04,18,4,0,0,0,1,0,0,,0
"POINT (8.449850270000070 49.549708741000074)",Unfall 44630 (2017) Kat:3, Licht: 0,44630,3,6,2,04,17,4,0,0,0,1,0,0,,0
"POINT (8.474745837000057 49.484416709000072)",Unfall 44735 (2017) Kat:3, Licht: 2,44735,3,3,5,04,22,7,0,2,1,1,0,0,,0
"POINT (8.461626970000054 49.494815225000082)",Unfall 44767 (2017) Kat:3, Licht: 0,44767,3,3,5,04,12,2,0,0,1,1,0,0,,0
"POINT (8.445255716000077 49.558550463000074)",Unfall 44768 (2017) Kat:2, Licht: 0,44768,2,6,4,04,08,2,0,0,0,1,0,0,,0
"POINT (8.500252400000022 49.474287307000054)",Unfall 44977 (2017) Kat:3, Licht: 0,44977,3,2,5,04,09,6,0,0,0,1,0,0,,0
"POINT (8.485613037000064 49.466762768000081)",Unfall 44978 (2017) Kat:3, Licht: 0,44978,3,7,8,04,19,6,0,0,0,0,0,1,,0
"POINT (8.476632059000053 49.516827633000048)",Unfall 44979 (2017) Kat:3, Licht: 0,44979,3,3,5,04,15,6,0,0,0,1,0,0,,0
"POINT (8.519663752000042 49.467426403000047)",Unfall 45144 (2017) Kat:3, Licht: 0,45144,3,6,2,04,13,3,0,0,0,1,0,0,,0
"POINT (8.484953172000076 49.493972449000069)",Unfall 45152 (2017) Kat:3, Licht: 0,45152,3,6,2,04,16,3,0,0,0,1,0,0,,0
"POINT (8.539504126000054 49.422221516000036)",Unfall 45256 (2017) Kat:3, Licht: 0,45256,3,6,2,04,19,7,1,0,0,1,0,0,,0
"POINT (8.470668539000030 49.481476855000039)",Unfall 45258 (2017) Kat:3, Licht: 0,45258,3,6,2,04,16,7,0,0,0,1,0,0,,0
"POINT (8.477380288000063 49.517405036000071)",Unfall 45273 (2017) Kat:3, Licht: 0,45273,3,3,5,04,16,5,0,0,1,1,0,0,,0
"POINT (8.460968145000038 49.495041124000068)",Unfall 45275 (2017) Kat:3, Licht: 0,45275,3,6,1,04,12,5,0,0,0,1,0,0,,0
"POINT (8.458300110000039 49.481757620000053)",Unfall 45297 (2017) Kat:3, Licht: 0,45297,3,1,8,05,16,2,1,0,0,1,0,0,,0
"POINT (8.485716352000054 49.495219415000065)",Unfall 45373 (2017) Kat:3, Licht: 0,45373,3,6,1,04,16,6,0,0,0,1,0,0,,0
"POINT (8.515402629000050 49.464078325000060)",Unfall 45450 (2017) Kat:3, Licht: 0,45450,3,6,1,04,17,1,0,0,0,1,0,0,,0
"POINT (8.484689075000063 49.467636208000044)",Unfall 45456 (2017) Kat:3, Licht: 0,45456,3,6,2,04,12,5,0,0,0,1,0,0,,0
"POINT (8.485148821000053 49.494192645000055)",Unfall 45536 (2017) Kat:3, Licht: 0,45536,3,6,1,04,10,4,0,0,0,1,0,0,,0
"POINT (8.513943635000032 49.462269112000058)",Unfall 45568 (2017) Kat:2, Licht: 1,45568,2,1,9,05,19,2,1,1,0,1,0,0,,0
"POINT (8.490677915000049 49.460721193000040)",Unfall 45618 (2017) Kat:3, Licht: 0,45618,3,6,1,04,10,3,0,0,0,1,0,0,,0
"POINT (8.459230567000077 49.492311958000073)",Unfall 45620 (2017) Kat:3, Licht: 0,45620,3,6,3,04,14,3,0,0,0,1,0,0,,0
"POINT (8.537367400000051 49.497052867000036)",Unfall 45792 (2017) Kat:2, Licht: 0,45792,2,3,5,05,18,1,1,0,0,1,0,0,,0
"POINT (8.522838707000062 49.473406635000060)",Unfall 45826 (2017) Kat:3, Licht: 0,45826,3,6,1,05,14,7,0,0,0,1,0,0,,0
"POINT (8.512243096000077 49.444821299000068)",Unfall 45828 (2017) Kat:2, Licht: 0,45828,2,6,2,05,18,7,0,0,0,1,0,0,,0
"POINT (8.464398857000049 49.506513659000063)",Unfall 45838 (2017) Kat:3, Licht: 0,45838,3,6,2,05,16,4,0,0,0,1,0,0,,0
"POINT (8.538838692000070 49.452897476000032)",Unfall 45962 (2017) Kat:3, Licht: 0,45962,3,2,5,05,06,3,0,0,0,1,0,0,,0
"POINT (8.544165658000054 49.425112789000082)",Unfall 45985 (2017) Kat:2, Licht: 0,45985,2,6,2,05,08,5,0,0,0,1,0,0,,0
"POINT (8.491442537000069 49.527694962000055)",Unfall 45997 (2017) Kat:3, Licht: 0,45997,3,6,3,05,12,5,0,0,0,1,0,0,,1
"POINT (8.468582718000050 49.509503405000032)",Unfall 46080 (2017) Kat:3, Licht: 0,46080,3,6,2,05,19,4,0,0,0,1,0,0,,1
"POINT (8.551998440000034 49.490228327000068)",Unfall 46090 (2017) Kat:3, Licht: 0,46090,3,6,2,05,12,4,0,0,0,1,0,0,,0
"POINT (8.522847619000061 49.473424975000057)",Unfall 46182 (2017) Kat:3, Licht: 0,46182,3,6,1,05,10,2,0,0,0,1,0,0,,0
"POINT (8.455060618000061 49.491640524000047)",Unfall 46193 (2017) Kat:3, Licht: 0,46193,3,6,2,05,10,3,0,0,0,1,0,0,,1
"POINT (8.454288526000028 49.553677173000040)",Unfall 46195 (2017) Kat:2, Licht: 0,46195,2,6,2,05,14,2,0,0,0,0,0,0,,1
"POINT (8.442990238000050 49.553360411000028)",Unfall 46197 (2017) Kat:2, Licht: 0,46197,2,6,2,05,10,3,0,0,0,1,0,0,,1
"POINT (8.481931278000047 49.491363123000042)",Unfall 46378 (2017) Kat:3, Licht: 0,46378,3,6,1,05,18,4,0,0,0,1,0,1,,0
"POINT (8.578011208000021 49.446855940000034)",Unfall 46385 (2017) Kat:3, Licht: 0,46385,3,6,2,05,06,6,1,0,0,1,0,0,,0
"POINT (8.442732617000047 49.553353352000045)",Unfall 46422 (2017) Kat:3, Licht: 0,46422,3,6,2,05,15,7,0,0,0,1,0,0,,0
"POINT (8.455538572000023 49.553709626000057)",Unfall 46589 (2017) Kat:2, Licht: 0,46589,2,6,2,05,16,2,0,0,0,0,0,0,,1
"POINT (8.544872802000043 49.480678926000053)",Unfall 46679 (2017) Kat:3, Licht: 0,46679,3,1,8,05,15,1,1,0,0,1,0,0,,0
"POINT (8.515590362000069 49.488792293000074)",Unfall 46692 (2017) Kat:3, Licht: 0,46692,3,1,0,05,16,1,1,0,0,0,0,1,,0
"POINT (8.517436287000066 49.488527894000072)",Unfall 46739 (2017) Kat:3, Licht: 0,46739,3,3,5,05,17,7,1,0,0,1,0,0,,0
"POINT (8.560392864000050 49.519162158000029)",Unfall 46763 (2017) Kat:3, Licht: 0,46763,3,1,9,05,19,7,1,0,0,1,0,0,,0
"POINT (8.522673037000061 49.477164339000069)",Unfall 46800 (2017) Kat:3, Licht: 0,46800,3,5,1,05,18,3,0,0,1,1,0,0,,0
"POINT (8.488190152000072 49.497594718000073)",Unfall 46801 (2017) Kat:3, Licht: 0,46801,3,3,5,05,15,3,0,0,1,1,0,0,,0
"POINT (8.498894972000073 49.450737662000051)",Unfall 46802 (2017) Kat:3, Licht: 0,46802,3,6,1,05,12,3,0,0,0,1,0,0,,0
"POINT (8.449562766000042 49.553486594000049)",Unfall 46946 (2017) Kat:3, Licht: 0,46946,3,6,2,05,15,2,0,0,0,1,0,0,,0
"POINT (8.553429317000052 49.491934105000041)",Unfall 47107 (2017) Kat:3, Licht: 0,47107,3,6,8,05,16,5,0,0,0,0,0,0,,1
"POINT (8.539804043000061 49.461707402000059)",Unfall 47108 (2017) Kat:3, Licht: 2,47108,3,1,8,05,04,5,0,2,0,1,0,0,,0
"POINT (8.477057467000066 49.474356337000074)",Unfall 47164 (2017) Kat:2, Licht: 0,47164,2,3,5,05,11,5,0,0,0,1,0,1,,0
"POINT (8.519847985000070 49.467427168000029)",Unfall 47306 (2017) Kat:3, Licht: 0,47306,3,7,2,05,08,6,0,0,0,1,0,0,,0
"POINT (8.488205592000043 49.494619388000046)",Unfall 47382 (2017) Kat:2, Licht: 0,47382,2,5,5,05,19,4,0,0,1,0,0,1,,0
"POINT (8.501692385000069 49.489552865000064)",Unfall 47384 (2017) Kat:3, Licht: 0,47384,3,4,6,05,15,4,0,0,0,0,1,0,,1
"POINT (8.447989384000039 49.552060000000040)",Unfall 47509 (2017) Kat:3, Licht: 0,47509,3,6,2,05,17,3,0,0,0,1,0,0,,0
"POINT (8.511059166000052 49.518490461000056)",Unfall 47606 (2017) Kat:3, Licht: 0,47606,3,2,5,05,10,2,0,0,1,1,0,0,,0
"POINT (8.455723453000076 49.486814867000078)",Unfall 47607 (2017) Kat:3, Licht: 0,47607,3,6,3,05,15,2,0,0,0,1,0,1,,0
"POINT (8.455542002000072 49.553709715000082)",Unfall 47608 (2017) Kat:3, Licht: 0,47608,3,6,1,05,07,2,0,0,0,0,0,0,,1
"POINT (8.510689023000055 49.507523308000032)",Unfall 47720 (2017) Kat:3, Licht: 0,47720,3,2,5,06,17,1,0,0,0,1,0,0,,0
"POINT (8.524338516000057 49.439969966000035)",Unfall 47833 (2017) Kat:3, Licht: 0,47833,3,3,5,05,18,4,0,0,0,1,0,1,,0
"POINT (8.473996924000062 49.483627956000078)",Unfall 47841 (2017) Kat:3, Licht: 0,47841,3,6,3,05,16,4,0,0,1,0,0,0,,1
"POINT (8.489465519000021 49.462151644000073)",Unfall 47844 (2017) Kat:3, Licht: 0,47844,3,4,6,05,17,4,0,0,0,0,1,0,,1
"POINT (8.468062046000057 49.482391927000037)",Unfall 47920 (2017) Kat:3, Licht: 0,47920,3,2,5,06,16,5,0,0,1,1,0,0,,0
"POINT (8.471959139000035 49.513320555000064)",Unfall 47962 (2017) Kat:3, Licht: 0,47962,3,2,5,06,17,6,1,0,1,1,0,0,,0
"POINT (8.550040731000024 49.488519354000061)",Unfall 48005 (2017) Kat:3, Licht: 0,48005,3,6,2,06,14,7,0,0,0,1,0,0,,0
"POINT (8.474938082000051 49.554090717000065)",Unfall 48060 (2017) Kat:2, Licht: 0,48060,2,6,1,06,19,6,0,0,0,1,0,0,,0
"POINT (8.501902562000055 49.554937191000079)",Unfall 48061 (2017) Kat:1, Licht: 0,48061,1,6,2,06,17,6,0,0,0,1,0,0,,1
"POINT (8.497540359000027 49.503015343000072)",Unfall 48128 (2017) Kat:3, Licht: 0,48128,3,6,1,06,18,5,0,0,0,1,0,0,,0
"POINT (8.462373789000026 49.482316674000060)",Unfall 48130 (2017) Kat:3, Licht: 2,48130,3,6,2,06,22,5,0,2,0,1,0,1,,0
"POINT (8.455776537000077 49.487206801000070)",Unfall 48132 (2017) Kat:3, Licht: 0,48132,3,6,0,06,18,5,0,0,0,0,0,1,,1
"POINT (8.526231518000031 49.434819351000044)",Unfall 48200 (2017) Kat:3, Licht: 0,48200,3,7,1,06,11,4,0,0,0,1,0,0,,0
"POINT (8.444616218000022 49.559989216000076)",Unfall 48256 (2017) Kat:3, Licht: 1,48256,3,1,8,06,21,3,0,1,0,1,0,0,,0
"POINT (8.455472500000042 49.553707911000060)",Unfall 48370 (2017) Kat:3, Licht: 0,48370,3,6,2,06,07,4,0,0,0,1,0,0,,1
"POINT (8.526281591000043 49.487612472000080)",Unfall 48466 (2017) Kat:3, Licht: 0,48466,3,2,5,06,17,3,0,0,0,1,0,1,,0
"POINT (8.533859658000040 49.462837962000037)",Unfall 48609 (2017) Kat:3, Licht: 2,48609,3,6,2,06,22,1,0,2,0,1,0,0,,0
"POINT (8.481504821000044 49.554276627000036)",Unfall 48667 (2017) Kat:3, Licht: 0,48667,3,6,2,06,07,4,0,0,0,1,0,0,,0
"POINT (8.470003923000036 49.554070910000064)",Unfall 48750 (2017) Kat:2, Licht: 0,48750,2,6,2,06,18,5,0,0,0,1,0,0,,1
"POINT (8.461578383000074 49.494832395000060)",Unfall 48857 (2017) Kat:3, Licht: 0,48857,3,6,3,06,13,2,0,0,0,1,0,0,,1
"POINT (8.545313320000048 49.481518239000081)",Unfall 48944 (2017) Kat:3, Licht: 0,48944,3,6,0,06,18,1,0,0,0,1,0,1,,0
"POINT (8.490208423000070 49.499198161000038)",Unfall 48957 (2017) Kat:3, Licht: 0,48957,3,6,1,06,16,1,0,0,0,1,0,0,,0
"POINT (8.485557820000054 49.494274341000050)",Unfall 49025 (2017) Kat:3, Licht: 0,49025,3,7,0,06,18,7,0,0,1,0,0,0,,0
"POINT (8.563546697000049 49.466777335000074)",Unfall 49027 (2017) Kat:3, Licht: 0,49027,3,6,2,06,13,7,0,0,0,1,0,0,,0
"POINT (8.552146752000056 49.490190136000081)",Unfall 49049 (2017) Kat:3, Licht: 2,49049,3,1,9,06,22,4,0,2,0,1,0,0,,0
"POINT (8.539348089000043 49.462564742000040)",Unfall 49078 (2017) Kat:3, Licht: 2,49078,3,6,0,06,21,3,0,2,0,1,0,0,,0
"POINT (8.541263094000044 49.455994647000068)",Unfall 49143 (2017) Kat:3, Licht: 0,49143,3,6,2,06,16,2,0,0,0,1,0,0,,0
"POINT (8.483247880000022 49.493363837000061)",Unfall 49150 (2017) Kat:3, Licht: 0,49150,3,6,1,06,08,2,0,0,0,1,0,0,,0
"POINT (8.449594815000069 49.553487613000073)",Unfall 49151 (2017) Kat:3, Licht: 0,49151,3,6,2,06,17,2,0,0,0,1,0,0,,1
"POINT (8.542225627000050 49.452600120000056)",Unfall 49417 (2017) Kat:3, Licht: 0,49417,3,6,2,06,17,6,0,0,0,1,0,0,,1
"POINT (8.481160316000057 49.490225163000048)",Unfall 49435 (2017) Kat:2, Licht: 0,49435,2,4,6,06,10,6,0,0,0,1,1,0,,0
"POINT (8.492024739000044 49.477843748000055)",Unfall 49543 (2017) Kat:3, Licht: 0,49543,3,6,1,07,18,2,0,0,0,1,0,0,,0