WKT,Name,OBJECTID,UKATEGORIE,UTYP1,UART,UMONAT,USTUNDE,UWOCHENTAG,STRZUSTAND,ULICHTVERH,ISTRAD,ISTPKW,ISTFUSS,ISTKRAD,ISTGKFZ,ISTSONSTIG
"POINT (8.496029459000056 49.509843275000037)",Unfall 146240 (2017) Kat:3, Licht: 0,146240,3,6,2,01,15,4,0,0,0,1,0,0,,0
"POINT (8.469057275000068 49.498302521000028)",Unfall 146277 (2017) Kat:3, Licht: 2,146277,3,3,5,01,19,2,1,2,0,1,0,0,,1
"POINT (8.469395279000025 49.487359594000054)",Unfall 146278 (2017) Kat:3, Licht: 0,146278,3,6,1,01,14,2,0,0,0,1,0,0,,0
"POINT (8.467627246000063 49.492171970000072)",Unfall 146279 (2017) Kat:3, Licht: 0,146279,3,7,6,01,16,2,0,0,1,0,1,0,,0
"POINT (8.519795300000055 49.488510108000071)",Unfall 146280 (2017) Kat:3, Licht: 2,146280,3,2,5,01,18,2,0,2,0,1,0,0,,1
"POINT (8.519797028000028 49.488473156000055)",Unfall 146281 (2017) Kat:2, Licht: 1,146281,2,3,5,01,07,2,2,1,1,1,0,0,,0
"POINT (8.478776541000059 49.546966129000054)",Unfall 146325 (2017) Kat:2, Licht: 0,146325,2,3,5,01,11,7,1,0,1,1,0,0,,0
"POINT (8.499928846000046 49.499032412000076)",Unfall 146350 (2017) Kat:3, Licht: 0,146350,3,3,5,01,15,6,0,0,0,1,0,0,,0
"POINT (8.512831855000059 49.454294119000053)",Unfall 146351 (2017) Kat:3, Licht: 2,146351,3,3,6,01,07,6,0,2,0,1,1,0,,0
"POINT (8.525635094000052 49.510078287000056)",Unfall 146352 (2017) Kat:3, Licht: 0,146352,3,6,2,01,16,6,0,0,0,1,0,0,,0
"POINT (8.466079811000043 49.541606675000025)",Unfall 146383 (2017) Kat:3, Licht: 0,146383,3,2,5,01,15,5,0,0,0,1,0,0,,1
"POINT (8.471418912000047 49.497585206000053)",Unfall 146384 (2017) Kat:3, Licht: 0,146384,3,5,0,01,14,5,0,0,1,1,0,0,,0
"POINT (8.486066604000030 49.466523672000051)",Unfall 146385 (2017) Kat:3, Licht: 0,146385,3,7,1,01,10,5,1,0,0,1,0,0,,0
"POINT (8.472254640000074 49.478536794000036)",Unfall 146386 (2017) Kat:3, Licht: 0,146386,3,6,6,01,09,5,0,0,0,1,1,0,,0
"POINT (8.535275512000055 49.504771006000055)",Unfall 146388 (2017) Kat:3, Licht: 1,146388,3,1,9,01,07,5,2,1,0,1,0,0,,0
"POINT (8.453937402000065 49.540338807000069)",Unfall 146427 (2017) Kat:3, Licht: 0,146427,3,2,5,01,12,3,0,0,0,1,0,0,,1
"POINT (8.480290245000049 49.481023227000037)",Unfall 146428 (2017) Kat:3, Licht: 0,146428,3,3,5,01,13,3,0,0,0,1,0,0,,0
"POINT (8.464034524000056 49.490472479000061)",Unfall 146429 (2017) Kat:3, Licht: 2,146429,3,3,5,01,06,3,1,2,0,1,0,1,,0
"POINT (8.470229105000044 49.493298526000046)",Unfall 146458 (2017) Kat:3, Licht: 0,146458,3,6,2,01,15,2,0,0,0,1,0,0,,0
"POINT (8.464325582000072 49.489331242000048)",Unfall 146499 (2017) Kat:3, Licht: 2,146499,3,3,1,01,00,7,0,2,0,1,0,0,,0
"POINT (8.490928659000076 49.515757926000049)",Unfall 146515 (2017) Kat:3, Licht: 2,146515,3,7,1,01,05,6,1,2,0,1,0,1,,0
"POINT (8.530575526000064 49.508687585000075)",Unfall 146516 (2017) Kat:3, Licht: 0,146516,3,6,1,01,08,6,1,0,0,1,0,0,,1
"POINT (8.497302537000053 49.517803410000056)",Unfall 146539 (2017) Kat:3, Licht: 0,146539,3,6,2,01,15,5,0,0,0,1,0,0,,0
"POINT (8.508229992000054 49.515339601000051)",Unfall 146540 (2017) Kat:2, Licht: 0,146540,2,7,6,01,15,5,0,0,0,0,1,0,,1
"POINT (8.468441245000065 49.550774515000057)",Unfall 146605 (2017) Kat:3, Licht: 0,146605,3,6,4,01,12,2,0,0,0,1,0,0,,0
"POINT (8.509297154000024 49.515498339000033)",Unfall 146606 (2017) Kat:3, Licht: 2,146606,3,6,2,01,20,2,1,2,0,1,0,0,,0
"POINT (8.471175945000027 49.473993634000067)",Unfall 146634 (2017) Kat:3, Licht: 0,146634,3,3,5,01,15,1,0,0,0,1,0,0,,0
"POINT (8.505838459000074 49.506981826000072)",Unfall 146652 (2017) Kat:2, Licht: 2,146652,2,3,5,02,19,1,0,2,0,1,0,0,,0
"POINT (8.482091476000051 49.453947552000045)",Unfall 146664 (2017) Kat:3, Licht: 0,146664,3,3,5,02,12,7,0,0,1,1,0,0,,0
"POINT (8.493604733000041 49.479525832000036)",Unfall 146675 (2017) Kat:3, Licht: 0,146675,3,3,5,02,11,6,0,0,0,1,0,1,,0
"POINT (8.487842072000035 49.495582994000074)",Unfall 146703 (2017) Kat:3, Licht: 0,146703,3,2,5,02,07,5,0,0,1,1,0,0,,0
"POINT (8.481832284000063 49.458108350000032)",Unfall 146733 (2017) Kat:3, Licht: 0,146733,3,3,5,02,17,4,0,0,1,1,0,0,,0
"POINT (8.495475381000063 49.521256344000051)",Unfall 146735 (2017) Kat:3, Licht: 0,146735,3,3,5,02,13,4,0,0,0,1,0,1,,0
"POINT (8.454117763000056 49.543993076000049)",Unfall 146736 (2017) Kat:3, Licht: 0,146736,3,4,6,02,07,4,0,0,0,1,1,0,,0
"POINT (8.504094314000042 49.441873648000069)",Unfall 146831 (2017) Kat:2, Licht: 0,146831,2,1,0,02,12,7,0,0,1,0,0,0,,0
"POINT (8.448653731000036 49.542199669000070)",Unfall 146889 (2017) Kat:3, Licht: 0,146889,3,3,5,02,16,5,0,0,0,1,0,1,,0
"POINT (8.487610665000034 49.484621791000052)",Unfall 146890 (2017) Kat:3, Licht: 2,146890,3,3,5,02,05,5,1,2,0,1,0,0,,1
"POINT (8.473849076000022 49.518124944000078)",Unfall 146922 (2017) Kat:3, Licht: 1,146922,3,7,0,02,17,3,1,1,1,0,0,0,,0
"POINT (8.505292139000062 49.463876000000027)",Unfall 146950 (2017) Kat:3, Licht: 1,146950,3,6,2,02,18,2,1,1,0,1,0,0,,0
"POINT (8.469140605000064 49.498333163000041)",Unfall 147000 (2017) Kat:3, Licht: 0,147000,3,4,6,02,13,7,0,0,0,1,1,0,,0
"POINT (8.500120990000028 49.501509749000036)",Unfall 147023 (2017) Kat:3, Licht: 0,147023,3,6,2,02,16,6,0,0,0,1,0,0,,0
"POINT (8.502456731000052 49.458335066000075)",Unfall 147055 (2017) Kat:3, Licht: 0,147055,3,5,5,02,16,5,0,0,1,1,0,0,,0
"POINT (8.486672435000060 49.526769778000073)",Unfall 147093 (2017) Kat:2, Licht: 2,147093,2,4,6,02,21,4,0,2,0,1,1,0,,0
"POINT (8.505501445000050 49.535284660000059)",Unfall 147094 (2017) Kat:3, Licht: 1,147094,3,3,5,02,07,4,0,1,1,1,0,0,,0
"POINT (8.481095464000021 49.456937892000042)",Unfall 147095 (2017) Kat:3, Licht: 0,147095,3,2,4,02,08,4,0,0,1,1,0,0,,0
"POINT (8.501493133000054 49.523365241000079)",Unfall 147132 (2017) Kat:3, Licht: 0,147132,3,5,6,02,12,3,0,0,0,0,1,0,,1
"POINT (8.481091107000054 49.456822409000040)",Unfall 147133 (2017) Kat:3, Licht: 2,147133,3,3,5,02,19,3,0,2,1,1,0,0,,0
"POINT (8.466620549000027 49.499420993000058)",Unfall 147134 (2017) Kat:3, Licht: 2,147134,3,7,6,02,19,3,0,2,0,0,1,0,,1
"POINT (8.459402789000023 49.492279167000049)",Unfall 147155 (2017) Kat:3, Licht: 0,147155,3,6,2,02,14,2,0,0,0,1,0,0,,0
"POINT (8.464690643000040 49.493297900000073)",Unfall 147156 (2017) Kat:3, Licht: 2,147156,3,3,5,02,00,2,0,2,0,1,0,0,,0
"POINT (8.527123044000064 49.505734371000074)",Unfall 147157 (2017) Kat:2, Licht: 0,147157,2,4,6,02,15,2,0,0,0,1,1,0,,0
"POINT (8.508746124000027 49.478581432000055)",Unfall 147194 (2017) Kat:3, Licht: 0,147194,3,5,5,03,11,6,0,0,0,1,0,0,,0
"POINT (8.471315834000052 49.490722129000062)",Unfall 147230 (2017) Kat:3, Licht: 0,147230,3,3,5,03,11,5,0,0,0,1,0,0,,0
"POINT (8.479562660000056 49.480266313000072)",Unfall 147231 (2017) Kat:2, Licht: 2,147231,2,1,0,03,16,5,1,2,1,0,0,0,,1
"POINT (8.478692454000054 49.498816241000043)",Unfall 147254 (2017) Kat:3, Licht: 0,147254,3,4,6,03,09,4,1,0,0,1,1,0,,0
"POINT (8.507762400000047 49.511686458000042)",Unfall 147255 (2017) Kat:3, Licht: 0,147255,3,5,5,03,16,4,1,0,0,1,0,1,,0
"POINT (8.481254831000058 49.497784849000027)",Unfall 147288 (2017) Kat:2, Licht: 0,147288,2,3,5,02,08,3,0,0,1,1,0,0,,0
"POINT (8.487579195000023 49.495900696000035)",Unfall 147315 (2017) Kat:3, Licht: 0,147315,3,5,1,02,12,2,0,0,1,1,0,0,,0
"POINT (8.467660445000036 49.490596494000044)",Unfall 147316 (2017) Kat:3, Licht: 1,147316,3,7,6,02,17,2,0,1,0,1,1,0,,0
"POINT (8.503012429000023 49.526437958000031)",Unfall 147374 (2017) Kat:3, Licht: 0,147374,3,6,2,02,16,6,0,0,1,1,0,0,,0
"POINT (8.536749315000066 49.518167190000042)",Unfall 147375 (2017) Kat:3, Licht: 0,147375,3,6,4,02,17,6,0,0,0,1,0,0,,0
"POINT (8.476315265000039 49.501845266000032)",Unfall 147376 (2017) Kat:2, Licht: 0,147376,2,2,5,02,07,6,0,0,0,1,0,0,,0
"POINT (8.467561891000059 49.491154064000057)",Unfall 147443 (2017) Kat:3, Licht: 0,147443,3,6,2,03,14,7,0,0,0,1,0,0,,0
"POINT (8.474915271000043 49.485237634000043)",Unfall 147444 (2017) Kat:3, Licht: 2,147444,3,4,6,03,18,7,0,2,0,1,1,0,,0
"POINT (8.484895122000069 49.523964023000076)",Unfall 147456 (2017) Kat:3, Licht: 2,147456,3,3,5,03,18,2,0,2,1,1,0,0,,0
"POINT (8.486039031000075 49.455594609000059)",Unfall 147457 (2017) Kat:3, Licht: 0,147457,3,5,1,03,17,2,0,0,1,1,0,0,,0
"POINT (8.507196392000026 49.505155635000051)",Unfall 147458 (2017) Kat:3, Licht: 0,147458,3,3,5,03,15,2,0,0,0,1,0,0,,0
"POINT (8.459662778000052 49.491138903000035)",Unfall 147486 (2017) Kat:3, Licht: 0,147486,3,5,3,03,12,1,0,0,0,1,0,1,,0
"POINT (8.475764900000058 49.489101367000046)",Unfall 147488 (2017) Kat:2, Licht: 2,147488,2,6,2,03,19,1,0,2,0,1,0,0,,0
"POINT (8.466599646000077 49.493123563000040)",Unfall 147560 (2017) Kat:3, Licht: 0,147560,3,7,1,03,12,6,0,0,1,0,0,0,,1
"POINT (8.559630120000065 49.464500615000077)",Unfall 147561 (2017) Kat:3, Licht: 0,147561,3,3,5,03,11,6,0,0,1,1,0,0,,0
"POINT (8.574281516000042 49.444167559000050)",Unfall 147616 (2017) Kat:3, Licht: 2,147616,3,7,8,03,18,4,1,2,0,1,0,0,,0
"POINT (8.465577937000035 49.488348273000042)",Unfall 147662 (2017) Kat:3, Licht: 0,147662,3,5,1,03,16,2,1,0,1,1,0,0,,0
"POINT (8.465757545000031 49.490834594000034)",Unfall 147664 (2017) Kat:3, Licht: 0,147664,3,2,4,03,17,2,0,0,1,0,0,0,,0
"POINT (8.483953574000054 49.498070049000034)",Unfall 147665 (2017) Kat:3, Licht: 0,147665,3,3,5,03,15,2,0,0,0,1,0,0,,0
"POINT (8.510140282000066 49.516950612000073)",Unfall 147679 (2017) Kat:3, Licht: 2,147679,3,3,5,03,21,1,1,2,0,1,0,0,,0
"POINT (8.490701546000025 49.515822904000061)",Unfall 147718 (2017) Kat:3, Licht: 1,147718,3,3,0,03,05,2,0,1,0,1,0,1,,0
"POINT (8.509055907000061 49.485579314000063)",Unfall 147719 (2017) Kat:3, Licht: 0,147719,3,7,0,03,10,2,0,0,1,0,0,0,,1
"POINT (8.463499658000046 49.518394536000073)",Unfall 147720 (2017) Kat:2, Licht: 1,147720,2,6,2,03,05,2,0,1,0,1,0,0,,0
"POINT (8.517904082000030 49.465699167000025)",Unfall 147721 (2017) Kat:3, Licht: 2,147721,3,6,0,03,00,2,0,2,0,1,0,0,,0
"POINT (8.488207103000036 49.478931486000079)",Unfall 147737 (2017) Kat:2, Licht: 0,147737,2,6,3,03,11,1,0,0,0,1,0,1,,0
"POINT (8.467157332000056 49.486353606000080)",Unfall 147757 (2017) Kat:3, Licht: 2,147757,3,3,5,03,00,7,0,2,1,1,0,0,,0
"POINT (8.485658435000062 49.482689373000028)",Unfall 147787 (2017) Kat:3, Licht: 0,147787,3,3,5,03,08,6,0,0,0,1,0,0,,0
"POINT (8.468442826000057 49.480902477000029)",Unfall 147789 (2017) Kat:3, Licht: 0,147789,3,4,6,03,14,6,0,0,1,0,1,0,,0
"POINT (8.484958393000056 49.523867327000062)",Unfall 147826 (2017) Kat:2, Licht: 0,147826,2,3,5,03,10,5,0,0,1,1,0,0,,0
"POINT (8.469317783000065 49.489433729000041)",Unfall 147827 (2017) Kat:3, Licht: 2,147827,3,4,6,03,19,5,0,2,0,1,1,0,,0
"POINT (8.454973968000047 49.540025498000034)",Unfall 147902 (2017) Kat:3, Licht: 0,147902,3,6,2,03,13,3,0,0,0,1,0,0,,0
"POINT (8.475802565000038 49.473520639000071)",Unfall 147903 (2017) Kat:2, Licht: 0,147903,2,2,5,03,17,3,0,0,1,1,0,0,,0
"POINT (8.511630021000030 49.447105775000068)",Unfall 147975 (2017) Kat:2, Licht: 0,147975,2,1,0,03,15,3,0,0,0,0,0,1,,0
"POINT (8.518826510000054 49.496066920000032)",Unfall 147976 (2017) Kat:3, Licht: 0,147976,3,6,2,03,12,3,0,0,0,1,0,0,,0
"POINT (8.472499003000053 49.500092558000063)",Unfall 148012 (2017) Kat:3, Licht: 0,148012,3,3,5,03,10,2,0,0,1,1,0,0,,0
"POINT (8.552083491000076 49.469047762000059)",Unfall 148013 (2017) Kat:3, Licht: 0,148013,3,7,0,03,15,2,0,0,1,0,0,0,,0
"POINT (8.494858450000038 49.533400658000062)",Unfall 148014 (2017) Kat:3, Licht: 0,148014,3,4,6,03,07,2,0,0,0,1,1,0,,0
"POINT (8.494024688000025 49.486585635000040)",Unfall 148042 (2017) Kat:2, Licht: 0,148042,2,7,6,03,14,1,0,0,0,0,1,0,,1
"POINT (8.533748207000031 49.424878525000054)",Unfall 148043 (2017) Kat:2, Licht: 0,148043,2,7,0,03,19,1,0,0,1,0,0,0,,0
"POINT (8.471450000000061 49.493552121000050)",Unfall 148069 (2017) Kat:3, Licht: 0,148069,3,6,4,03,14,7,0,0,1,0,0,0,,0
"POINT (8.474625593000042 49.496228311000039)",Unfall 148101 (2017) Kat:3, Licht: 0,148101,3,3,4,03,10,6,0,0,1,0,0,0,,0
"POINT (8.477791110000055 49.476550154000051)",Unfall 148143 (2017) Kat:3, Licht: 0,148143,3,2,0,03,15,5,0,0,1,0,0,0,,0
"POINT (8.511526523000043 49.454230603000042)",Unfall 148144 (2017) Kat:3, Licht: 2,148144,3,2,4,03,23,5,0,2,0,1,0,0,,0
"POINT (8.465642336000030 49.484602737000046)",Unfall 148190 (2017) Kat:3, Licht: 0,148190,3,3,5,03,17,3,1,0,0,1,0,0,,0
"POINT (8.476215984000021 49.508343615000058)",Unfall 148191 (2017) Kat:3, Licht: 0,148191,3,2,1,03,07,3,0,0,0,1,0,0,,0
"POINT (8.511800108000045 49.523294510000028)",Unfall 148192 (2017) Kat:3, Licht: 2,148192,3,3,5,03,06,3,0,2,1,0,0,0,,1
"POINT (8.478701078000029 49.489884354000026)",Unfall 148193 (2017) Kat:3, Licht: 0,148193,3,3,5,03,16,3,1,0,1,0,0,0,,1
"POINT (8.483012337000048 49.513598829000045)",Unfall 148202 (2017) Kat:3, Licht: 0,148202,3,4,2,04,14,2,0,0,0,1,1,0,,1
"POINT (8.472404980000022 49.486205610000070)",Unfall 148241 (2017) Kat:3, Licht: 0,148241,3,5,1,04,13,1,0,0,1,1,0,0,,0
"POINT (8.465156819000072 49.489002340000070)",Unfall 148242 (2017) Kat:3, Licht: 2,148242,3,3,5,04,04,1,0,2,0,1,0,1,,0
"POINT (8.466558606000035 49.490623226000025)",Unfall 148243 (2017) Kat:3, Licht: 0,148243,3,4,6,04,14,1,0,0,0,1,1,0,,0
"POINT (8.472672035000073 49.516041500000028)",Unfall 148275 (2017) Kat:3, Licht: 0,148275,3,3,5,04,11,7,0,0,0,1,0,0,,0
"POINT (8.506010345000050 49.507489421000059)",Unfall 148321 (2017) Kat:3, Licht: 2,148321,3,2,4,03,20,6,0,2,0,1,0,1,,0
"POINT (8.483021622000024 49.481327663000059)",Unfall 148385 (2017) Kat:3, Licht: 0,148385,3,1,0,03,12,5,0,0,1,1,0,0,,0
"POINT (8.519181419000063 49.490197731000080)",Unfall 148386 (2017) Kat:3, Licht: 0,148386,3,3,5,03,16,5,0,0,1,1,0,0,,0
"POINT (8.473342283000022 49.504276829000048)",Unfall 148387 (2017) Kat:2, Licht: 0,148387,2,2,1,03,18,5,0,0,0,1,0,1,,0
"POINT (8.472434968000073 49.500173862000054)",Unfall 148578 (2017) Kat:3, Licht: 0,148578,3,3,0,04,13,5,0,0,1,1,0,0,,0
"POINT (8.468654518000051 49.491770322000036)",Unfall 148626 (2017) Kat:3, Licht: 0,148626,3,2,5,04,16,4,0,0,1,1,0,0,,0
"POINT (8.473874843000033 49.542571265000049)",Unfall 148672 (2017) Kat:3, Licht: 0,148672,3,3,5,04,12,3,0,0,1,1,0,0,,0
"POINT (8.453364500000021 49.543857246000073)",Unfall 148673 (2017) Kat:3, Licht: 0,148673,3,6,3,04,13,3,0,0,1,1,0,0,,0
"POINT (8.487298254000052 49.479453033000027)",Unfall 148674 (2017) Kat:3, Licht: 0,148674,3,3,5,04,18,3,0,0,0,1,0,0,,0
"POINT (8.460260731000062 49.495176359000027)",Unfall 148675 (2017) Kat:2, Licht: 2,148675,2,7,6,04,21,3,0,2,0,1,1,0,,0
"POINT (8.471363688000054 49.550606792000053)",Unfall 148759 (2017) Kat:3, Licht: 0,148759,3,4,6,04,19,7,0,0,0,1,1,0,,0
"POINT (8.471409282000025 49.525319676000038)",Unfall 148760 (2017) Kat:3, Licht: 0,148760,3,3,5,04,16,7,0,0,0,1,0,0,,0
"POINT (8.468706081000050 49.493885732000081)",Unfall 148761 (2017) Kat:3, Licht: 1,148761,3,1,2,04,18,7,1,1,0,1,0,1,,0
"POINT (8.497739677000027 49.461012936000031)",Unfall 148762 (2017) Kat:3, Licht: 0,148762,3,4,6,04,17,7,0,0,0,1,1,0,,0
"POINT (8.544166442000062 49.512543746000063)",Unfall 148775 (2017) Kat:3, Licht: 2,148775,3,5,1,04,03,6,0,2,0,1,0,0,,0
"POINT (8.465641875000074 49.484602226000050)",Unfall 148805 (2017) Kat:3, Licht: 0,148805,3,3,5,04,13,5,0,0,0,1,0,1,,0
"POINT (8.483234020000054 49.486454688000038)",Unfall 148806 (2017) Kat:3, Licht: 0,148806,3,6,2,04,16,5,0,0,0,1,0,0,,0
"POINT (8.498846116000038 49.453757774000053)",Unfall 148807 (2017) Kat:3, Licht: 2,148807,3,3,5,04,21,5,0,2,1,1,0,0,,0
"POINT (8.469482608000021 49.464772416000073)",Unfall 148847 (2017) Kat:3, Licht: 2,148847,3,3,5,04,23,4,0,2,0,1,0,0,,0
"POINT (8.471954247000042 49.482081255000026)",Unfall 148877 (2017) Kat:3, Licht: 0,148877,3,3,5,04,13,3,0,0,1,0,0,1,,0
"POINT (8.466720952000060 49.484655804000056)",Unfall 148878 (2017) Kat:3, Licht: 0,148878,3,3,5,04,19,3,0,0,0,1,0,1,,0
"POINT (8.469700717000023 49.490265107000027)",Unfall 148879 (2017) Kat:3, Licht: 0,148879,3,2,3,04,16,3,0,0,1,1,0,0,,0
"POINT (8.510241762000021 49.527897921000033)",Unfall 148938 (2017) Kat:2, Licht: 1,148938,2,3,5,04,06,2,0,1,1,0,0,0,,1
"POINT (8.487710706000030 49.526744219000079)",Unfall 148981 (2017) Kat:3, Licht: 0,148981,3,3,5,04,11,1,0,0,1,1,0,0,,0
"POINT (8.462882613000033 49.485592576000045)",Unfall 148982 (2017) Kat:3, Licht: 0,148982,3,3,5,04,13,1,0,0,0,1,0,0,,0
"POINT (8.509625357000061 49.443582246000062)",Unfall 148983 (2017) Kat:2, Licht: 0,148983,2,6,2,04,09,1,0,0,0,1,0,0,,0
"POINT (8.483352957000022 49.454417912000054)",Unfall 149078 (2017) Kat:3, Licht: 0,149078,3,7,0,04,14,2,0,0,0,0,0,1,,0
"POINT (8.531300354000052 49.479982566000047)",Unfall 149080 (2017) Kat:3, Licht: 0,149080,3,6,2,04,08,2,0,0,0,1,0,0,,0
"POINT (8.505371785000023 49.522251170000061)",Unfall 149081 (2017) Kat:3, Licht: 0,149081,3,2,5,04,07,2,0,0,1,1,0,0,,0
"POINT (8.488237559000027 49.463678549000065)",Unfall 149114 (2017) Kat:2, Licht: 2,149114,2,2,3,04,21,1,0,2,0,1,0,0,,1
"POINT (8.513280566000049 49.454243828000074)",Unfall 149134 (2017) Kat:2, Licht: 0,149134,2,3,5,04,10,7,0,0,0,1,0,0,,0
"POINT (8.482217218000073 49.512325137000062)",Unfall 149194 (2017) Kat:3, Licht: 1,149194,3,2,4,04,05,5,0,1,0,1,0,0,,0
"POINT (8.479840166000031 49.508955065000066)",Unfall 149195 (2017) Kat:3, Licht: 0,149195,3,6,1,04,16,5,0,0,0,1,0,0,,0
"POINT (8.520555986000034 49.494709389000036)",Unfall 149219 (2017) Kat:3, Licht: 0,149219,3,3,5,04,11,4,0,0,0,1,0,0,,0
"POINT (8.450419665000027 49.549771195000062)",Unfall 149258 (2017) Kat:3, Licht: 0,149258,3,3,5,05,17,5,0,0,0,1,0,0,,0
"POINT (8.488889545000063 49.483728300000053)",Unfall 149259 (2017) Kat:3, Licht: 0,149259,3,3,5,05,12,5,0,0,0,1,0,0,,0
"POINT (8.471432707000076 49.489726560000065)",Unfall 149260 (2017) Kat:3, Licht: 0,149260,3,3,5,05,10,5,0,0,1,0,0,0,,0
"POINT (8.459450645000061 49.486946429000056)",Unfall 149261 (2017) Kat:3, Licht: 0,149261,3,3,5,05,17,5,0,0,0,1,0,0,,0
"POINT (8.492010438000023 49.532295623000039)",Unfall 149262 (2017) Kat:3, Licht: 0,149262,3,3,5,05,08,5,0,0,1,0,0,0,,1
"POINT (8.529604451000068 49.475191414000051)",Unfall 149298 (2017) Kat:3, Licht: 0,149298,3,6,2,05,07,4,0,0,0,1,0,0,,0
"POINT (8.472757475000037 49.468353198000045)",Unfall 149299 (2017) Kat:3, Licht: 0,149299,3,3,5,05,07,4,0,0,1,1,0,0,,0
"POINT (8.484009302000061 49.468541587000061)",Unfall 149300 (2017) Kat:3, Licht: 0,149300,3,2,5,05,19,4,0,0,0,1,0,0,,0
"POINT (8.494938592000040 49.518642731000057)",Unfall 149343 (2017) Kat:3, Licht: 0,149343,3,3,5,05,16,3,0,0,0,1,0,0,,0
"POINT (8.475642984000047 49.473373967000043)",Unfall 149344 (2017) Kat:3, Licht: 0,149344,3,6,2,05,15,3,0,0,0,1,0,0,,0
"POINT (8.462488388000054 49.489161509000041)",Unfall 149345 (2017) Kat:3, Licht: 2,149345,3,7,6,05,22,3,0,2,0,0,1,0,,1
"POINT (8.492590678000056 49.478501218000076)",Unfall 149347 (2017) Kat:2, Licht: 0,149347,2,3,5,05,09,3,1,0,1,1,0,0,,0
"POINT (8.466668190000064 49.476353526000025)",Unfall 149348 (2017) Kat:3, Licht: 0,149348,3,5,1,05,07,3,1,0,1,1,0,0,,0
"POINT (8.465819898000063 49.481051630000081)",Unfall 149376 (2017) Kat:3, Licht: 0,149376,3,1,9,05,11,2,1,0,0,1,0,0,,0
"POINT (8.461769284000070 49.494768275000069)",Unfall 149377 (2017) Kat:3, Licht: 0,149377,3,6,0,05,19,2,1,0,0,1,0,0,,0
"POINT (8.467460199000072 49.488100705000079)",Unfall 149396 (2017) Kat:3, Licht: 0,149396,3,6,1,04,14,1,0,0,0,1,0,0,,0
"POINT (8.487902159000043 49.502583622000031)",Unfall 149397 (2017) Kat:3, Licht: 0,149397,3,5,0,04,12,1,0,0,1,1,0,0,,0
"POINT (8.517879560000040 49.461903038000059)",Unfall 149425 (2017) Kat:3, Licht: 0,149425,3,3,5,04,13,7,0,0,1,1,0,0,,0
"POINT (8.467023861000030 49.510646515000076)",Unfall 149426 (2017) Kat:3, Licht: 0,149426,3,3,0,04,13,7,0,0,0,1,0,0,,1
"POINT (8.450029511000025 49.540744875000030)",Unfall 149427 (2017) Kat:3, Licht: 2,149427,3,3,5,04,01,7,0,2,0,1,0,0,,1
"POINT (8.472599407000075 49.484173217000034)",Unfall 149468 (2017) Kat:3, Licht: 0,149468,3,5,1,04,18,6,0,0,1,1,0,0,,0
"POINT (8.554418015000067 49.466783323000072)",Unfall 149469 (2017) Kat:3, Licht: 0,149469,3,3,5,04,13,6,0,0,1,1,0,0,,0
"POINT (8.481327501000067 49.495631265000043)",Unfall 149470 (2017) Kat:3, Licht: 0,149470,3,6,0,04,15,6,0,0,0,0,0,1,,0
"POINT (8.545216633000052 49.473755846000074)",Unfall 149497 (2017) Kat:3, Licht: 0,149497,3,6,1,04,09,5,0,0,0,1,0,0,,1
"POINT (8.472838707000051 49.473638158000028)",Unfall 149498 (2017) Kat:2, Licht: 0,149498,2,7,3,04,07,5,0,0,0,1,0,0,,0
"POINT (8.489662395000039 49.535378960000060)",Unfall 149535 (2017) Kat:3, Licht: 0,149535,3,5,6,05,10,5,0,0,0,0,1,0,,1
"POINT (8.491845262000027 49.477914690000034)",Unfall 149536 (2017) Kat:3, Licht: 2,149536,3,3,5,05,21,5,0,2,0,1,0,0,,0
"POINT (8.472647955000070 49.499470444000053)",Unfall 149537 (2017) Kat:3, Licht: 0,149537,3,7,0,05,10,5,1,0,0,0,0,1,,0
"POINT (8.476743857000031 49.479052739000053)",Unfall 149586 (2017) Kat:3, Licht: 0,149586,3,3,5,05,20,4,0,0,0,1,0,1,,0
"POINT (8.468711654000060 49.485752905000027)",Unfall 149588 (2017) Kat:3, Licht: 0,149588,3,2,3,05,15,4,0,0,1,1,0,0,,0
"POINT (8.471599200000071 49.492698525000037)",Unfall 149589 (2017) Kat:2, Licht: 0,149589,2,6,1,05,09,4,0,0,0,1,0,1,,0
"POINT (8.466268676000027 49.499644165000063)",Unfall 149590 (2017) Kat:2, Licht: 0,149590,2,6,4,05,14,4,0,0,0,1,0,0,,0
"POINT (8.514666191000060 49.460928237000076)",Unfall 149630 (2017) Kat:3, Licht: 0,149630,3,6,2,05,09,3,0,0,0,1,0,0,,0
"POINT (8.517566183000042 49.505537569000069)",Unfall 149632 (2017) Kat:2, Licht: 0,149632,2,3,5,05,14,3,0,0,0,1,0,0,,0