WKT,Name,OBJECTID,UKATEGORIE,UTYP1,UART,UMONAT,USTUNDE,UWOCHENTAG,STRZUSTAND,ULICHTVERH,ISTRAD,ISTPKW,ISTFUSS,ISTKRAD,ISTGKFZ,ISTSONSTIG
"POINT (8.475008299000024 49.481424408000066)",Unfall 149663 (2017) Kat:3, Licht: 0,149663,3,3,5,05,08,2,1,0,1,1,0,0,,0
"POINT (8.494726423000031 49.451561937000065)",Unfall 149664 (2017) Kat:3, Licht: 0,149664,3,5,1,05,18,2,0,0,1,0,0,0,,1
"POINT (8.465456460000041 49.486942524000028)",Unfall 149693 (2017) Kat:3, Licht: 0,149693,3,2,6,05,17,1,1,0,0,0,1,0,,1
"POINT (8.464160849000052 49.488030884000068)",Unfall 149694 (2017) Kat:3, Licht: 2,149694,3,6,3,05,01,1,0,2,1,1,0,0,,0
"POINT (8.468361700000060 49.546463881000079)",Unfall 149720 (2017) Kat:3, Licht: 0,149720,3,2,5,05,11,7,0,0,0,1,0,1,,0
"POINT (8.487626471000056 49.494723580000027)",Unfall 149721 (2017) Kat:3, Licht: 0,149721,3,6,3,05,10,7,0,0,0,1,0,0,,1
"POINT (8.484092843000042 49.480852903000027)",Unfall 149755 (2017) Kat:3, Licht: 0,149755,3,6,2,05,14,6,0,0,0,1,0,0,,0
"POINT (8.499519859000031 49.521132493000039)",Unfall 149847 (2017) Kat:3, Licht: 0,149847,3,7,1,05,18,3,0,0,0,1,1,0,,0
"POINT (8.487921005000032 49.479507237000064)",Unfall 149848 (2017) Kat:3, Licht: 0,149848,3,3,5,05,19,3,0,0,1,1,0,0,,0
"POINT (8.497243068000046 49.453490846000079)",Unfall 149849 (2017) Kat:2, Licht: 0,149849,2,3,5,05,16,3,0,0,1,1,0,0,,0
"POINT (8.457673967000062 49.491878880000058)",Unfall 149850 (2017) Kat:3, Licht: 0,149850,3,6,2,05,07,3,0,0,1,0,0,0,,0
"POINT (8.462183261000064 49.487008917000026)",Unfall 149851 (2017) Kat:3, Licht: 0,149851,3,3,5,05,16,3,0,0,0,1,0,0,,0
"POINT (8.478515028000061 49.480572829000039)",Unfall 149909 (2017) Kat:2, Licht: 2,149909,2,3,0,05,21,2,0,2,0,1,0,1,,0
"POINT (8.514214842000058 49.512732757000038)",Unfall 149910 (2017) Kat:3, Licht: 0,149910,3,7,0,05,19,2,0,0,1,0,0,0,,0
"POINT (8.531300766000072 49.479983341000036)",Unfall 149911 (2017) Kat:3, Licht: 0,149911,3,6,1,05,07,2,0,0,0,1,0,0,,0
"POINT (8.472178865000046 49.450755245000039)",Unfall 149940 (2017) Kat:3, Licht: 0,149940,3,6,3,05,14,1,0,0,0,1,0,1,,0
"POINT (8.509460725000054 49.446211028000050)",Unfall 149982 (2017) Kat:3, Licht: 0,149982,3,6,2,05,12,7,1,0,0,1,0,0,,0
"POINT (8.480613679000044 49.475840449000032)",Unfall 150018 (2017) Kat:3, Licht: 0,150018,3,3,5,05,10,6,0,0,0,1,0,0,,0
"POINT (8.494970378000062 49.453798322000068)",Unfall 150019 (2017) Kat:2, Licht: 0,150019,2,1,9,05,09,6,1,0,0,1,1,0,,0
"POINT (8.471913039000071 49.470487319000028)",Unfall 150020 (2017) Kat:3, Licht: 0,150020,3,6,2,05,16,6,0,0,0,1,0,0,,0
"POINT (8.467725225000038 49.487999184000046)",Unfall 150021 (2017) Kat:3, Licht: 0,150021,3,2,1,05,17,6,0,0,1,1,0,0,,0
"POINT (8.526897798000050 49.433963698000071)",Unfall 150155 (2017) Kat:3, Licht: 0,150155,3,4,6,05,14,6,1,0,0,1,1,0,,0
"POINT (8.462202542000057 49.487001288000044)",Unfall 150156 (2017) Kat:3, Licht: 0,150156,3,3,5,05,14,6,1,0,0,1,0,0,,0
"POINT (8.508406867000076 49.513243741000053)",Unfall 150157 (2017) Kat:3, Licht: 0,150157,3,1,0,05,18,6,1,0,0,0,0,1,,1
"POINT (8.467965506000041 49.489678138000045)",Unfall 150158 (2017) Kat:3, Licht: 0,150158,3,7,6,05,06,6,1,0,1,0,1,0,,0
"POINT (8.464723889000027 49.486014470000043)",Unfall 150212 (2017) Kat:3, Licht: 0,150212,3,2,6,05,18,5,0,0,0,1,1,0,,0
"POINT (8.473958733000075 49.466248588000042)",Unfall 150213 (2017) Kat:3, Licht: 0,150213,3,3,5,05,15,5,0,0,1,1,0,0,,0
"POINT (8.517152117000023 49.508755038000061)",Unfall 150214 (2017) Kat:2, Licht: 0,150214,2,3,5,05,07,5,0,0,1,1,0,0,,0
"POINT (8.546192024000050 49.469991986000082)",Unfall 150275 (2017) Kat:3, Licht: 0,150275,3,6,2,05,18,4,0,0,0,1,0,0,,0
"POINT (8.500649950000025 49.468625173000078)",Unfall 150276 (2017) Kat:3, Licht: 2,150276,3,2,5,05,21,4,0,2,1,1,0,0,,0
"POINT (8.472078277000037 49.498056668000061)",Unfall 150277 (2017) Kat:3, Licht: 0,150277,3,7,6,05,17,4,0,0,1,0,1,0,,0
"POINT (8.471931077000022 49.547966988000042)",Unfall 150322 (2017) Kat:3, Licht: 2,150322,3,4,6,05,21,6,0,2,0,1,1,0,,0
"POINT (8.529162288000066 49.474027384000067)",Unfall 150323 (2017) Kat:3, Licht: 0,150323,3,1,0,05,17,6,0,0,0,0,0,1,,0
"POINT (8.495102695000071 49.499684180000031)",Unfall 150324 (2017) Kat:3, Licht: 0,150324,3,6,3,05,08,6,0,0,1,1,0,0,,0
"POINT (8.469921119000048 49.504736811000043)",Unfall 150325 (2017) Kat:2, Licht: 0,150325,2,7,6,05,13,6,0,0,0,1,1,0,,0
"POINT (8.471589182000059 49.492699474000062)",Unfall 150327 (2017) Kat:2, Licht: 0,150327,2,4,6,05,14,6,0,0,0,0,1,0,,1
"POINT (8.466833471000030 49.483525448000080)",Unfall 150331 (2017) Kat:3, Licht: 0,150331,3,7,6,05,13,6,0,0,0,1,1,0,,0
"POINT (8.506240553000055 49.478155045000051)",Unfall 150424 (2017) Kat:3, Licht: 0,150424,3,3,5,05,09,4,0,0,1,1,0,0,,0
"POINT (8.476939917000038 49.503954401000044)",Unfall 150425 (2017) Kat:2, Licht: 0,150425,2,7,0,05,12,4,0,0,0,0,0,1,,0
"POINT (8.467926519000059 49.484707523000054)",Unfall 150496 (2017) Kat:3, Licht: 0,150496,3,3,5,05,13,3,0,0,1,1,0,0,,0
"POINT (8.535014738000029 49.488545065000039)",Unfall 150497 (2017) Kat:3, Licht: 0,150497,3,6,4,05,07,3,0,0,1,0,0,0,,1
"POINT (8.512391012000023 49.522051130000079)",Unfall 150548 (2017) Kat:3, Licht: 0,150548,3,5,1,05,09,2,0,0,1,1,0,0,,0
"POINT (8.507465081000021 49.510610542000052)",Unfall 150549 (2017) Kat:3, Licht: 0,150549,3,3,5,05,15,2,0,0,0,1,0,0,,0
"POINT (8.488073264000036 49.529006361000029)",Unfall 150582 (2017) Kat:3, Licht: 0,150582,3,3,5,05,08,4,0,0,1,1,0,0,,0
"POINT (8.447602368000048 49.543662187000052)",Unfall 150583 (2017) Kat:3, Licht: 0,150583,3,7,1,05,12,4,0,0,0,1,0,1,,0
"POINT (8.474545716000023 49.479360179000025)",Unfall 150646 (2017) Kat:2, Licht: 0,150646,2,4,6,05,06,3,0,0,0,0,1,0,,1
"POINT (8.479118346000064 49.490961365000032)",Unfall 150695 (2017) Kat:3, Licht: 0,150695,3,6,1,05,16,2,0,0,0,1,0,0,,0
"POINT (8.541274825000073 49.498791569000048)",Unfall 150696 (2017) Kat:3, Licht: 0,150696,3,3,5,05,08,2,0,0,0,1,0,1,,0
"POINT (8.463732425000046 49.485251781000045)",Unfall 150697 (2017) Kat:2, Licht: 0,150697,2,4,6,05,13,2,0,0,0,1,1,0,,0
"POINT (8.464219134000075 49.475074096000071)",Unfall 150744 (2017) Kat:3, Licht: 0,150744,3,6,1,05,17,1,0,0,0,1,0,0,,0
"POINT (8.491597669000043 49.477638016000071)",Unfall 150745 (2017) Kat:3, Licht: 0,150745,3,3,5,05,17,1,0,0,0,1,0,0,,0
"POINT (8.473592452000048 49.483845209000037)",Unfall 150777 (2017) Kat:3, Licht: 0,150777,3,7,0,05,16,7,0,0,1,0,0,0,,0
"POINT (8.512872860000073 49.447210470000073)",Unfall 150778 (2017) Kat:3, Licht: 0,150778,3,6,2,05,19,7,0,0,0,1,0,0,,0
"POINT (8.470649875000049 49.508769993000044)",Unfall 150779 (2017) Kat:2, Licht: 0,150779,2,4,6,05,19,7,0,0,0,0,1,0,,1
"POINT (8.474441857000045 49.485419196000066)",Unfall 150780 (2017) Kat:3, Licht: 0,150780,3,6,3,05,18,7,0,0,1,1,0,0,,0
"POINT (8.461699423000027 49.516915014000062)",Unfall 150874 (2017) Kat:3, Licht: 0,150874,3,2,4,06,16,2,0,0,0,1,0,0,,0
"POINT (8.471244168000055 49.500226847000079)",Unfall 150928 (2017) Kat:3, Licht: 0,150928,3,2,5,06,18,7,1,0,1,1,0,0,,0
"POINT (8.482886079000025 49.478142452000043)",Unfall 150972 (2017) Kat:3, Licht: 1,150972,3,5,5,06,21,6,0,1,0,1,0,0,,1
"POINT (8.501912578000031 49.468169500000045)",Unfall 150973 (2017) Kat:3, Licht: 0,150973,3,7,5,06,18,6,0,0,1,1,0,0,,0
"POINT (8.475112390000049 49.451572226000053)",Unfall 150974 (2017) Kat:3, Licht: 0,150974,3,7,0,06,17,6,0,0,0,1,0,0,,0
"POINT (8.486382102000050 49.513234467000075)",Unfall 151030 (2017) Kat:3, Licht: 0,151030,3,6,2,06,07,5,0,0,0,1,0,0,,0
"POINT (8.468355761000055 49.475847153000075)",Unfall 151031 (2017) Kat:3, Licht: 0,151031,3,3,0,06,12,5,0,0,0,1,0,1,,0
"POINT (8.490233348000061 49.461466207000058)",Unfall 151032 (2017) Kat:3, Licht: 0,151032,3,3,5,06,14,5,0,0,1,1,0,0,,0
"POINT (8.468454160000022 49.549191872000051)",Unfall 151033 (2017) Kat:2, Licht: 0,151033,2,3,5,06,15,5,0,0,0,1,0,1,,0
"POINT (8.475986278000050 49.459505104000073)",Unfall 151068 (2017) Kat:3, Licht: 0,151068,3,2,5,06,21,4,0,0,1,1,0,0,,0
"POINT (8.528012323000041 49.414988433000076)",Unfall 151069 (2017) Kat:3, Licht: 0,151069,3,3,5,06,16,4,0,0,1,1,0,0,,0
"POINT (8.459033532000035 49.494500930000072)",Unfall 151070 (2017) Kat:3, Licht: 0,151070,3,5,0,06,12,4,0,0,1,0,0,0,,1
"POINT (8.475315382000076 49.490451763000067)",Unfall 151079 (2017) Kat:3, Licht: 0,151079,3,6,1,06,13,4,0,0,0,1,0,0,,0
"POINT (8.487942163000071 49.476027797000029)",Unfall 151080 (2017) Kat:3, Licht: 0,151080,3,6,2,06,17,4,0,0,0,1,0,0,,0
"POINT (8.451475022000068 49.539387098000077)",Unfall 151107 (2017) Kat:3, Licht: 0,151107,3,7,6,06,11,3,0,0,0,0,1,0,,1
"POINT (8.505814654000062 49.506657572000051)",Unfall 151108 (2017) Kat:3, Licht: 0,151108,3,1,0,06,06,3,0,0,0,0,0,1,,0
"POINT (8.454844563000052 49.521594215000050)",Unfall 151155 (2017) Kat:3, Licht: 0,151155,3,6,2,06,12,2,0,0,0,1,0,0,,0
"POINT (8.478206739000029 49.480179931000066)",Unfall 151194 (2017) Kat:2, Licht: 0,151194,2,1,0,06,14,1,0,0,1,0,0,0,,0
"POINT (8.473386207000033 49.454962805000036)",Unfall 151195 (2017) Kat:3, Licht: 0,151195,3,7,5,06,11,1,0,0,0,1,0,0,,0
"POINT (8.481755012000065 49.531943393000063)",Unfall 151265 (2017) Kat:3, Licht: 0,151265,3,6,1,06,08,6,0,0,0,1,0,1,,0
"POINT (8.472512964000032 49.492477316000077)",Unfall 151266 (2017) Kat:3, Licht: 0,151266,3,3,5,06,16,6,0,0,1,1,0,0,,0
"POINT (8.494985309000072 49.453801869000074)",Unfall 151267 (2017) Kat:3, Licht: 0,151267,3,1,9,06,20,6,1,0,0,1,0,0,,0
"POINT (8.472213424000074 49.519716218000042)",Unfall 151268 (2017) Kat:2, Licht: 0,151268,2,1,0,06,15,6,1,0,0,0,0,1,,0
"POINT (8.476120989000037 49.473458428000072)",Unfall 151392 (2017) Kat:3, Licht: 0,151392,3,1,0,06,18,2,1,0,1,0,0,0,,0
"POINT (8.507246707000036 49.441766782000059)",Unfall 151393 (2017) Kat:3, Licht: 0,151393,3,7,0,06,07,2,0,0,1,0,0,0,,0
"POINT (8.470409191000044 49.507579895000049)",Unfall 151395 (2017) Kat:2, Licht: 0,151395,2,4,6,06,20,2,0,0,0,1,1,0,,0
"POINT (8.477270969000074 49.499551201000031)",Unfall 151396 (2017) Kat:3, Licht: 0,151396,3,6,2,06,17,2,0,0,0,1,0,0,,0
"POINT (8.475829585000042 49.473541092000062)",Unfall 151443 (2017) Kat:3, Licht: 0,151443,3,2,5,06,20,1,0,0,0,1,0,1,,0
"POINT (8.507815925000045 49.498479854000038)",Unfall 151475 (2017) Kat:3, Licht: 1,151475,3,7,9,06,20,7,0,1,0,1,0,0,,0
"POINT (8.481909749000067 49.474654656000041)",Unfall 151514 (2017) Kat:3, Licht: 0,151514,3,5,4,06,10,6,0,0,1,1,0,0,,0
"POINT (8.489000590000046 49.498512454000036)",Unfall 151515 (2017) Kat:3, Licht: 0,151515,3,4,6,06,09,6,0,0,0,1,1,0,,0
"POINT (8.533988190000059 49.424665385000026)",Unfall 151554 (2017) Kat:3, Licht: 0,151554,3,7,0,06,16,5,0,0,1,0,0,0,,0
"POINT (8.467003180000063 49.469116293000070)",Unfall 151622 (2017) Kat:3, Licht: 0,151622,3,7,0,06,20,7,0,0,1,0,0,0,,1
"POINT (8.472607144000051 49.482002673000068)",Unfall 151623 (2017) Kat:3, Licht: 0,151623,3,7,0,06,13,7,0,0,0,0,1,0,,1
"POINT (8.449529417000065 49.540679632000035)",Unfall 151624 (2017) Kat:2, Licht: 0,151624,2,3,5,06,14,7,0,0,0,1,0,0,,1
"POINT (8.493124176000038 49.521803930000033)",Unfall 151674 (2017) Kat:3, Licht: 0,151674,3,3,5,06,17,6,0,0,1,1,0,0,,0
"POINT (8.458117445000028 49.504363999000077)",Unfall 151675 (2017) Kat:3, Licht: 0,151675,3,3,5,06,09,6,0,0,0,1,0,1,,0
"POINT (8.482816624000066 49.469951083000069)",Unfall 151676 (2017) Kat:3, Licht: 0,151676,3,2,4,06,09,6,0,0,1,1,0,0,,0
"POINT (8.528100194000047 49.414989721000040)",Unfall 151677 (2017) Kat:3, Licht: 1,151677,3,2,4,06,20,6,0,1,0,1,0,0,,0
"POINT (8.483116678000044 49.475082457000042)",Unfall 151678 (2017) Kat:3, Licht: 0,151678,3,3,5,06,13,6,0,0,0,1,0,0,,0
"POINT (8.464382939000075 49.491911160000029)",Unfall 151730 (2017) Kat:3, Licht: 0,151730,3,5,3,06,16,5,0,0,1,1,0,0,,0
"POINT (8.470058349000055 49.504581659000053)",Unfall 151731 (2017) Kat:3, Licht: 0,151731,3,2,5,06,15,5,0,0,0,0,0,0,,1
"POINT (8.465460747000066 49.485672907000037)",Unfall 151786 (2017) Kat:3, Licht: 2,151786,3,3,5,06,00,4,0,2,0,1,0,0,,0
"POINT (8.471056198000042 49.501126101000068)",Unfall 151787 (2017) Kat:3, Licht: 0,151787,3,6,2,06,13,4,0,0,0,1,0,1,,0
"POINT (8.469940641000051 49.504498684000055)",Unfall 151788 (2017) Kat:3, Licht: 0,151788,3,6,1,06,15,4,0,0,0,1,0,1,,0
"POINT (8.489665925000054 49.453700177000030)",Unfall 151789 (2017) Kat:2, Licht: 0,151789,2,4,0,06,08,4,0,0,0,1,1,0,,0
"POINT (8.470288920000030 49.513085834000037)",Unfall 151791 (2017) Kat:2, Licht: 0,151791,2,3,5,06,10,4,0,0,0,1,0,0,,1
"POINT (8.456339507000052 49.490197143000046)",Unfall 151857 (2017) Kat:3, Licht: 0,151857,3,6,1,06,07,3,0,0,0,1,0,0,,0
"POINT (8.471712234000052 49.490044819000047)",Unfall 151889 (2017) Kat:3, Licht: 0,151889,3,1,0,06,15,5,0,0,0,0,0,1,,1
"POINT (8.444743451000022 49.548170709000033)",Unfall 151947 (2017) Kat:3, Licht: 0,151947,3,3,5,06,15,4,0,0,0,1,0,0,,0
"POINT (8.483530505000033 49.480794311000068)",Unfall 151948 (2017) Kat:2, Licht: 0,151948,2,7,0,06,19,4,0,0,0,0,0,1,,0
"POINT (8.486025266000070 49.485368374000075)",Unfall 152008 (2017) Kat:3, Licht: 0,152008,3,6,0,06,12,3,0,0,0,1,0,0,,0
"POINT (8.478558781000061 49.508329820000029)",Unfall 152009 (2017) Kat:3, Licht: 0,152009,3,7,0,06,13,3,0,0,1,0,0,0,,0
"POINT (8.465157396000052 49.489002112000037)",Unfall 152010 (2017) Kat:3, Licht: 0,152010,3,2,3,06,18,3,0,0,1,1,0,0,,0
"POINT (8.473710927000070 49.547499329000061)",Unfall 152011 (2017) Kat:3, Licht: 0,152011,3,5,1,06,18,3,0,0,1,1,0,0,,0
"POINT (8.509357047000037 49.509069959000044)",Unfall 152012 (2017) Kat:3, Licht: 0,152012,3,3,5,06,07,3,0,0,1,1,0,0,,0
"POINT (8.437342662000049 49.547780407000062)",Unfall 152013 (2017) Kat:2, Licht: 0,152013,2,2,6,06,15,3,0,0,0,0,1,0,,1
"POINT (8.464698429000066 49.500634773000058)",Unfall 152014 (2017) Kat:3, Licht: 0,152014,3,3,5,06,17,3,0,0,0,1,0,0,,1
"POINT (8.493711191000045 49.500787803000037)",Unfall 152015 (2017) Kat:3, Licht: 0,152015,3,3,5,06,16,3,0,0,1,1,0,0,,0
"POINT (8.473011479000036 49.504317858000036)",Unfall 152071 (2017) Kat:3, Licht: 0,152071,3,5,1,06,16,2,0,0,0,1,0,0,,0
"POINT (8.471567938000021 49.492701488000080)",Unfall 152072 (2017) Kat:3, Licht: 0,152072,3,6,2,06,12,2,0,0,0,1,0,0,,0
"POINT (8.456952628000067 49.491170035000039)",Unfall 152073 (2017) Kat:3, Licht: 0,152073,3,7,0,06,10,2,0,0,0,0,0,1,,1
"POINT (8.469293418000063 49.493601641000055)",Unfall 152118 (2017) Kat:3, Licht: 0,152118,3,3,5,06,16,1,0,0,1,1,0,0,,0
"POINT (8.499927904000060 49.495816108000042)",Unfall 152119 (2017) Kat:3, Licht: 0,152119,3,7,0,06,17,1,0,0,0,0,0,1,,0
"POINT (8.469326758000022 49.487445839000031)",Unfall 152136 (2017) Kat:2, Licht: 0,152136,2,2,3,06,17,6,0,0,1,1,0,0,,0
"POINT (8.489667832000066 49.522487738000052)",Unfall 152228 (2017) Kat:3, Licht: 0,152228,3,5,5,07,17,3,0,0,1,1,0,0,,0
"POINT (8.489245322000045 49.460399684000038)",Unfall 152229 (2017) Kat:3, Licht: 0,152229,3,3,0,07,15,3,0,0,1,0,0,1,,0
"POINT (8.459317102000057 49.497281457000042)",Unfall 152230 (2017) Kat:3, Licht: 0,152230,3,6,2,07,09,3,0,0,0,1,0,0,,0
"POINT (8.501666171000068 49.477736346000029)",Unfall 152284 (2017) Kat:3, Licht: 0,152284,3,3,5,07,17,2,0,0,1,1,0,0,,0
"POINT (8.497814799000025 49.502867101000049)",Unfall 152285 (2017) Kat:3, Licht: 0,152285,3,5,5,07,10,2,0,0,0,1,0,0,,0
"POINT (8.468900268000027 49.498412150000036)",Unfall 152337 (2017) Kat:3, Licht: 0,152337,3,4,0,07,08,7,0,0,1,0,1,0,,0
"POINT (8.473650311000029 49.496798454000043)",Unfall 152338 (2017) Kat:3, Licht: 0,152338,3,6,2,07,13,7,0,0,0,1,0,0,,0
"POINT (8.469639334000021 49.482962951000047)",Unfall 152371 (2017) Kat:3, Licht: 0,152371,3,7,0,06,19,6,0,0,1,1,0,0,,0
"POINT (8.480639525000072 49.557911064000052)",Unfall 152387 (2017) Kat:3, Licht: 0,152387,3,7,1,07,16,2,1,0,1,1,0,0,,0
"POINT (8.491845262000027 49.477914690000034)",Unfall 152388 (2017) Kat:3, Licht: 0,152388,3,2,5,07,05,2,0,0,0,1,0,0,,0
"POINT (8.474438144000033 49.472751366000068)",Unfall 152389 (2017) Kat:2, Licht: 0,152389,2,3,5,07,10,2,0,0,1,1,0,0,,0
"POINT (8.534634075000042 49.448693815000070)",Unfall 152426 (2017) Kat:2, Licht: 0,152426,2,6,3,07,11,1,0,0,1,1,0,0,,1
"POINT (8.468889656000044 49.481775392000031)",Unfall 152452 (2017) Kat:2, Licht: 0,152452,2,4,6,07,17,7,0,0,0,1,1,0,,0
"POINT (8.471424943000045 49.484632170000054)",Unfall 152453 (2017) Kat:3, Licht: 2,152453,3,7,0,07,22,7,0,2,0,0,0,1,,0
"POINT (8.482968211000070 49.481433031000051)",Unfall 152494 (2017) Kat:2, Licht: 0,152494,2,7,5,07,11,6,0,0,0,1,0,0,,0
"POINT (8.486977501000069 49.511337499000035)",Unfall 152495 (2017) Kat:3, Licht: 2,152495,3,7,9,07,23,6,0,2,0,0,0,1,,0
"POINT (8.552423833000034 49.510299834000079)",Unfall 152496 (2017) Kat:3, Licht: 0,152496,3,6,1,07,18,6,0,0,0,1,0,0,,0
"POINT (8.469043043000056 49.487494469000069)",Unfall 152497 (2017) Kat:3, Licht: 0,152497,3,5,0,07,13,6,0,0,0,1,0,0,,1
"POINT (8.478150920000076 49.480786461000037)",Unfall 152556 (2017) Kat:3, Licht: 0,152556,3,5,1,07,08,5,0,0,1,1,0,0,,0
"POINT (8.467182361000027 49.490092857000036)",Unfall 152557 (2017) Kat:3, Licht: 0,152557,3,5,1,07,11,5,0,0,0,1,0,0,,0
"POINT (8.510052723000058 49.517066442000043)",Unfall 152628 (2017) Kat:3, Licht: 0,152628,3,3,5,07,12,4,0,0,0,1,0,0,,0
"POINT (8.468024603000060 49.501117502000056)",Unfall 152629 (2017) Kat:2, Licht: 2,152629,2,1,0,07,23,4,0,2,0,0,0,1,,0
"POINT (8.505049037000049 49.456188833000056)",Unfall 152630 (2017) Kat:3, Licht: 0,152630,3,6,2,07,10,4,0,0,0,1,0,0,,0
"POINT (8.478524923000066 49.490314674000047)",Unfall 152631 (2017) Kat:3, Licht: 0,152631,3,6,2,07,18,4,0,0,0,1,0,1,,0
"POINT (8.483445262000032 49.454588871000055)",Unfall 152658 (2017) Kat:3, Licht: 0,152658,3,6,1,07,18,6,0,0,0,1,0,0,,0
"POINT (8.461394335000023 49.488583045000041)",Unfall 152660 (2017) Kat:3, Licht: 0,152660,3,4,6,07,11,6,0,0,0,1,1,0,,0
"POINT (8.487196452000035 49.496336513000074)",Unfall 152719 (2017) Kat:3, Licht: 2,152719,3,4,6,07,00,5,0,2,1,0,1,0,,0
"POINT (8.465100642000039 49.500367082000025)",Unfall 152720 (2017) Kat:3, Licht: 0,152720,3,3,1,07,15,5,0,0,1,1,0,0,,0
"POINT (8.478508414000032 49.460277233000056)",Unfall 152721 (2017) Kat:3, Licht: 0,152721,3,3,5,07,15,5,0,0,1,1,0,0,,0
"POINT (8.488901074000069 49.452764972000068)",Unfall 152790 (2017) Kat:3, Licht: 0,152790,3,3,5,07,15,4,1,0,0,1,0,1,,0
"POINT (8.461486092000030 49.485127701000067)",Unfall 152791 (2017) Kat:3, Licht: 0,152791,3,6,2,07,13,4,0,0,0,1,0,0,,0
"POINT (8.565323413000044 49.465224841000065)",Unfall 152842 (2017) Kat:3, Licht: 0,152842,3,6,5,07,12,3,0,0,0,0,0,1,,1
"POINT (8.458284312000046 49.481985413000075)",Unfall 152932 (2017) Kat:3, Licht: 0,152932,3,6,2,07,17,4,0,0,0,1,0,0,,0
"POINT (8.492366959000037 49.455719376000047)",Unfall 152989 (2017) Kat:3, Licht: 0,152989,3,3,5,07,15,3,0,0,1,1,0,0,,0
"POINT (8.463466706000077 49.484824569000068)",Unfall 152990 (2017) Kat:3, Licht: 0,152990,3,4,6,07,10,3,0,0,0,0,1,0,,1
"POINT (8.486813510000047 49.496505169000045)",Unfall 153052 (2017) Kat:3, Licht: 2,153052,3,2,9,07,02,2,0,2,0,1,0,0,,0
"POINT (8.466255299000068 49.499758622000058)",Unfall 153123 (2017) Kat:3, Licht: 1,153123,3,3,5,07,21,7,0,1,0,1,0,0,,0
"POINT (8.455892022000057 49.486211404000073)",Unfall 153222 (2017) Kat:3, Licht: 0,153222,3,6,3,07,11,2,1,0,0,0,0,1,,1
"POINT (8.509195096000042 49.519323039000028)",Unfall 153285 (2017) Kat:3, Licht: 2,153285,3,1,8,07,03,7,1,2,0,1,0,0,,0
"POINT (8.475110250000057 49.496500538000078)",Unfall 153333 (2017) Kat:3, Licht: 0,153333,3,2,5,07,15,6,0,0,1,1,0,0,,0
"POINT (8.470213809000029 49.493285870000079)",Unfall 153334 (2017) Kat:3, Licht: 2,153334,3,3,0,07,23,6,1,2,0,0,0,1,,1
"POINT (8.468736204000038 49.491738136000038)",Unfall 153335 (2017) Kat:3, Licht: 0,153335,3,3,5,07,17,6,0,0,0,1,0,0,,0
"POINT (8.461318567000035 49.486164507000069)",Unfall 153336 (2017) Kat:3, Licht: 0,153336,3,3,5,07,14,6,0,0,1,1,0,0,,0
"POINT (8.521605072000057 49.515337207000073)",Unfall 153395 (2017) Kat:2, Licht: 0,153395,2,7,0,07,18,5,1,0,0,0,0,1,,0
"POINT (8.475321050000048 49.490904133000072)",Unfall 153396 (2017) Kat:3, Licht: 0,153396,3,2,5,07,18,5,0,0,1,1,0,0,,0
"POINT (8.448225061000073 49.542651253000031)",Unfall 153470 (2017) Kat:3, Licht: 0,153470,3,6,6,07,13,2,0,0,0,1,1,0,,0
"POINT (8.489943571000026 49.452631620000034)",Unfall 153471 (2017) Kat:3, Licht: 0,153471,3,5,1,07,18,2,0,0,0,1,0,1,,0
"POINT (8.481971267000063 49.494860306000078)",Unfall 153539 (2017) Kat:3, Licht: 2,153539,3,3,5,07,22,7,0,2,1,1,0,0,,0
"POINT (8.524041887000067 49.509369628000059)",Unfall 153540 (2017) Kat:3, Licht: 2,153540,3,2,4,07,22,7,0,2,1,1,0,0,,0
"POINT (8.480269565000072 49.495013277000055)",Unfall 153541 (2017) Kat:2, Licht: 1,153541,2,3,5,07,05,7,0,1,0,1,0,0,,0
"POINT (8.460467390000076 49.488950290000048)",Unfall 153571 (2017) Kat:3, Licht: 0,153571,3,2,5,07,17,6,0,0,1,1,0,0,,0
"POINT (8.468979410000031 49.483218566000062)",Unfall 153572 (2017) Kat:3, Licht: 0,153572,3,4,6,07,16,6,0,0,0,1,1,0,,0
"POINT (8.467110813000033 49.501014946000055)",Unfall 153573 (2017) Kat:3, Licht: 0,153573,3,3,5,07,12,6,0,0,0,1,0,0,,0
"POINT (8.449450265000053 49.544072221000079)",Unfall 153574 (2017) Kat:2, Licht: 0,153574,2,5,6,07,08,6,0,0,0,1,1,0,,0
"POINT (8.501821638000024 49.494330765000029)",Unfall 153654 (2017) Kat:3, Licht: 0,153654,3,3,5,07,14,4,0,0,0,1,0,0,,0