WKT,Name,OBJECTID,UKATEGORIE,UTYP1,UART,UMONAT,USTUNDE,UWOCHENTAG,STRZUSTAND,ULICHTVERH,ISTRAD,ISTPKW,ISTFUSS,ISTKRAD,ISTGKFZ,ISTSONSTIG
"POINT (8.477514701000075 49.547811096000032)",Unfall 153656 (2017) Kat:2, Licht: 0,153656,2,4,6,07,15,4,0,0,0,1,1,0,,0
"POINT (8.473786642000050 49.481317983000054)",Unfall 153699 (2017) Kat:3, Licht: 0,153699,3,5,1,08,08,2,0,0,1,1,0,0,,0
"POINT (8.458077877000051 49.498280685000054)",Unfall 153700 (2017) Kat:2, Licht: 0,153700,2,6,2,08,14,2,0,0,1,1,0,0,,0
"POINT (8.478076656000042 49.497649493000040)",Unfall 153757 (2017) Kat:3, Licht: 0,153757,3,5,1,08,10,7,0,0,1,1,0,0,,0
"POINT (8.464689696000050 49.493298280000033)",Unfall 153844 (2017) Kat:3, Licht: 0,153844,3,3,5,08,16,5,0,0,0,1,0,0,,0
"POINT (8.477627365000046 49.461611324000046)",Unfall 153845 (2017) Kat:3, Licht: 0,153845,3,6,2,08,19,5,0,0,0,1,0,1,,0
"POINT (8.553902316000063 49.520068233000075)",Unfall 153846 (2017) Kat:3, Licht: 0,153846,3,2,3,08,13,5,0,0,0,1,0,0,,0
"POINT (8.472748527000022 49.480824116000065)",Unfall 153847 (2017) Kat:3, Licht: 0,153847,3,2,0,08,15,5,0,0,0,1,1,0,,0
"POINT (8.549496560000023 49.489769646000070)",Unfall 153848 (2017) Kat:2, Licht: 2,153848,2,2,4,08,05,5,1,2,0,1,0,0,,0
"POINT (8.535676379000051 49.448465557000077)",Unfall 153937 (2017) Kat:3, Licht: 0,153937,3,6,2,08,08,3,0,0,0,1,0,0,,1
"POINT (8.469884934000049 49.470388340000056)",Unfall 153982 (2017) Kat:3, Licht: 0,153982,3,7,1,08,11,3,0,0,0,1,0,0,,0
"POINT (8.457191095000042 49.494733638000071)",Unfall 153983 (2017) Kat:3, Licht: 2,153983,3,3,5,08,23,3,0,2,1,1,0,0,,0
"POINT (8.446540910000067 49.549577679000038)",Unfall 154021 (2017) Kat:2, Licht: 2,154021,2,1,9,08,00,2,0,2,0,1,0,0,,0
"POINT (8.469482590000041 49.464772177000043)",Unfall 154022 (2017) Kat:3, Licht: 0,154022,3,6,2,08,13,2,0,0,0,1,0,0,,0
"POINT (8.511530816000061 49.498000100000070)",Unfall 154023 (2017) Kat:3, Licht: 0,154023,3,2,1,08,19,2,0,0,1,1,0,0,,0
"POINT (8.447767441000053 49.497650101000033)",Unfall 154025 (2017) Kat:2, Licht: 0,154025,2,1,0,08,20,2,0,0,1,0,0,0,,0
"POINT (8.487221309000063 49.479691538000054)",Unfall 154128 (2017) Kat:3, Licht: 0,154128,3,6,2,08,17,5,1,0,0,1,0,0,,0
"POINT (8.500110356000050 49.503919865000057)",Unfall 154129 (2017) Kat:3, Licht: 1,154129,3,3,5,08,18,5,1,1,0,1,0,0,,0
"POINT (8.530073474000062 49.489722387000029)",Unfall 154130 (2017) Kat:3, Licht: 0,154130,3,3,5,08,15,5,1,0,0,1,0,0,,0
"POINT (8.522021858000073 49.515450231000045)",Unfall 154131 (2017) Kat:3, Licht: 0,154131,3,6,2,08,11,5,1,0,0,1,0,0,,0
"POINT (8.472964107000053 49.489004816000033)",Unfall 154199 (2017) Kat:3, Licht: 0,154199,3,7,5,08,12,3,0,0,1,1,0,0,,0
"POINT (8.505639772000052 49.516833827000028)",Unfall 154200 (2017) Kat:3, Licht: 0,154200,3,6,0,08,16,3,0,0,0,1,0,1,,0
"POINT (8.461183777000031 49.488665893000075)",Unfall 154209 (2017) Kat:3, Licht: 0,154209,3,3,5,08,18,4,0,0,0,1,0,0,,0
"POINT (8.447174985000061 49.557597515000054)",Unfall 154226 (2017) Kat:2, Licht: 0,154226,2,3,5,08,17,5,0,0,1,1,0,0,,0
"POINT (8.475339250000047 49.465016790000050)",Unfall 154228 (2017) Kat:3, Licht: 0,154228,3,2,5,08,14,5,0,0,0,1,0,0,,1
"POINT (8.481668747000072 49.479149312000061)",Unfall 154265 (2017) Kat:3, Licht: 0,154265,3,7,0,08,16,4,0,0,1,0,0,0,,0
"POINT (8.472572438000043 49.499682891000077)",Unfall 154266 (2017) Kat:3, Licht: 0,154266,3,7,0,08,14,4,0,0,1,0,0,0,,0
"POINT (8.468118271000037 49.478337400000044)",Unfall 154267 (2017) Kat:3, Licht: 0,154267,3,7,6,08,10,4,0,0,0,1,1,0,,0
"POINT (8.508540454000070 49.503838539000071)",Unfall 154268 (2017) Kat:3, Licht: 0,154268,3,3,5,08,06,4,0,0,0,1,0,0,,0
"POINT (8.476442522000070 49.508365650000030)",Unfall 154297 (2017) Kat:3, Licht: 0,154297,3,4,6,08,07,3,0,0,0,1,1,0,,0
"POINT (8.470618237000053 49.508644638000078)",Unfall 154298 (2017) Kat:2, Licht: 0,154298,2,3,5,08,10,3,0,0,0,1,0,0,,0
"POINT (8.482806287000074 49.481413151000027)",Unfall 154299 (2017) Kat:3, Licht: 0,154299,3,3,5,08,07,3,0,0,0,1,0,0,,0
"POINT (8.468755290000047 49.484385433000057)",Unfall 154335 (2017) Kat:3, Licht: 0,154335,3,3,5,08,18,2,0,0,0,1,0,1,,0
"POINT (8.494341858000041 49.498368283000048)",Unfall 154336 (2017) Kat:3, Licht: 0,154336,3,2,3,08,09,2,0,0,0,1,0,1,,0
"POINT (8.477294229000052 49.496479473000079)",Unfall 154383 (2017) Kat:3, Licht: 2,154383,3,3,5,08,20,7,0,2,0,1,0,1,,0
"POINT (8.464844385000049 49.490160280000055)",Unfall 154413 (2017) Kat:3, Licht: 0,154413,3,3,5,08,19,6,1,0,1,1,0,0,,0
"POINT (8.561946806000037 49.511668250000071)",Unfall 154414 (2017) Kat:3, Licht: 2,154414,3,6,3,08,03,6,0,2,0,1,0,1,,0
"POINT (8.524364246000062 49.439999911000029)",Unfall 154481 (2017) Kat:3, Licht: 0,154481,3,3,5,08,09,4,0,0,1,1,0,0,,0
"POINT (8.473454840000045 49.513650022000036)",Unfall 154510 (2017) Kat:3, Licht: 0,154510,3,3,5,08,15,5,0,0,1,1,0,0,,0
"POINT (8.469222998000021 49.488543770000035)",Unfall 154511 (2017) Kat:2, Licht: 0,154511,2,2,5,08,18,5,0,0,0,1,1,0,,0
"POINT (8.503307930000062 49.503166123000028)",Unfall 154547 (2017) Kat:3, Licht: 0,154547,3,6,2,08,13,4,0,0,0,1,0,0,,1
"POINT (8.462796838000031 49.488965908000068)",Unfall 154548 (2017) Kat:3, Licht: 0,154548,3,3,5,08,12,4,0,0,1,1,0,0,,0
"POINT (8.492947545000050 49.507188188000043)",Unfall 154584 (2017) Kat:3, Licht: 0,154584,3,3,5,08,13,3,0,0,1,0,0,0,,1
"POINT (8.480712259000029 49.497748063000074)",Unfall 154623 (2017) Kat:3, Licht: 0,154623,3,7,0,08,13,2,0,0,1,1,0,0,,0
"POINT (8.483007582000028 49.513599124000052)",Unfall 154624 (2017) Kat:3, Licht: 0,154624,3,2,5,08,09,2,0,0,0,1,0,0,,0
"POINT (8.507118408000054 49.444383987000037)",Unfall 154667 (2017) Kat:3, Licht: 0,154667,3,6,4,08,16,1,0,0,0,1,0,0,,0
"POINT (8.542284274000053 49.499570164000033)",Unfall 154668 (2017) Kat:3, Licht: 0,154668,3,6,2,08,15,1,0,0,0,1,0,0,,0
"POINT (8.499627137000061 49.495915237000077)",Unfall 154702 (2017) Kat:3, Licht: 0,154702,3,7,1,08,11,7,0,0,0,1,0,0,,0
"POINT (8.510121846000061 49.510104976000036)",Unfall 154703 (2017) Kat:3, Licht: 0,154703,3,3,5,08,16,7,0,0,0,1,0,0,,0
"POINT (8.478517734000036 49.465872654000066)",Unfall 154757 (2017) Kat:3, Licht: 0,154757,3,6,2,09,11,5,0,0,0,1,0,0,,0
"POINT (8.504779638000059 49.501141787000051)",Unfall 154758 (2017) Kat:3, Licht: 0,154758,3,3,5,09,14,5,0,0,0,1,0,0,,0
"POINT (8.471418904000075 49.511519764000070)",Unfall 154795 (2017) Kat:2, Licht: 0,154795,2,2,3,09,15,4,0,0,0,1,0,0,,1
"POINT (8.477650486000073 49.461580065000078)",Unfall 154824 (2017) Kat:3, Licht: 0,154824,3,1,0,09,15,3,0,0,0,0,0,1,,0
"POINT (8.454793475000031 49.523746000000074)",Unfall 154826 (2017) Kat:3, Licht: 2,154826,3,7,9,09,04,3,1,2,0,0,0,0,,1
"POINT (8.500990759000047 49.524185885000065)",Unfall 154865 (2017) Kat:3, Licht: 0,154865,3,3,5,09,16,2,0,0,1,1,0,0,,0
"POINT (8.488072926000029 49.527258742000072)",Unfall 154866 (2017) Kat:2, Licht: 2,154866,2,5,1,09,20,2,0,2,1,1,0,0,,0
"POINT (8.475718518000065 49.473504222000031)",Unfall 154867 (2017) Kat:3, Licht: 0,154867,3,2,5,09,17,2,0,0,0,1,0,0,,0
"POINT (8.445460185000059 49.500917988000026)",Unfall 154868 (2017) Kat:2, Licht: 2,154868,2,1,9,09,21,2,0,2,0,1,0,1,,1
"POINT (8.463293524000051 49.495752561000074)",Unfall 154869 (2017) Kat:2, Licht: 0,154869,2,4,6,09,12,2,0,0,0,1,1,0,,0
"POINT (8.477991395000061 49.460129434000066)",Unfall 154900 (2017) Kat:3, Licht: 0,154900,3,7,0,09,17,1,0,0,1,0,0,0,,0
"POINT (8.525878053000042 49.435273266000081)",Unfall 155013 (2017) Kat:3, Licht: 0,155013,3,1,1,09,16,5,1,0,0,1,0,1,,0
"POINT (8.494867830000032 49.453773760000047)",Unfall 155014 (2017) Kat:3, Licht: 0,155014,3,6,1,09,14,5,0,0,0,1,0,0,,1
"POINT (8.506656082000063 49.499647392000043)",Unfall 155015 (2017) Kat:2, Licht: 0,155015,2,3,5,09,11,5,1,0,0,1,0,0,,1
"POINT (8.473995939000076 49.496129025000073)",Unfall 155059 (2017) Kat:3, Licht: 0,155059,3,6,2,09,11,4,0,0,0,1,0,0,,0
"POINT (8.535934174000033 49.474814133000052)",Unfall 155098 (2017) Kat:3, Licht: 0,155098,3,7,0,09,11,3,0,0,1,0,0,0,,0
"POINT (8.527120607000029 49.443417808000049)",Unfall 155100 (2017) Kat:3, Licht: 0,155100,3,6,1,09,15,3,0,0,0,1,0,0,,0
"POINT (8.455109998000069 49.485084881000034)",Unfall 155101 (2017) Kat:3, Licht: 0,155101,3,7,0,09,10,3,0,0,0,0,0,0,,1
"POINT (8.498505245000047 49.535250470000051)",Unfall 155145 (2017) Kat:3, Licht: 0,155145,3,3,5,09,15,2,1,0,0,1,0,0,,0
"POINT (8.506616228000041 49.508937349000064)",Unfall 155146 (2017) Kat:3, Licht: 0,155146,3,6,2,09,16,2,1,0,0,1,0,1,,0
"POINT (8.462132285000052 49.493811400000027)",Unfall 155189 (2017) Kat:3, Licht: 2,155189,3,7,1,09,04,1,0,2,0,1,0,0,,0
"POINT (8.470061150000049 49.485229772000082)",Unfall 155208 (2017) Kat:3, Licht: 2,155208,3,6,8,09,21,7,1,2,0,1,0,1,,0
"POINT (8.469521152000027 49.488872740000033)",Unfall 155209 (2017) Kat:3, Licht: 0,155209,3,5,1,09,14,7,0,0,1,1,0,0,,0
"POINT (8.477038794000066 49.482725869000035)",Unfall 155295 (2017) Kat:3, Licht: 0,155295,3,1,2,09,16,5,0,0,1,1,0,0,,0
"POINT (8.506949215000077 49.505385227000033)",Unfall 155296 (2017) Kat:3, Licht: 0,155296,3,6,3,09,15,5,0,0,0,1,0,1,,0
"POINT (8.501453569000034 49.504389734000029)",Unfall 155337 (2017) Kat:3, Licht: 0,155337,3,3,5,09,17,4,0,0,1,1,0,0,,0
"POINT (8.481867775000069 49.458119453000052)",Unfall 155338 (2017) Kat:3, Licht: 0,155338,3,3,5,09,07,4,0,0,1,1,0,0,,0
"POINT (8.478502939000066 49.460276036000039)",Unfall 155339 (2017) Kat:3, Licht: 0,155339,3,3,3,09,11,4,0,0,1,1,0,0,,0
"POINT (8.484548189000066 49.478002389000039)",Unfall 155373 (2017) Kat:3, Licht: 0,155373,3,7,1,09,20,3,0,0,1,1,0,0,,0
"POINT (8.470777310000074 49.508776108000063)",Unfall 155374 (2017) Kat:3, Licht: 0,155374,3,6,1,09,16,3,1,0,0,1,0,0,,0
"POINT (8.505826625000054 49.506590360000075)",Unfall 155419 (2017) Kat:3, Licht: 0,155419,3,2,5,09,09,2,0,0,1,1,0,0,,0
"POINT (8.467018337000070 49.499149761000069)",Unfall 155477 (2017) Kat:3, Licht: 0,155477,3,2,6,09,09,7,0,0,0,1,1,0,,0
"POINT (8.490421249000065 49.478452619000052)",Unfall 155503 (2017) Kat:3, Licht: 0,155503,3,2,3,09,14,6,1,0,0,1,0,0,,0
"POINT (8.509789496000053 49.463926759000060)",Unfall 155504 (2017) Kat:3, Licht: 0,155504,3,3,5,09,18,6,1,0,1,1,0,0,,0
"POINT (8.463330747000043 49.487832745000048)",Unfall 155542 (2017) Kat:3, Licht: 2,155542,3,6,8,09,05,5,0,2,1,0,0,0,,1
"POINT (8.508717342000068 49.514200446000075)",Unfall 155585 (2017) Kat:3, Licht: 0,155585,3,6,3,09,12,4,0,0,1,1,0,0,,0
"POINT (8.471394060000023 49.485723194000059)",Unfall 155586 (2017) Kat:3, Licht: 0,155586,3,7,6,09,12,4,0,0,1,0,1,0,,0
"POINT (8.490997197000070 49.460839193000027)",Unfall 155587 (2017) Kat:3, Licht: 0,155587,3,5,5,09,09,4,0,0,0,1,0,0,,0
"POINT (8.469749596000042 49.480221388000075)",Unfall 155588 (2017) Kat:2, Licht: 0,155588,2,4,6,09,17,4,0,0,1,0,1,0,,0
"POINT (8.475236830000029 49.483243871000070)",Unfall 155724 (2017) Kat:3, Licht: 2,155724,3,6,2,09,20,7,0,2,0,1,0,1,,0
"POINT (8.478544074000070 49.460285027000054)",Unfall 155725 (2017) Kat:3, Licht: 0,155725,3,3,5,09,14,7,0,0,1,1,0,0,,0
"POINT (8.528426258000025 49.434399905000078)",Unfall 155726 (2017) Kat:3, Licht: 0,155726,3,3,5,09,12,7,0,0,0,1,0,0,,0
"POINT (8.527447054000049 49.433476483000049)",Unfall 155768 (2017) Kat:3, Licht: 0,155768,3,3,5,09,09,6,0,0,1,1,0,0,,0
"POINT (8.528460822000056 49.488221617000079)",Unfall 155769 (2017) Kat:2, Licht: 0,155769,2,6,3,09,12,6,0,0,1,1,0,0,,0
"POINT (8.469844273000035 49.505604320000032)",Unfall 155770 (2017) Kat:3, Licht: 0,155770,3,2,3,09,14,6,0,0,1,1,0,0,,0
"POINT (8.493787059000056 49.524403297000049)",Unfall 155789 (2017) Kat:3, Licht: 0,155789,3,2,3,10,13,5,0,0,1,0,0,0,,1
"POINT (8.522855698000058 49.438329680000038)",Unfall 155790 (2017) Kat:3, Licht: 0,155790,3,1,0,10,16,5,1,0,0,0,0,1,,0
"POINT (8.508912726000062 49.519298406000075)",Unfall 155791 (2017) Kat:3, Licht: 0,155791,3,6,2,10,17,5,0,0,0,1,0,0,,0
"POINT (8.464578444000040 49.487350806000052)",Unfall 155792 (2017) Kat:3, Licht: 0,155792,3,7,3,10,15,5,1,0,1,1,0,0,,0
"POINT (8.467415526000025 49.487780168000029)",Unfall 155842 (2017) Kat:3, Licht: 1,155842,3,5,0,10,17,4,1,1,1,1,0,0,,0
"POINT (8.502930921000029 49.475143750000029)",Unfall 155875 (2017) Kat:3, Licht: 0,155875,3,7,4,10,10,3,1,0,0,1,0,1,,0
"POINT (8.484590196000056 49.500722752000058)",Unfall 155876 (2017) Kat:3, Licht: 0,155876,3,7,0,10,14,3,0,0,1,0,0,0,,1
"POINT (8.500094597000043 49.511623301000043)",Unfall 155877 (2017) Kat:2, Licht: 0,155877,2,3,5,10,18,3,0,0,0,1,0,0,,0
"POINT (8.486139124000033 49.476443593000056)",Unfall 155905 (2017) Kat:3, Licht: 0,155905,3,4,6,10,17,2,0,0,0,0,1,1,,0
"POINT (8.512196425000070 49.507985077000058)",Unfall 155906 (2017) Kat:3, Licht: 2,155906,3,1,0,10,20,2,1,2,1,0,0,0,,0
"POINT (8.492065024000056 49.506713668000032)",Unfall 155907 (2017) Kat:3, Licht: 0,155907,3,7,0,10,11,2,0,0,1,0,0,0,,1
"POINT (8.473952368000028 49.481617077000067)",Unfall 155968 (2017) Kat:3, Licht: 2,155968,3,3,5,09,19,7,1,2,0,1,0,1,,0
"POINT (8.499007457000062 49.460231314000055)",Unfall 155969 (2017) Kat:3, Licht: 2,155969,3,3,5,09,22,7,1,2,0,1,0,0,,0
"POINT (8.549286008000024 49.489803700000039)",Unfall 155971 (2017) Kat:2, Licht: 2,155971,2,3,5,09,18,7,1,2,0,0,0,1,,1
"POINT (8.473105055000076 49.495122216000027)",Unfall 155972 (2017) Kat:3, Licht: 2,155972,3,6,2,09,21,7,1,2,0,1,0,1,,0
"POINT (8.483763063000026 49.458718173000079)",Unfall 156011 (2017) Kat:3, Licht: 0,156011,3,6,6,09,16,6,0,0,0,1,1,0,,0
"POINT (8.476041260000045 49.488570475000074)",Unfall 156012 (2017) Kat:2, Licht: 0,156012,2,6,3,09,18,6,0,0,0,1,0,1,,0
"POINT (8.456417107000050 49.484696155000051)",Unfall 156013 (2017) Kat:3, Licht: 0,156013,3,6,3,09,13,6,0,0,0,1,0,0,,1
"POINT (8.466872090000038 49.510761430000059)",Unfall 156067 (2017) Kat:3, Licht: 0,156067,3,2,5,10,08,4,0,0,1,1,0,0,,0
"POINT (8.451159600000040 49.528543737000064)",Unfall 156068 (2017) Kat:2, Licht: 0,156068,2,6,4,10,14,4,0,0,0,1,0,0,,1
"POINT (8.506248822000032 49.478083177000030)",Unfall 156108 (2017) Kat:3, Licht: 0,156108,3,3,5,10,08,3,1,0,1,1,0,0,,0
"POINT (8.468652196000051 49.505663080000033)",Unfall 156188 (2017) Kat:3, Licht: 0,156188,3,3,5,10,17,1,1,0,0,1,0,0,,0
"POINT (8.468038564000040 49.487245541000050)",Unfall 156212 (2017) Kat:3, Licht: 0,156212,3,5,1,10,15,7,0,0,1,1,0,0,,0
"POINT (8.454907311000056 49.540143088000036)",Unfall 156213 (2017) Kat:2, Licht: 2,156213,2,3,5,10,00,7,0,2,0,1,0,0,,0
"POINT (8.493453132000070 49.497886334000043)",Unfall 156245 (2017) Kat:3, Licht: 0,156245,3,4,6,10,15,6,1,0,0,1,1,0,,0
"POINT (8.471789530000024 49.544371799000032)",Unfall 156348 (2017) Kat:2, Licht: 0,156348,2,3,5,10,16,2,0,0,0,1,0,0,,0
"POINT (8.481696251000074 49.479126331000032)",Unfall 156349 (2017) Kat:3, Licht: 0,156349,3,7,6,10,17,2,0,0,1,0,1,0,,0
"POINT (8.480042872000070 49.514193168000077)",Unfall 156350 (2017) Kat:3, Licht: 2,156350,3,6,4,10,23,2,0,2,1,0,0,0,,0
"POINT (8.449943599000051 49.541778602000079)",Unfall 156405 (2017) Kat:3, Licht: 2,156405,3,6,2,10,20,1,0,2,0,1,0,0,,0
"POINT (8.484821185000044 49.476842349000037)",Unfall 156406 (2017) Kat:3, Licht: 0,156406,3,7,1,10,14,1,0,0,1,1,0,0,,0
"POINT (8.487806913000043 49.484959606000075)",Unfall 156445 (2017) Kat:3, Licht: 0,156445,3,6,2,10,13,7,0,0,0,1,0,0,,0
"POINT (8.467268107000052 49.483990153000036)",Unfall 156446 (2017) Kat:3, Licht: 0,156446,3,3,0,10,18,7,0,0,0,1,0,1,,0
"POINT (8.491170818000057 49.476902733000031)",Unfall 156447 (2017) Kat:2, Licht: 2,156447,2,1,0,10,00,7,0,2,1,0,0,0,,0
"POINT (8.495805485000062 49.499078261000079)",Unfall 156490 (2017) Kat:2, Licht: 2,156490,2,3,5,10,23,6,0,2,0,1,0,1,,0
"POINT (8.498225650000052 49.503084761000082)",Unfall 156491 (2017) Kat:3, Licht: 1,156491,3,3,5,10,20,6,0,1,0,1,0,1,,0
"POINT (8.525204503000055 49.490634045000036)",Unfall 156492 (2017) Kat:3, Licht: 0,156492,3,5,1,10,08,6,0,0,1,1,0,0,,0
"POINT (8.546598890000041 49.496517692000054)",Unfall 156493 (2017) Kat:3, Licht: 0,156493,3,3,5,10,08,6,0,0,1,1,0,0,,0
"POINT (8.468407638000031 49.544219839000050)",Unfall 156541 (2017) Kat:3, Licht: 0,156541,3,3,5,10,09,5,0,0,0,1,0,0,,0
"POINT (8.462994920000028 49.486688606000030)",Unfall 156542 (2017) Kat:3, Licht: 0,156542,3,3,5,10,11,5,0,0,1,0,0,0,,0
"POINT (8.488420903000076 49.527804686000081)",Unfall 156588 (2017) Kat:3, Licht: 0,156588,3,6,1,10,13,2,1,0,0,1,0,0,,0
"POINT (8.470134292000068 49.491186154000047)",Unfall 156589 (2017) Kat:3, Licht: 0,156589,3,7,6,10,15,2,0,0,0,1,1,0,,0
"POINT (8.478130209000028 49.477915767000070)",Unfall 156590 (2017) Kat:3, Licht: 0,156590,3,5,0,10,12,2,0,0,0,1,0,0,,1
"POINT (8.486994117000052 49.496231484000077)",Unfall 156613 (2017) Kat:3, Licht: 2,156613,3,2,5,10,00,1,1,2,0,1,0,0,,0
"POINT (8.508556633000069 49.503822090000028)",Unfall 156614 (2017) Kat:3, Licht: 0,156614,3,3,5,10,16,1,0,0,0,1,0,0,,0
"POINT (8.470696628000042 49.486861072000067)",Unfall 156634 (2017) Kat:3, Licht: 2,156634,3,6,2,10,21,7,1,2,0,1,0,0,,0
"POINT (8.488580944000034 49.527907610000057)",Unfall 156678 (2017) Kat:3, Licht: 0,156678,3,4,6,10,13,6,0,0,0,1,1,0,,0
"POINT (8.485547197000074 49.523674961000040)",Unfall 156679 (2017) Kat:3, Licht: 0,156679,3,7,6,10,14,6,0,0,0,1,1,0,,0
"POINT (8.460328408000066 49.492950960000030)",Unfall 156680 (2017) Kat:3, Licht: 0,156680,3,6,2,10,13,6,0,0,0,0,0,1,,1
"POINT (8.449573672000042 49.540331018000074)",Unfall 156681 (2017) Kat:2, Licht: 0,156681,2,2,5,10,12,6,0,0,1,1,0,0,,0
"POINT (8.496026551000057 49.499279348000073)",Unfall 156720 (2017) Kat:3, Licht: 0,156720,3,7,0,10,15,5,0,0,0,1,0,1,,0
"POINT (8.493683102000034 49.500809956000069)",Unfall 156768 (2017) Kat:3, Licht: 0,156768,3,3,5,10,17,4,0,0,1,1,0,0,,0
"POINT (8.483595315000059 49.454861556000026)",Unfall 156769 (2017) Kat:3, Licht: 0,156769,3,3,5,10,13,4,0,0,0,1,0,0,,1
"POINT (8.493839734000062 49.511666363000074)",Unfall 156771 (2017) Kat:2, Licht: 2,156771,2,2,4,10,04,4,0,2,0,1,0,1,,0
"POINT (8.472362939000050 49.486221833000059)",Unfall 156772 (2017) Kat:3, Licht: 2,156772,3,4,6,10,20,4,0,2,1,0,1,0,,0
"POINT (8.487612404000061 49.526463618000037)",Unfall 156819 (2017) Kat:3, Licht: 0,156819,3,2,5,10,10,3,0,0,1,1,0,0,,0
"POINT (8.491676128000051 49.477979686000026)",Unfall 156820 (2017) Kat:3, Licht: 0,156820,3,6,1,10,17,3,0,0,0,1,0,0,,0
"POINT (8.516028330000040 49.440929978000042)",Unfall 156821 (2017) Kat:3, Licht: 0,156821,3,3,5,10,09,3,0,0,0,1,0,1,,0
"POINT (8.483823945000040 49.470182568000041)",Unfall 156822 (2017) Kat:3, Licht: 0,156822,3,1,9,10,09,3,0,0,0,0,0,1,,0
"POINT (8.535809365000034 49.456758421000075)",Unfall 156823 (2017) Kat:3, Licht: 0,156823,3,2,4,10,09,3,0,0,0,1,0,0,,0
"POINT (8.471441798000058 49.493543240000065)",Unfall 156824 (2017) Kat:3, Licht: 0,156824,3,1,1,10,08,3,0,0,0,1,0,0,,0
"POINT (8.486534666000068 49.526545209000062)",Unfall 156826 (2017) Kat:2, Licht: 0,156826,2,3,5,10,14,3,0,0,1,0,0,1,,0
"POINT (8.460009212000045 49.493098579000048)",Unfall 156841 (2017) Kat:3, Licht: 0,156841,3,3,5,10,11,3,0,0,1,0,0,1,,0
"POINT (8.489650377000032 49.522492315000079)",Unfall 156842 (2017) Kat:3, Licht: 0,156842,3,5,5,10,12,3,0,0,1,1,0,0,,0
"POINT (8.471609558000068 49.493724244000077)",Unfall 156873 (2017) Kat:3, Licht: 2,156873,3,6,1,10,21,1,1,2,0,1,0,0,,0
"POINT (8.487524687000075 49.488511358000039)",Unfall 156898 (2017) Kat:3, Licht: 0,156898,3,3,5,10,10,7,0,0,0,1,0,0,,0
"POINT (8.487016138000058 49.456992945000081)",Unfall 156938 (2017) Kat:3, Licht: 0,156938,3,3,5,10,15,6,0,0,0,1,0,0,,0
"POINT (8.481085417000031 49.456820745000073)",Unfall 156939 (2017) Kat:2, Licht: 0,156939,2,3,5,10,12,6,0,0,1,1,0,0,,0
"POINT (8.444657769000060 49.546658995000030)",Unfall 156940 (2017) Kat:3, Licht: 0,156940,3,3,5,10,16,6,0,0,1,0,0,0,,1
"POINT (8.464774784000042 49.500013569000032)",Unfall 156941 (2017) Kat:3, Licht: 0,156941,3,7,1,10,16,6,0,0,1,1,0,0,,0
"POINT (8.475406193000026 49.485053568000069)",Unfall 156997 (2017) Kat:3, Licht: 0,156997,3,2,8,10,15,5,0,0,0,0,0,1,,1
"POINT (8.507976842000062 49.512199228000043)",Unfall 156998 (2017) Kat:2, Licht: 0,156998,2,2,3,10,16,5,0,0,0,1,0,1,,0
"POINT (8.503759812000055 49.492771528000048)",Unfall 156999 (2017) Kat:3, Licht: 0,156999,3,2,4,10,13,5,0,0,0,1,0,0,,0
"POINT (8.489113788000054 49.453816693000078)",Unfall 157056 (2017) Kat:2, Licht: 0,157056,2,4,6,10,13,4,0,0,0,1,1,0,,0
"POINT (8.484636572000056 49.493756614000063)",Unfall 157057 (2017) Kat:2, Licht: 2,157057,2,4,6,10,06,4,0,2,0,1,1,0,,0
"POINT (8.470676268000034 49.508560372000034)",Unfall 157124 (2017) Kat:3, Licht: 0,157124,3,4,6,11,07,3,0,0,0,1,1,0,,0
"POINT (8.503120696000053 49.499000590000037)",Unfall 157164 (2017) Kat:3, Licht: 0,157164,3,6,2,11,08,2,0,0,0,1,0,0,,0
"POINT (8.481243938000034 49.497748208000075)",Unfall 157165 (2017) Kat:2, Licht: 1,157165,2,3,1,11,08,2,0,1,1,1,0,0,,0
"POINT (8.493476399000031 49.506655645000080)",Unfall 157196 (2017) Kat:3, Licht: 0,157196,3,3,5,11,15,1,0,0,0,1,0,0,,0
"POINT (8.454625360000023 49.544081862000041)",Unfall 157197 (2017) Kat:2, Licht: 2,157197,2,5,1,11,04,1,1,2,0,1,0,0,,0
"POINT (8.471181198000068 49.500406349000059)",Unfall 157236 (2017) Kat:3, Licht: 2,157236,3,6,2,11,18,6,0,2,0,1,0,0,,0
"POINT (8.478483047000054 49.460271688000034)",Unfall 157264 (2017) Kat:3, Licht: 2,157264,3,4,6,11,17,5,0,2,0,1,1,0,,0
"POINT (8.470113824000066 49.493471384000031)",Unfall 157265 (2017) Kat:3, Licht: 0,157265,3,1,0,11,08,5,0,0,0,0,0,1,,0