WKT,Name,OBJECTID,UKATEGORIE,UTYP1,UART,UMONAT,USTUNDE,UWOCHENTAG,STRZUSTAND,ULICHTVERH,ISTRAD,ISTPKW,ISTFUSS,ISTKRAD,ISTGKFZ,ISTSONSTIG
"POINT (8.492648275000022 49.533081896000056)",Unfall 157266 (2017) Kat:3, Licht: 2,157266,3,7,6,11,17,5,0,2,0,0,1,0,,1
"POINT (8.476818874000060 49.474245202000077)",Unfall 157278 (2017) Kat:3, Licht: 0,157278,3,6,2,11,10,4,0,0,0,1,0,0,,0
"POINT (8.470058527000049 49.504579453000076)",Unfall 157318 (2017) Kat:3, Licht: 2,157318,3,2,3,10,17,2,0,2,0,1,0,0,,1
"POINT (8.481134913000062 49.475359791000074)",Unfall 157319 (2017) Kat:3, Licht: 0,157319,3,4,6,10,09,2,0,0,0,1,1,0,,0
"POINT (8.508582517000036 49.513867053000070)",Unfall 157336 (2017) Kat:3, Licht: 0,157336,3,6,2,11,14,4,0,0,0,1,0,0,,0
"POINT (8.449052143000074 49.549363692000043)",Unfall 157337 (2017) Kat:3, Licht: 0,157337,3,6,2,11,08,4,0,0,0,1,0,0,,1
"POINT (8.473928160000071 49.482433671000081)",Unfall 157338 (2017) Kat:2, Licht: 0,157338,2,1,1,11,13,4,0,0,0,1,0,0,,0
"POINT (8.480306606000056 49.548080789000039)",Unfall 157369 (2017) Kat:2, Licht: 2,157369,2,7,6,11,05,4,0,2,0,1,1,0,,0
"POINT (8.488634413000057 49.504879840000058)",Unfall 157380 (2017) Kat:3, Licht: 2,157380,3,7,5,11,06,3,0,2,1,1,0,0,,0
"POINT (8.478548962000048 49.460355308000032)",Unfall 157415 (2017) Kat:3, Licht: 1,157415,3,2,4,11,18,2,0,1,1,1,0,0,,0
"POINT (8.507880553000064 49.512295218000077)",Unfall 157416 (2017) Kat:3, Licht: 0,157416,3,3,5,11,16,2,0,0,0,1,0,0,,0
"POINT (8.450226510000050 49.490096291000043)",Unfall 157417 (2017) Kat:3, Licht: 2,157417,3,5,1,11,18,2,0,2,0,1,0,0,,1
"POINT (8.457229924000046 49.494970583000054)",Unfall 157444 (2017) Kat:3, Licht: 2,157444,3,7,3,11,18,1,1,2,0,1,0,1,,0
"POINT (8.474866016000021 49.496514487000070)",Unfall 157467 (2017) Kat:3, Licht: 2,157467,3,6,3,11,23,7,1,2,0,1,0,0,,0
"POINT (8.471151316000032 49.500129918000027)",Unfall 157468 (2017) Kat:3, Licht: 0,157468,3,2,3,11,10,7,1,0,1,1,0,0,,0
"POINT (8.492983854000045 49.496413099000051)",Unfall 157506 (2017) Kat:3, Licht: 0,157506,3,5,1,11,15,6,1,0,0,1,0,0,,1
"POINT (8.489285566000035 49.453782480000029)",Unfall 157507 (2017) Kat:3, Licht: 0,157507,3,7,6,11,13,6,0,0,0,1,1,0,,0
"POINT (8.508109205000039 49.512520231000053)",Unfall 157508 (2017) Kat:2, Licht: 0,157508,2,1,0,11,11,6,1,0,0,0,0,1,,0
"POINT (8.492605663000063 49.507004990000041)",Unfall 157510 (2017) Kat:3, Licht: 0,157510,3,4,6,11,07,6,0,0,0,1,1,0,,0
"POINT (8.511011305000068 49.507325875000049)",Unfall 157511 (2017) Kat:2, Licht: 2,157511,2,4,6,11,17,6,1,2,0,1,1,0,,0
"POINT (8.476454823000040 49.463653823000072)",Unfall 157545 (2017) Kat:3, Licht: 0,157545,3,6,2,11,07,5,1,0,0,1,0,0,,0
"POINT (8.507929445000059 49.519971960000078)",Unfall 157546 (2017) Kat:3, Licht: 0,157546,3,6,2,11,13,5,0,0,0,1,0,0,,0
"POINT (8.468355667000026 49.546604466000076)",Unfall 157547 (2017) Kat:3, Licht: 1,157547,3,2,5,11,16,5,1,1,0,1,0,0,,1
"POINT (8.476138041000070 49.481155980000040)",Unfall 157548 (2017) Kat:3, Licht: 0,157548,3,7,6,11,13,5,1,0,0,0,1,1,,0
"POINT (8.503531336000037 49.457478078000065)",Unfall 157549 (2017) Kat:3, Licht: 0,157549,3,7,6,11,15,5,0,0,1,0,1,0,,0
"POINT (8.482957898000052 49.486561938000079)",Unfall 157550 (2017) Kat:3, Licht: 0,157550,3,1,0,11,09,5,1,0,0,0,0,1,,0
"POINT (8.479895999000064 49.493182733000026)",Unfall 157587 (2017) Kat:3, Licht: 1,157587,3,6,3,11,07,4,1,1,0,1,0,1,,0
"POINT (8.479215451000073 49.561782594000078)",Unfall 157588 (2017) Kat:3, Licht: 2,157588,3,3,5,11,21,4,1,2,0,1,0,0,,0
"POINT (8.478578758000026 49.540486773000055)",Unfall 157600 (2017) Kat:2, Licht: 2,157600,2,7,0,11,19,5,0,2,0,1,0,0,,0
"POINT (8.477994233000061 49.497621048000042)",Unfall 157650 (2017) Kat:3, Licht: 0,157650,3,2,5,11,16,4,0,0,1,1,0,0,,0
"POINT (8.463461601000063 49.501721242000031)",Unfall 157694 (2017) Kat:3, Licht: 2,157694,3,7,6,11,22,3,1,2,0,1,1,0,,0
"POINT (8.504565278000030 49.445860208000056)",Unfall 157736 (2017) Kat:3, Licht: 2,157736,3,6,3,11,17,2,1,2,0,1,0,1,,0
"POINT (8.474485573000038 49.517277896000053)",Unfall 157738 (2017) Kat:3, Licht: 0,157738,3,6,1,11,14,2,1,0,0,1,0,0,,1
"POINT (8.487378278000051 49.484769689000075)",Unfall 157762 (2017) Kat:3, Licht: 2,157762,3,7,5,11,01,1,1,2,0,1,0,0,,0
"POINT (8.481789846000027 49.526354961000038)",Unfall 157776 (2017) Kat:3, Licht: 2,157776,3,7,0,11,05,7,0,2,0,1,0,0,,0
"POINT (8.496543044000021 49.525487801000054)",Unfall 157807 (2017) Kat:3, Licht: 0,157807,3,7,8,11,13,6,1,0,1,0,0,0,,0
"POINT (8.478934348000053 49.477261737000049)",Unfall 157808 (2017) Kat:3, Licht: 1,157808,3,6,2,11,16,6,0,1,0,1,0,0,,0
"POINT (8.473501421000037 49.492040877000079)",Unfall 157810 (2017) Kat:3, Licht: 0,157810,3,2,5,11,07,6,0,0,0,0,0,0,,1
"POINT (8.523497120000059 49.436004047000040)",Unfall 157840 (2017) Kat:3, Licht: 1,157840,3,7,6,11,07,5,0,1,1,0,1,0,,0
"POINT (8.465436094000040 49.488057199000082)",Unfall 157868 (2017) Kat:3, Licht: 0,157868,3,3,5,11,08,5,0,0,0,1,0,0,,0
"POINT (8.506785183000034 49.509492132000048)",Unfall 157869 (2017) Kat:2, Licht: 2,157869,2,3,5,11,16,5,0,2,0,1,0,0,,0
"POINT (8.539468295000063 49.484468029000027)",Unfall 157870 (2017) Kat:2, Licht: 2,157870,2,2,6,11,18,5,1,2,0,1,1,0,,0
"POINT (8.476334751000024 49.484700339000028)",Unfall 157913 (2017) Kat:3, Licht: 0,157913,3,6,1,11,11,4,1,0,0,1,0,0,,0
"POINT (8.471471993000023 49.499921169000061)",Unfall 157914 (2017) Kat:3, Licht: 1,157914,3,7,1,11,16,4,0,1,0,0,1,0,,1
"POINT (8.470850908000045 49.492790465000041)",Unfall 157915 (2017) Kat:2, Licht: 0,157915,2,3,5,11,07,4,1,0,0,1,0,0,,1
"POINT (8.563158605000069 49.467224586000043)",Unfall 157970 (2017) Kat:2, Licht: 0,157970,2,4,6,11,12,3,0,0,0,1,1,0,,0
"POINT (8.479661771000053 49.479446621000079)",Unfall 158009 (2017) Kat:3, Licht: 0,158009,3,3,5,11,12,2,0,0,0,1,0,0,,0
"POINT (8.468279495000047 49.480965186000049)",Unfall 158010 (2017) Kat:3, Licht: 0,158010,3,4,6,11,07,2,0,0,1,0,1,0,,0
"POINT (8.480644267000059 49.475855826000043)",Unfall 158011 (2017) Kat:3, Licht: 0,158011,3,3,5,11,15,2,0,0,0,1,0,0,,1
"POINT (8.484194090000074 49.497150559000033)",Unfall 158035 (2017) Kat:3, Licht: 2,158035,3,3,5,11,19,1,0,2,1,1,0,0,,0
"POINT (8.523000653000054 49.477361419000033)",Unfall 158036 (2017) Kat:2, Licht: 0,158036,2,4,6,11,11,1,0,0,0,0,1,0,,1
"POINT (8.473567374000027 49.491922606000060)",Unfall 158052 (2017) Kat:3, Licht: 2,158052,3,3,5,11,03,7,1,2,1,1,0,0,,0
"POINT (8.462521697000057 49.489149311000062)",Unfall 158083 (2017) Kat:3, Licht: 0,158083,3,4,6,11,08,6,0,0,0,0,1,0,,1
"POINT (8.470715130000031 49.486853973000052)",Unfall 158084 (2017) Kat:3, Licht: 2,158084,3,5,1,11,20,6,0,2,1,1,0,0,,0
"POINT (8.466255232000037 49.492703667000058)",Unfall 158085 (2017) Kat:3, Licht: 0,158085,3,3,5,11,15,6,0,0,1,1,0,0,,0
"POINT (8.478473904000055 49.460269690000075)",Unfall 158086 (2017) Kat:2, Licht: 0,158086,2,3,5,11,07,6,0,0,1,1,0,0,,0
"POINT (8.556432681000047 49.499509948000082)",Unfall 158124 (2017) Kat:3, Licht: 0,158124,3,6,2,12,15,6,0,0,0,1,0,0,,0
"POINT (8.525911182000073 49.504561254000066)",Unfall 158125 (2017) Kat:3, Licht: 0,158125,3,5,6,12,09,6,0,0,0,1,1,0,,0
"POINT (8.491803067000035 49.532081135000055)",Unfall 158126 (2017) Kat:3, Licht: 0,158126,3,2,5,12,15,6,0,0,0,1,0,0,,1
"POINT (8.483335518000047 49.532237249000048)",Unfall 158142 (2017) Kat:3, Licht: 0,158142,3,2,6,12,12,6,1,0,0,1,1,0,,0
"POINT (8.480952787000035 49.482136374000049)",Unfall 158143 (2017) Kat:3, Licht: 2,158143,3,6,2,12,18,6,1,2,0,1,0,0,,0
"POINT (8.478386581000052 49.460247183000035)",Unfall 158144 (2017) Kat:3, Licht: 1,158144,3,2,5,12,07,6,0,1,1,1,0,0,,0
"POINT (8.476775475000068 49.480380767000042)",Unfall 158166 (2017) Kat:3, Licht: 2,158166,3,7,0,12,18,5,0,2,0,0,1,0,,1
"POINT (8.471885853000060 49.470620445000066)",Unfall 158205 (2017) Kat:2, Licht: 2,158205,2,3,5,12,05,4,0,2,0,1,0,1,,0
"POINT (8.490051158000028 49.528196509000054)",Unfall 158241 (2017) Kat:3, Licht: 0,158241,3,2,3,12,13,3,0,0,1,1,0,0,,0
"POINT (8.476016980000054 49.481179202000078)",Unfall 158242 (2017) Kat:3, Licht: 2,158242,3,2,5,12,17,3,1,2,1,1,0,0,,0
"POINT (8.469921855000052 49.504728494000062)",Unfall 158243 (2017) Kat:3, Licht: 0,158243,3,2,5,12,07,3,1,0,0,1,0,0,,0
"POINT (8.470081662000041 49.473814981000032)",Unfall 158280 (2017) Kat:3, Licht: 0,158280,3,3,5,12,09,2,1,0,0,1,0,0,,0
"POINT (8.506769091000024 49.509497583000041)",Unfall 158281 (2017) Kat:3, Licht: 2,158281,3,3,5,12,16,2,1,2,1,0,0,0,,1
"POINT (8.531703182000058 49.490397241000039)",Unfall 158300 (2017) Kat:3, Licht: 0,158300,3,3,5,12,12,1,1,0,1,1,0,0,,0
"POINT (8.486540557000069 49.526554812000029)",Unfall 158315 (2017) Kat:3, Licht: 2,158315,3,3,5,12,19,7,0,2,0,1,0,0,,0
"POINT (8.466899373000047 49.510742554000046)",Unfall 158316 (2017) Kat:3, Licht: 2,158316,3,3,5,12,02,7,1,2,0,1,0,0,,0
"POINT (8.454922343000021 49.540139573000033)",Unfall 158346 (2017) Kat:3, Licht: 2,158346,3,2,3,12,17,6,0,2,1,1,0,0,,0
"POINT (8.485760445000040 49.466415338000047)",Unfall 158347 (2017) Kat:3, Licht: 0,158347,3,6,2,12,10,6,1,0,0,1,0,0,,1
"POINT (8.490108061000058 49.463321707000034)",Unfall 158348 (2017) Kat:3, Licht: 0,158348,3,3,5,12,07,6,1,0,0,1,0,1,,0
"POINT (8.485370153000076 49.489135884000063)",Unfall 158349 (2017) Kat:2, Licht: 2,158349,2,4,6,12,19,6,1,2,0,1,1,0,,0
"POINT (8.505189240000050 49.456057979000036)",Unfall 158350 (2017) Kat:3, Licht: 0,158350,3,6,2,12,15,6,1,0,0,1,0,0,,1
"POINT (8.483838108000043 49.470342405000054)",Unfall 158523 (2017) Kat:3, Licht: 2,158523,3,6,3,12,18,5,1,2,0,1,0,0,,0
"POINT (8.559720398000025 49.464568201000077)",Unfall 158524 (2017) Kat:3, Licht: 0,158524,3,3,5,12,13,5,0,0,1,1,0,0,,0
"POINT (8.461247606000029 49.487276827000073)",Unfall 158525 (2017) Kat:3, Licht: 0,158525,3,3,5,12,15,5,1,0,0,1,0,0,,0
"POINT (8.471466079000038 49.486566209000046)",Unfall 158526 (2017) Kat:2, Licht: 2,158526,2,4,6,12,17,5,0,2,0,1,1,0,,0
"POINT (8.450957165000034 49.538242912000044)",Unfall 158551 (2017) Kat:2, Licht: 2,158551,2,4,6,12,07,4,0,2,0,1,1,0,,0
"POINT (8.471176249000052 49.473992496000051)",Unfall 158552 (2017) Kat:3, Licht: 2,158552,3,3,5,12,18,4,1,2,0,1,0,0,,0
"POINT (8.477352775000043 49.497601470000063)",Unfall 158601 (2017) Kat:3, Licht: 0,158601,3,5,1,12,09,2,1,0,1,1,0,0,,0
"POINT (8.470749700000056 49.489911521000067)",Unfall 158602 (2017) Kat:3, Licht: 2,158602,3,7,6,12,17,2,0,2,1,0,1,0,,0
"POINT (8.478095557000074 49.479518624000036)",Unfall 158641 (2017) Kat:3, Licht: 0,158641,3,7,0,12,12,7,1,0,0,1,0,0,,0
"POINT (8.483090562000029 49.475072525000030)",Unfall 158738 (2017) Kat:3, Licht: 2,158738,3,3,5,12,17,6,1,2,0,1,0,0,,0
"POINT (8.562209232000043 49.451402745000053)",Unfall 158739 (2017) Kat:3, Licht: 0,158739,3,6,2,12,11,6,0,0,0,1,0,0,,0
"POINT (8.474498265000023 49.483530065000082)",Unfall 158749 (2017) Kat:3, Licht: 0,158749,3,2,3,12,14,5,1,0,0,1,0,0,,0
"POINT (8.526307395000060 49.489388530000042)",Unfall 158750 (2017) Kat:2, Licht: 0,158750,2,7,0,12,10,5,0,0,1,0,0,0,,0
"POINT (8.505046547000063 49.456191022000041)",Unfall 158773 (2017) Kat:3, Licht: 2,158773,3,6,1,12,18,4,1,2,0,1,0,0,,0
"POINT (8.476325258000031 49.484704055000066)",Unfall 158814 (2017) Kat:3, Licht: 0,158814,3,6,2,12,08,7,1,0,0,1,0,0,,0
"POINT (8.454257282000071 49.495333722000055)",Unfall 158912 (2017) Kat:3, Licht: 0,158912,3,5,5,12,15,4,1,0,1,1,0,0,,0
"POINT (8.509512061000066 49.445915868000043)",Unfall 39578 (2018) Kat:3, Licht: 0,39578,3,2,5,01,15,2,0,0,0,1,0,0,0,0
"POINT (8.476384437000036 49.474476507000077)",Unfall 39731 (2018) Kat:3, Licht: 0,39731,3,6,2,01,14,2,0,0,0,1,0,0,0,0
"POINT (8.513610611000047 49.444178222000062)",Unfall 39732 (2018) Kat:3, Licht: 2,39732,3,6,2,01,06,2,0,2,0,1,0,0,0,0
"POINT (8.477283640000053 49.474205138000059)",Unfall 39734 (2018) Kat:3, Licht: 0,39734,3,6,3,01,14,2,0,0,0,1,0,0,1,0
"POINT (8.467131233000032 49.508466252000062)",Unfall 39785 (2018) Kat:2, Licht: 0,39785,2,2,2,01,12,1,0,0,0,1,0,0,0,1
"POINT (8.519971554000051 49.440957301000026)",Unfall 39829 (2018) Kat:3, Licht: 2,39829,3,1,9,01,17,7,1,2,0,1,0,0,0,0
"POINT (8.538933907000057 49.452973991000079)",Unfall 39845 (2018) Kat:3, Licht: 0,39845,3,2,5,01,13,3,0,0,0,1,0,0,0,0
"POINT (8.500252400000022 49.474287307000054)",Unfall 39910 (2018) Kat:3, Licht: 0,39910,3,2,5,01,15,6,1,0,0,1,0,0,0,1
"POINT (8.483774527000037 49.469353622000028)",Unfall 40034 (2018) Kat:3, Licht: 2,40034,3,6,3,01,17,7,0,2,0,1,0,0,0,0
"POINT (8.464589877000037 49.506650171000047)",Unfall 40360 (2018) Kat:3, Licht: 0,40360,3,3,5,01,16,7,1,0,0,1,0,0,0,0
"POINT (8.463271551000048 49.484372572000041)",Unfall 40365 (2018) Kat:3, Licht: 0,40365,3,6,2,01,18,4,1,0,0,1,0,0,0,0
"POINT (8.523016261000066 49.473415508000073)",Unfall 40447 (2018) Kat:3, Licht: 0,40447,3,6,1,01,13,2,1,0,0,1,0,0,1,0
"POINT (8.538361679000047 49.422276520000025)",Unfall 40462 (2018) Kat:2, Licht: 2,40462,2,1,8,01,07,1,1,2,0,0,0,0,0,1
"POINT (8.444246419000024 49.553168049000078)",Unfall 40660 (2018) Kat:3, Licht: 0,40660,3,3,5,01,10,5,0,0,0,1,0,0,0,0
"POINT (8.469023838000055 49.478249736000066)",Unfall 40677 (2018) Kat:3, Licht: 0,40677,3,6,2,01,15,5,0,0,0,1,0,0,0,0
"POINT (8.560565254000039 49.511967727000069)",Unfall 40687 (2018) Kat:2, Licht: 2,40687,2,7,0,01,20,3,0,2,0,1,0,0,0,0
"POINT (8.565973326000062 49.431627452000043)",Unfall 40699 (2018) Kat:1, Licht: 2,40699,1,1,4,01,05,3,1,2,0,1,0,0,0,0
"POINT (8.489648983000052 49.476521962000049)",Unfall 40713 (2018) Kat:3, Licht: 2,40713,3,4,6,02,00,5,1,2,0,1,1,0,0,0
"POINT (8.539343200000076 49.462777926000058)",Unfall 40812 (2018) Kat:3, Licht: 0,40812,3,1,2,01,07,4,0,0,0,1,0,0,0,0
"POINT (8.541856070000051 49.471700648000080)",Unfall 41014 (2018) Kat:3, Licht: 1,41014,3,6,3,02,16,5,0,1,0,1,0,0,1,0
"POINT (8.569213085000058 49.442476223000028)",Unfall 41107 (2018) Kat:3, Licht: 0,41107,3,6,1,02,14,7,0,0,0,1,0,0,0,0
"POINT (8.475215125000034 49.515588117000050)",Unfall 41238 (2018) Kat:3, Licht: 0,41238,3,6,2,02,16,5,0,0,0,1,0,0,0,0
"POINT (8.569303739000077 49.439766439000039)",Unfall 41457 (2018) Kat:3, Licht: 2,41457,3,3,5,02,20,2,1,2,0,1,0,0,0,0
"POINT (8.532779722000043 49.463266323000028)",Unfall 41462 (2018) Kat:3, Licht: 0,41462,3,6,3,02,13,3,0,0,0,1,0,0,0,0
"POINT (8.550060980000069 49.519692089000046)",Unfall 41484 (2018) Kat:2, Licht: 0,41484,2,6,3,02,08,7,1,0,0,1,0,0,0,1
"POINT (8.491008884000053 49.477126495000050)",Unfall 41501 (2018) Kat:3, Licht: 0,41501,3,6,2,02,08,5,0,0,0,1,0,0,0,0
"POINT (8.486061754000048 49.495593867000082)",Unfall 41578 (2018) Kat:3, Licht: 0,41578,3,6,2,02,13,5,1,0,0,1,0,0,1,0
"POINT (8.540906974000052 49.456846872000028)",Unfall 41610 (2018) Kat:3, Licht: 0,41610,3,3,3,02,08,6,0,0,0,1,0,0,0,0
"POINT (8.490412214000060 49.499164522000058)",Unfall 41640 (2018) Kat:3, Licht: 2,41640,3,6,2,02,18,5,0,2,0,1,0,0,0,0
"POINT (8.517163260000075 49.467694646000041)",Unfall 41757 (2018) Kat:3, Licht: 0,41757,3,6,2,02,11,4,0,0,0,1,0,0,0,0
"POINT (8.539306804000034 49.461260154000058)",Unfall 41768 (2018) Kat:2, Licht: 0,41768,2,6,3,02,11,4,0,0,0,1,0,0,1,0
"POINT (8.474047208000059 49.483680848000063)",Unfall 41838 (2018) Kat:3, Licht: 0,41838,3,2,3,02,14,3,0,0,0,1,0,0,0,1
"POINT (8.572916227000064 49.438927372000080)",Unfall 42061 (2018) Kat:2, Licht: 0,42061,2,2,2,03,13,4,0,0,0,1,0,0,0,0
"POINT (8.497520807000058 49.502905237000050)",Unfall 42068 (2018) Kat:3, Licht: 0,42068,3,6,2,02,16,3,0,0,0,1,0,0,0,0
"POINT (8.472936266000033 49.495579699000075)",Unfall 42072 (2018) Kat:2, Licht: 0,42072,2,3,5,02,09,3,0,0,1,1,0,0,0,0
"POINT (8.532996270000069 49.436589242000082)",Unfall 42139 (2018) Kat:3, Licht: 0,42139,3,1,8,03,17,4,1,0,0,1,0,0,0,0
"POINT (8.455740156000047 49.487017274000038)",Unfall 42201 (2018) Kat:3, Licht: 0,42201,3,2,5,02,10,2,0,0,1,0,0,0,1,0
"POINT (8.519769202000020 49.507705612000052)",Unfall 42266 (2018) Kat:3, Licht: 1,42266,3,1,8,03,18,4,1,1,0,1,0,0,0,0
"POINT (8.497315348000029 49.502795461000062)",Unfall 42269 (2018) Kat:3, Licht: 0,42269,3,2,0,03,13,6,0,0,0,1,0,0,0,1
"POINT (8.529853004000074 49.430179507000048)",Unfall 42321 (2018) Kat:3, Licht: 0,42321,3,6,2,03,14,7,0,0,0,1,0,0,0,0
"POINT (8.522672759000045 49.473576288000061)",Unfall 42361 (2018) Kat:2, Licht: 0,42361,2,6,2,02,10,4,0,0,0,1,0,0,1,0
"POINT (8.517456820000064 49.488526822000040)",Unfall 42410 (2018) Kat:3, Licht: 0,42410,3,6,2,03,09,2,0,0,0,1,0,0,0,0
"POINT (8.472873925000044 49.476411077000080)",Unfall 42449 (2018) Kat:3, Licht: 0,42449,3,6,3,03,15,4,0,0,0,1,0,0,1,0
"POINT (8.482565642000054 49.473901360000070)",Unfall 42576 (2018) Kat:3, Licht: 2,42576,3,2,5,03,22,7,1,2,0,1,0,0,0,0
"POINT (8.539756093000051 49.465360269000030)",Unfall 42750 (2018) Kat:3, Licht: 0,42750,3,6,3,03,08,5,0,0,0,1,0,0,1,1
"POINT (8.541906819000076 49.429269984000030)",Unfall 42753 (2018) Kat:3, Licht: 0,42753,3,6,2,03,17,3,1,0,0,1,0,0,0,1
"POINT (8.491166948000057 49.499680982000029)",Unfall 42761 (2018) Kat:3, Licht: 0,42761,3,6,2,03,15,5,1,0,0,1,0,0,0,1
"POINT (8.522696293000024 49.473625056000060)",Unfall 42796 (2018) Kat:3, Licht: 2,42796,3,6,1,03,19,3,0,2,0,1,0,0,0,0
"POINT (8.546463478000021 49.420856599000047)",Unfall 43006 (2018) Kat:3, Licht: 2,43006,3,1,2,03,21,5,0,2,0,1,0,0,1,0
"POINT (8.486315992000073 49.465778797000041)",Unfall 43117 (2018) Kat:3, Licht: 0,43117,3,6,2,03,12,2,0,0,0,1,0,0,0,0
"POINT (8.485672027000021 49.466509693000035)",Unfall 43220 (2018) Kat:3, Licht: 2,43220,3,7,0,03,20,5,1,2,1,1,0,0,0,0
"POINT (8.476542349000056 49.516762607000032)",Unfall 43223 (2018) Kat:2, Licht: 0,43223,2,3,5,03,13,5,1,0,0,1,0,0,0,0
"POINT (8.519625550000058 49.467431683000029)",Unfall 43243 (2018) Kat:3, Licht: 0,43243,3,3,5,03,12,2,0,0,0,1,0,0,0,0
"POINT (8.565940179000052 49.451322041000026)",Unfall 43342 (2018) Kat:3, Licht: 0,43342,3,6,2,03,07,4,0,0,0,1,0,0,0,1
"POINT (8.515677650000043 49.464144552000050)",Unfall 43597 (2018) Kat:3, Licht: 2,43597,3,6,2,04,23,5,0,2,0,1,0,0,0,0
"POINT (8.489902873000062 49.498899520000066)",Unfall 43610 (2018) Kat:3, Licht: 0,43610,3,1,1,04,12,3,0,0,0,1,0,0,0,0
"POINT (8.508726006000074 49.446475003000046)",Unfall 43634 (2018) Kat:2, Licht: 0,43634,2,6,1,04,16,4,1,0,0,1,0,0,0,0
"POINT (8.534429722000027 49.463022750000050)",Unfall 44020 (2018) Kat:3, Licht: 0,44020,3,6,3,04,19,1,0,0,0,1,0,0,0,1
"POINT (8.492227335000052 49.458702148000043)",Unfall 44101 (2018) Kat:3, Licht: 0,44101,3,3,5,04,18,1,0,0,1,1,0,0,0,0
"POINT (8.472325806000072 49.480667221000033)",Unfall 44142 (2018) Kat:3, Licht: 2,44142,3,3,5,04,21,4,0,2,1,1,0,0,0,0
"POINT (8.490479823000044 49.492363513000043)",Unfall 44250 (2018) Kat:3, Licht: 0,44250,3,1,0,04,16,2,0,0,0,0,0,1,0,0
"POINT (8.560509341000056 49.508918222000034)",Unfall 44354 (2018) Kat:3, Licht: 1,44354,3,1,0,04,20,3,0,1,0,1,0,0,0,0
"POINT (8.484258344000068 49.493513273000076)",Unfall 44500 (2018) Kat:2, Licht: 0,44500,2,6,6,04,16,2,0,0,1,0,1,0,0,0
"POINT (8.507461445000047 49.477709940000068)",Unfall 44568 (2018) Kat:2, Licht: 0,44568,2,6,3,04,11,5,0,0,1,1,0,0,0,0
"POINT (8.465066758000035 49.506990968000082)",Unfall 44569 (2018) Kat:3, Licht: 0,44569,3,6,1,04,14,5,0,0,0,1,0,0,0,0
"POINT (8.468073748000052 49.482387389000053)",Unfall 44673 (2018) Kat:2, Licht: 0,44673,2,3,5,04,12,6,0,0,1,1,0,0,0,0
"POINT (8.522845694000068 49.473292243000060)",Unfall 44683 (2018) Kat:3, Licht: 0,44683,3,6,2,04,17,3,0,0,0,1,0,0,0,0
"POINT (8.475374060000036 49.485150571000077)",Unfall 44727 (2018) Kat:3, Licht: 0,44727,3,6,2,04,11,2,1,0,0,1,0,0,0,0
"POINT (8.471185290000051 49.511371172000054)",Unfall 44731 (2018) Kat:3, Licht: 0,44731,3,2,5,04,10,7,0,0,1,1,0,0,0,0
"POINT (8.541211283000052 49.456119071000046)",Unfall 44760 (2018) Kat:3, Licht: 0,44760,3,3,3,04,16,3,0,0,0,1,0,0,1,0
"POINT (8.442661163000025 49.552717392000034)",Unfall 44820 (2018) Kat:2, Licht: 0,44820,2,1,0,04,18,5,0,0,0,0,0,0,1,0
"POINT (8.447942655000077 49.552461090000065)",Unfall 44942 (2018) Kat:3, Licht: 0,44942,3,6,1,04,13,6,0,0,0,1,0,0,0,0
"POINT (8.500070442000038 49.474359055000036)",Unfall 45024 (2018) Kat:3, Licht: 0,45024,3,3,5,04,14,2,0,0,0,1,0,0,0,0
"POINT (8.490087134000021 49.461406365000073)",Unfall 45152 (2018) Kat:3, Licht: 0,45152,3,3,5,04,16,2,0,0,1,1,0,0,0,0
"POINT (8.482256304000032 49.474106102000064)",Unfall 45201 (2018) Kat:3, Licht: 0,45201,3,7,0,04,13,5,0,0,0,0,0,1,0,0
"POINT (8.459540142000037 49.497792250000032)",Unfall 45204 (2018) Kat:3, Licht: 0,45204,3,6,3,04,15,5,0,0,0,1,0,0,1,0
"POINT (8.570849265000049 49.450454540000067)",Unfall 45208 (2018) Kat:2, Licht: 0,45208,2,6,2,04,12,5,0,0,0,1,0,0,0,1
"POINT (8.473967809000044 49.483597330000066)",Unfall 45211 (2018) Kat:3, Licht: 0,45211,3,2,5,04,15,5,0,0,1,0,0,0,0,1
"POINT (8.545016420000025 49.480632001000060)",Unfall 45432 (2018) Kat:3, Licht: 0,45432,3,6,2,04,17,4,0,0,0,1,0,0,0,1
"POINT (8.540750797000044 49.442772614000035)",Unfall 45512 (2018) Kat:3, Licht: 0,45512,3,6,2,04,09,6,0,0,0,1,0,0,0,0
"POINT (8.541382458000044 49.445381311000062)",Unfall 45513 (2018) Kat:2, Licht: 0,45513,2,6,2,04,08,2,0,0,0,1,0,0,1,0
"POINT (8.455881939000051 49.486810395000077)",Unfall 45540 (2018) Kat:3, Licht: 0,45540,3,6,1,05,12,4,0,0,0,1,0,0,0,0
"POINT (8.562871747000031 49.467141921000064)",Unfall 45573 (2018) Kat:3, Licht: 0,45573,3,7,0,04,15,1,0,0,1,0,0,0,0,0