WKT,Name,OBJECTID,UKATEGORIE,UTYP1,UART,UMONAT,USTUNDE,UWOCHENTAG,STRZUSTAND,ULICHTVERH,ISTRAD,ISTPKW,ISTFUSS,ISTKRAD,ISTGKFZ,ISTSONSTIG
"POINT (8.460863071000063 49.493347949000054)",Unfall 45587 (2018) Kat:2, Licht: 0,45587,2,3,5,04,11,7,0,0,0,1,0,0,0,0
"POINT (8.551034234000042 49.491724708000049)",Unfall 45610 (2018) Kat:3, Licht: 0,45610,3,6,2,05,16,3,0,0,0,1,0,0,0,0
"POINT (8.488084302000061 49.497697565000067)",Unfall 45751 (2018) Kat:3, Licht: 0,45751,3,2,5,05,07,4,0,0,1,1,0,0,0,0
"POINT (8.511362841000050 49.489051006000068)",Unfall 45867 (2018) Kat:3, Licht: 0,45867,3,6,3,05,15,1,0,0,0,1,0,0,0,0
"POINT (8.508631553000043 49.471099528000082)",Unfall 45968 (2018) Kat:3, Licht: 0,45968,3,6,2,05,17,3,0,0,0,1,0,1,0,0
"POINT (8.464292394000040 49.506437359000074)",Unfall 46055 (2018) Kat:2, Licht: 0,46055,2,6,1,05,17,5,0,0,0,1,0,0,0,0
"POINT (8.513176163000026 49.488834184000041)",Unfall 46200 (2018) Kat:3, Licht: 0,46200,3,6,2,05,13,1,0,0,0,1,0,0,0,0
"POINT (8.536648199000069 49.431704953000065)",Unfall 46275 (2018) Kat:3, Licht: 0,46275,3,1,3,05,19,3,1,0,0,1,0,0,0,0
"POINT (8.445567936000032 49.557818734000080)",Unfall 46358 (2018) Kat:2, Licht: 0,46358,2,2,5,05,16,7,0,0,0,1,0,1,0,0
"POINT (8.560281016000033 49.511368346000040)",Unfall 46551 (2018) Kat:3, Licht: 0,46551,3,6,8,05,12,7,0,0,0,1,0,0,0,0
"POINT (8.560255301000041 49.509345529000029)",Unfall 46564 (2018) Kat:2, Licht: 0,46564,2,1,9,05,10,1,1,0,0,0,0,1,0,0
"POINT (8.456027244000040 49.488510138000038)",Unfall 46565 (2018) Kat:3, Licht: 0,46565,3,6,3,05,12,5,0,0,0,1,0,0,1,0
"POINT (8.473862753000049 49.483849973000076)",Unfall 46657 (2018) Kat:2, Licht: 0,46657,2,3,5,05,11,4,0,0,0,1,1,0,0,0
"POINT (8.444830621000051 49.559752720000063)",Unfall 46780 (2018) Kat:3, Licht: 0,46780,3,3,5,05,11,6,0,0,0,1,0,0,0,0
"POINT (8.560052457000040 49.518396112000062)",Unfall 46838 (2018) Kat:3, Licht: 0,46838,3,1,8,05,19,4,1,0,0,1,0,0,0,0
"POINT (8.471668114000067 49.481278564000036)",Unfall 46847 (2018) Kat:3, Licht: 2,46847,3,7,0,05,22,4,1,2,0,0,0,1,0,0
"POINT (8.514405896000028 49.555270840000048)",Unfall 47090 (2018) Kat:3, Licht: 0,47090,3,6,2,05,15,3,0,0,0,1,0,0,0,1
"POINT (8.476020560000052 49.486390919000030)",Unfall 47097 (2018) Kat:3, Licht: 0,47097,3,6,2,05,08,4,0,0,0,1,0,0,0,0
"POINT (8.480834730000026 49.472227586000031)",Unfall 47105 (2018) Kat:3, Licht: 2,47105,3,6,2,05,16,3,0,2,0,1,0,0,0,0
"POINT (8.463444531000050 49.505829514000027)",Unfall 47165 (2018) Kat:3, Licht: 0,47165,3,6,1,06,12,6,0,0,0,1,0,0,0,0
"POINT (8.494004729000039 49.554733324000040)",Unfall 47520 (2018) Kat:2, Licht: 0,47520,2,6,2,06,11,4,0,0,0,1,0,0,0,1
"POINT (8.491295518000072 49.460031486000048)",Unfall 47551 (2018) Kat:3, Licht: 0,47551,3,4,6,06,15,2,0,0,0,1,1,0,0,0
"POINT (8.474548659000050 49.515339202000064)",Unfall 47568 (2018) Kat:3, Licht: 0,47568,3,6,3,06,14,3,0,0,0,0,0,1,1,0
"POINT (8.565972082000030 49.431770964000066)",Unfall 47744 (2018) Kat:3, Licht: 0,47744,3,1,8,06,10,1,0,0,0,1,0,0,0,0
"POINT (8.476589219000061 49.474544282000068)",Unfall 47747 (2018) Kat:3, Licht: 0,47747,3,6,3,06,06,3,0,0,0,1,0,0,1,0
"POINT (8.542854169000066 49.427628596000034)",Unfall 47884 (2018) Kat:3, Licht: 1,47884,3,7,0,06,04,2,0,1,0,0,0,0,0,1
"POINT (8.447868204000031 49.581505269000047)",Unfall 47975 (2018) Kat:3, Licht: 0,47975,3,6,2,06,07,3,0,0,0,1,0,0,0,1
"POINT (8.491624312000056 49.489908611000033)",Unfall 48143 (2018) Kat:3, Licht: 0,48143,3,6,1,06,19,1,1,0,0,1,0,0,0,0
"POINT (8.465138667000076 49.507042356000056)",Unfall 48307 (2018) Kat:3, Licht: 0,48307,3,5,5,06,17,5,0,0,0,1,0,0,0,0
"POINT (8.538623324000071 49.422443769000040)",Unfall 48315 (2018) Kat:3, Licht: 0,48315,3,6,2,06,06,2,0,0,0,1,0,0,0,0
"POINT (8.519649203000029 49.467428414000040)",Unfall 48359 (2018) Kat:3, Licht: 0,48359,3,6,1,06,08,2,0,0,0,1,0,1,0,0
"POINT (8.512224350000054 49.444830115000059)",Unfall 48394 (2018) Kat:3, Licht: 0,48394,3,6,1,06,12,2,0,0,0,1,0,0,1,0
"POINT (8.471813975000032 49.481849456000077)",Unfall 48435 (2018) Kat:3, Licht: 0,48435,3,6,2,06,19,5,0,0,0,1,0,1,0,0
"POINT (8.549062950000064 49.519363363000082)",Unfall 48619 (2018) Kat:1, Licht: 0,48619,1,6,3,06,20,3,0,0,0,1,0,1,0,0
"POINT (8.501742339000032 49.489548710000065)",Unfall 48678 (2018) Kat:3, Licht: 0,48678,3,4,6,06,08,6,0,0,0,1,1,0,0,0
"POINT (8.474001383000029 49.475675790000025)",Unfall 48748 (2018) Kat:3, Licht: 0,48748,3,6,2,06,12,5,0,0,0,1,0,0,0,0
"POINT (8.493520402000058 49.500919198000076)",Unfall 48966 (2018) Kat:3, Licht: 0,48966,3,6,2,06,17,2,0,0,0,1,0,0,0,0
"POINT (8.475194147000025 49.485252251000077)",Unfall 48969 (2018) Kat:3, Licht: 0,48969,3,6,1,06,19,2,0,0,0,1,0,0,0,0
"POINT (8.459705387000042 49.492663665000066)",Unfall 48975 (2018) Kat:3, Licht: 0,48975,3,3,5,06,10,2,0,0,0,1,0,1,0,0
"POINT (8.551155758000050 49.491571298000054)",Unfall 49178 (2018) Kat:3, Licht: 0,49178,3,3,5,06,20,1,0,0,0,1,0,0,0,0
"POINT (8.482925650000027 49.554438542000071)",Unfall 49207 (2018) Kat:3, Licht: 0,49207,3,7,2,06,12,6,0,0,0,1,0,0,1,1
"POINT (8.560824846000060 49.505997740000055)",Unfall 49326 (2018) Kat:3, Licht: 0,49326,3,6,3,06,12,7,0,0,0,1,0,0,1,0
"POINT (8.467867947000059 49.508992682000041)",Unfall 49357 (2018) Kat:3, Licht: 0,49357,3,2,3,06,17,3,0,0,1,1,0,0,0,0
"POINT (8.460721386000046 49.493290271000035)",Unfall 49363 (2018) Kat:3, Licht: 0,49363,3,6,2,06,10,6,0,0,0,1,0,0,0,0
"POINT (8.499674862000063 49.474866843000029)",Unfall 49373 (2018) Kat:3, Licht: 2,49373,3,6,2,07,00,1,0,2,0,1,0,0,0,0
"POINT (8.460457817000076 49.495369806000042)",Unfall 49527 (2018) Kat:3, Licht: 0,49527,3,6,2,07,10,2,0,0,0,1,0,0,0,0
"POINT (8.503718108000044 49.473262710000029)",Unfall 49600 (2018) Kat:3, Licht: 0,49600,3,6,2,07,17,3,0,0,0,1,0,0,0,0
"POINT (8.483345611000061 49.493005185000072)",Unfall 49641 (2018) Kat:3, Licht: 0,49641,3,1,9,07,15,2,0,0,0,1,0,0,0,0
"POINT (8.491147915000056 49.499671394000075)",Unfall 49714 (2018) Kat:3, Licht: 2,49714,3,1,0,07,04,3,0,2,1,0,0,0,0,0
"POINT (8.557636397000067 49.492091134000077)",Unfall 49726 (2018) Kat:3, Licht: 0,49726,3,6,2,07,17,2,0,0,0,1,0,0,0,0
"POINT (8.522674911000024 49.473170954000068)",Unfall 49765 (2018) Kat:3, Licht: 0,49765,3,6,2,07,13,4,0,0,0,1,0,0,0,0
"POINT (8.569305542000052 49.439778289000060)",Unfall 49876 (2018) Kat:2, Licht: 0,49876,2,2,5,07,09,2,0,0,0,1,0,0,0,0
"POINT (8.516767147000053 49.488562824000041)",Unfall 49886 (2018) Kat:3, Licht: 0,49886,3,6,2,07,15,6,0,0,0,1,0,0,0,0
"POINT (8.523693522000031 49.438084853000078)",Unfall 49934 (2018) Kat:3, Licht: 0,49934,3,2,2,07,11,2,0,0,0,1,0,0,0,0
"POINT (8.566374654000072 49.451158379000049)",Unfall 49943 (2018) Kat:2, Licht: 0,49943,2,1,2,07,17,4,0,0,0,1,0,0,0,1
"POINT (8.486086999000065 49.495621285000027)",Unfall 49945 (2018) Kat:3, Licht: 0,49945,3,7,1,07,09,3,0,0,0,1,0,0,0,0
"POINT (8.464836482000067 49.506826404000037)",Unfall 49962 (2018) Kat:2, Licht: 0,49962,2,3,5,07,15,5,0,0,0,1,0,1,0,0
"POINT (8.419249142000069 49.549333432000026)",Unfall 50049 (2018) Kat:3, Licht: 0,50049,3,6,2,07,19,4,0,0,0,1,0,0,0,0
"POINT (8.418285938000054 49.548917583000048)",Unfall 50050 (2018) Kat:3, Licht: 0,50050,3,6,2,07,19,4,0,0,0,1,0,0,0,0
"POINT (8.465532363000023 49.480249901000036)",Unfall 50111 (2018) Kat:3, Licht: 0,50111,3,6,1,07,15,6,0,0,0,1,0,0,0,0
"POINT (8.438844573000040 49.553254852000066)",Unfall 50162 (2018) Kat:3, Licht: 1,50162,3,6,2,07,05,3,0,1,0,1,0,1,0,0
"POINT (8.568480239000053 49.450422904000050)",Unfall 50165 (2018) Kat:3, Licht: 0,50165,3,6,2,07,18,3,0,0,0,1,0,0,0,0
"POINT (8.505885655000043 49.506917598000030)",Unfall 50181 (2018) Kat:3, Licht: 0,50181,3,6,2,07,17,3,0,0,0,1,0,0,0,0
"POINT (8.505812215000049 49.506895734000068)",Unfall 50433 (2018) Kat:3, Licht: 0,50433,3,3,5,07,13,3,0,0,0,1,0,0,0,0
"POINT (8.475773513000036 49.516205754000055)",Unfall 50460 (2018) Kat:3, Licht: 1,50460,3,6,2,07,21,7,0,1,0,1,0,0,0,0
"POINT (8.466945685000042 49.508333664000077)",Unfall 50521 (2018) Kat:3, Licht: 0,50521,3,5,5,07,10,2,0,0,1,1,0,0,0,0
"POINT (8.512824454000054 49.449691796000081)",Unfall 50543 (2018) Kat:3, Licht: 0,50543,3,6,3,07,07,5,0,0,0,1,0,0,1,0
"POINT (8.475541592000070 49.485811204000072)",Unfall 50882 (2018) Kat:3, Licht: 0,50882,3,6,3,07,10,7,0,0,1,1,0,0,0,0
"POINT (8.531212531000051 49.428436517000080)",Unfall 50947 (2018) Kat:3, Licht: 0,50947,3,3,5,07,16,6,0,0,1,1,0,0,0,0
"POINT (8.480153980000068 49.520271097000034)",Unfall 51093 (2018) Kat:3, Licht: 0,51093,3,6,2,07,06,6,0,0,0,1,0,0,0,1
"POINT (8.490522622000071 49.493107799000029)",Unfall 51134 (2018) Kat:3, Licht: 0,51134,3,6,1,07,15,5,0,0,0,1,0,0,0,0
"POINT (8.552123592000044 49.491048044000081)",Unfall 51166 (2018) Kat:2, Licht: 0,51166,2,6,2,07,15,6,0,0,0,1,0,0,0,0
"POINT (8.574909808000029 49.448171091000063)",Unfall 51191 (2018) Kat:2, Licht: 0,51191,2,6,2,07,17,2,0,0,0,1,0,0,1,0
"POINT (8.496813700000075 49.525626787000078)",Unfall 51205 (2018) Kat:3, Licht: 0,51205,3,6,1,07,08,2,0,0,0,1,0,0,0,0
"POINT (8.534852116000025 49.424577121000027)",Unfall 51207 (2018) Kat:3, Licht: 2,51207,3,1,9,07,22,2,0,2,0,1,0,0,0,0
"POINT (8.544556273000069 49.459175786000060)",Unfall 51224 (2018) Kat:3, Licht: 0,51224,3,6,2,08,17,6,0,0,0,1,0,0,0,0
"POINT (8.461783282000056 49.504551004000064)",Unfall 51321 (2018) Kat:3, Licht: 0,51321,3,5,5,08,19,4,0,0,1,1,0,0,0,0
"POINT (8.461668441000029 49.494034381000063)",Unfall 51329 (2018) Kat:3, Licht: 0,51329,3,6,3,08,07,5,0,0,0,1,0,1,0,0
"POINT (8.466710446000036 49.479433995000079)",Unfall 51507 (2018) Kat:3, Licht: 0,51507,3,1,8,07,06,1,0,0,0,1,0,0,0,0
"POINT (8.473979455000062 49.483609581000053)",Unfall 51510 (2018) Kat:3, Licht: 2,51510,3,2,5,07,00,1,0,2,1,1,0,0,0,0
"POINT (8.459949111000071 49.492961683000033)",Unfall 51512 (2018) Kat:3, Licht: 0,51512,3,6,3,07,09,1,0,0,0,1,0,0,0,1
"POINT (8.579661537000050 49.443009457000073)",Unfall 51560 (2018) Kat:3, Licht: 1,51560,3,2,0,08,21,4,1,1,0,1,0,1,0,0
"POINT (8.512167789000046 49.507711080000036)",Unfall 51622 (2018) Kat:3, Licht: 0,51622,3,6,2,08,14,1,0,0,0,1,0,0,0,0
"POINT (8.459149297000067 49.492351744000075)",Unfall 51660 (2018) Kat:3, Licht: 2,51660,3,2,6,08,21,7,0,2,0,1,1,0,0,0
"POINT (8.476545997000073 49.474393484000075)",Unfall 51686 (2018) Kat:3, Licht: 0,51686,3,6,2,08,17,2,0,0,0,1,0,0,0,0
"POINT (8.471254483000053 49.481217876000073)",Unfall 51701 (2018) Kat:3, Licht: 0,51701,3,6,2,08,05,5,0,0,0,0,0,0,0,1
"POINT (8.477930240000035 49.476390911000067)",Unfall 51807 (2018) Kat:3, Licht: 0,51807,3,7,0,08,10,3,0,0,1,0,0,0,0,0
"POINT (8.470985628000051 49.481230852000067)",Unfall 51841 (2018) Kat:3, Licht: 0,51841,3,6,2,08,16,2,0,0,0,1,0,0,0,0
"POINT (8.459326799000053 49.502400683000076)",Unfall 51887 (2018) Kat:2, Licht: 2,51887,2,6,4,08,00,1,0,2,0,1,0,0,0,0
"POINT (8.484336006000035 49.472026346000064)",Unfall 51943 (2018) Kat:3, Licht: 0,51943,3,7,0,08,18,1,0,0,0,0,0,1,0,0
"POINT (8.491160221000030 49.499677593000058)",Unfall 52018 (2018) Kat:3, Licht: 0,52018,3,7,5,08,19,6,0,0,0,1,0,0,0,1
"POINT (8.485744310000030 49.466432953000037)",Unfall 52163 (2018) Kat:3, Licht: 0,52163,3,2,0,08,16,2,0,0,0,1,0,0,0,1
"POINT (8.512194879000049 49.507710366000026)",Unfall 52341 (2018) Kat:3, Licht: 0,52341,3,6,2,08,11,4,0,0,0,1,0,0,0,0
"POINT (8.457397114000059 49.490883713000073)",Unfall 52368 (2018) Kat:3, Licht: 0,52368,3,6,0,08,15,2,0,0,0,1,0,1,0,0
"POINT (8.527343760000065 49.433393167000077)",Unfall 52369 (2018) Kat:3, Licht: 0,52369,3,6,3,08,10,2,1,0,0,1,0,0,0,1
"POINT (8.541461423000044 49.446363288000043)",Unfall 52684 (2018) Kat:3, Licht: 0,52684,3,6,2,08,12,2,1,0,0,1,0,0,0,0
"POINT (8.488618264000024 49.498253612000042)",Unfall 52720 (2018) Kat:3, Licht: 0,52720,3,3,5,08,15,7,0,0,0,1,0,0,0,1
"POINT (8.464286350000066 49.480757343000050)",Unfall 52837 (2018) Kat:2, Licht: 0,52837,2,6,2,08,10,6,1,0,0,1,0,0,0,1
"POINT (8.488757926000062 49.494636604000050)",Unfall 52932 (2018) Kat:3, Licht: 0,52932,3,2,3,08,18,7,0,0,1,1,0,0,0,0
"POINT (8.513716062000071 49.444128635000027)",Unfall 53102 (2018) Kat:3, Licht: 0,53102,3,6,2,09,07,4,0,0,0,1,0,0,0,0
"POINT (8.469249878000028 49.478305361000025)",Unfall 53124 (2018) Kat:3, Licht: 2,53124,3,6,8,09,01,2,1,2,0,1,0,0,0,1
"POINT (8.504356389000066 49.448364385000048)",Unfall 53128 (2018) Kat:3, Licht: 0,53128,3,6,2,09,16,2,0,0,0,1,0,1,0,0
"POINT (8.526661167000043 49.510918236000066)",Unfall 53325 (2018) Kat:3, Licht: 0,53325,3,6,2,09,13,7,0,0,0,1,0,0,0,0
"POINT (8.458252697000035 49.481797953000068)",Unfall 53327 (2018) Kat:3, Licht: 0,53327,3,6,2,09,16,4,0,0,0,1,0,0,0,1
"POINT (8.538659184000039 49.461214023000082)",Unfall 53441 (2018) Kat:3, Licht: 0,53441,3,3,3,09,17,5,1,0,0,1,0,0,0,0
"POINT (8.477185107000025 49.474276714000041)",Unfall 53444 (2018) Kat:3, Licht: 0,53444,3,6,2,09,12,7,0,0,0,1,0,0,0,0
"POINT (8.475665658000025 49.486071790000040)",Unfall 53550 (2018) Kat:3, Licht: 0,53550,3,4,6,09,16,7,0,0,0,1,1,0,0,0
"POINT (8.479186569000035 49.472845189000054)",Unfall 53707 (2018) Kat:3, Licht: 0,53707,3,6,1,09,07,3,0,0,0,1,0,0,0,0
"POINT (8.488341574000060 49.494717391000052)",Unfall 53710 (2018) Kat:2, Licht: 0,53710,2,2,3,09,16,3,0,0,1,1,0,0,0,0
"POINT (8.484144508000043 49.468553429000053)",Unfall 54128 (2018) Kat:3, Licht: 0,54128,3,2,5,09,09,3,0,0,0,0,0,0,0,1
"POINT (8.459257299000058 49.492448765000063)",Unfall 54273 (2018) Kat:3, Licht: 2,54273,3,6,2,09,21,6,0,2,0,1,0,0,0,0
"POINT (8.459689568000044 49.492784373000063)",Unfall 54316 (2018) Kat:3, Licht: 0,54316,3,6,2,09,07,5,0,0,0,1,0,0,0,0
"POINT (8.456737049000026 49.481244511000057)",Unfall 54320 (2018) Kat:3, Licht: 0,54320,3,6,1,09,08,5,0,0,0,1,0,1,0,0
"POINT (8.564054632000023 49.466441282000062)",Unfall 54400 (2018) Kat:3, Licht: 0,54400,3,6,3,09,13,4,0,0,1,1,0,0,0,0
"POINT (8.522705561000066 49.473645132000058)",Unfall 54413 (2018) Kat:2, Licht: 0,54413,2,6,2,09,16,6,1,0,0,1,0,0,0,1
"POINT (8.484216586000059 49.468465521000041)",Unfall 54500 (2018) Kat:3, Licht: 0,54500,3,6,0,09,10,5,0,0,0,1,0,1,0,0
"POINT (8.512219826000035 49.444832242000075)",Unfall 54575 (2018) Kat:3, Licht: 0,54575,3,6,2,09,18,6,0,0,0,1,0,0,0,0
"POINT (8.470901918000038 49.511167475000036)",Unfall 54621 (2018) Kat:3, Licht: 0,54621,3,6,2,09,15,5,0,0,0,1,0,0,0,0
"POINT (8.447268285000064 49.553420370000026)",Unfall 54631 (2018) Kat:3, Licht: 0,54631,3,6,2,09,17,4,0,0,0,1,0,0,0,1
"POINT (8.494006853000030 49.455806030000076)",Unfall 54720 (2018) Kat:3, Licht: 0,54720,3,3,5,09,10,4,0,0,1,1,0,0,0,0
"POINT (8.486995721000028 49.496233337000035)",Unfall 54798 (2018) Kat:3, Licht: 0,54798,3,6,1,09,14,6,0,0,0,1,0,1,0,0
"POINT (8.463348300000064 49.484343086000081)",Unfall 54925 (2018) Kat:3, Licht: 0,54925,3,6,2,10,19,2,0,0,0,1,0,0,0,0
"POINT (8.511827087000029 49.507547424000052)",Unfall 55062 (2018) Kat:3, Licht: 2,55062,3,2,8,10,21,2,0,2,0,1,0,0,0,0
"POINT (8.476019176000023 49.486387658000069)",Unfall 55064 (2018) Kat:3, Licht: 0,55064,3,7,0,10,10,5,0,0,0,0,0,1,0,0
"POINT (8.512629362000041 49.447812748000047)",Unfall 55100 (2018) Kat:3, Licht: 0,55100,3,7,0,09,13,7,0,0,0,1,0,0,0,0
"POINT (8.483165553000049 49.493317698000055)",Unfall 55101 (2018) Kat:2, Licht: 0,55101,2,3,5,09,18,7,0,0,0,1,0,0,0,1
"POINT (8.524222452000061 49.475948193000079)",Unfall 55299 (2018) Kat:3, Licht: 0,55299,3,6,3,10,10,4,0,0,0,1,0,0,0,0
"POINT (8.517516597000054 49.507606658000043)",Unfall 55383 (2018) Kat:3, Licht: 0,55383,3,6,1,10,18,4,0,0,0,1,0,0,0,0
"POINT (8.475660853000022 49.486061055000050)",Unfall 55400 (2018) Kat:3, Licht: 0,55400,3,3,5,10,12,7,0,0,1,0,0,0,0,0
"POINT (8.571794240000031 49.449782650000031)",Unfall 55419 (2018) Kat:3, Licht: 0,55419,3,1,0,10,16,3,0,0,0,0,0,1,0,0
"POINT (8.523718653000060 49.438065232000042)",Unfall 55562 (2018) Kat:3, Licht: 0,55562,3,2,5,10,17,4,0,0,1,1,0,0,0,0
"POINT (8.460239702000024 49.481359920000045)",Unfall 55587 (2018) Kat:3, Licht: 0,55587,3,6,2,10,15,6,0,0,0,1,0,0,0,1
"POINT (8.461766004000026 49.504538384000057)",Unfall 55639 (2018) Kat:3, Licht: 0,55639,3,6,2,10,15,3,0,0,0,1,0,0,0,0
"POINT (8.460371197000029 49.493293130000040)",Unfall 55750 (2018) Kat:2, Licht: 1,55750,2,3,5,10,18,3,0,1,1,1,0,0,0,0
"POINT (8.500180209000064 49.524484063000045)",Unfall 55881 (2018) Kat:3, Licht: 0,55881,3,3,5,10,15,6,0,0,1,1,0,0,0,0
"POINT (8.541665209000030 49.446385755000051)",Unfall 56048 (2018) Kat:3, Licht: 0,56048,3,6,2,10,08,7,0,0,0,1,0,0,0,0
"POINT (8.515024450000055 49.463369224000076)",Unfall 56201 (2018) Kat:3, Licht: 0,56201,3,6,2,10,17,3,0,0,0,1,0,0,0,0
"POINT (8.533242330000064 49.425902159000032)",Unfall 56310 (2018) Kat:3, Licht: 0,56310,3,5,1,10,10,2,0,0,1,1,0,0,0,0
"POINT (8.465175137000074 49.507068419000063)",Unfall 56442 (2018) Kat:3, Licht: 0,56442,3,3,0,10,15,6,0,0,1,1,0,0,0,0
"POINT (8.526150543000028 49.434927929000025)",Unfall 56454 (2018) Kat:3, Licht: 0,56454,3,6,4,10,15,6,0,0,0,1,0,0,0,0
"POINT (8.551175231000059 49.491581993000068)",Unfall 56517 (2018) Kat:3, Licht: 1,56517,3,3,5,10,07,3,0,1,0,1,0,0,0,0
"POINT (8.492223240000044 49.458707209000067)",Unfall 56525 (2018) Kat:3, Licht: 0,56525,3,3,5,10,13,2,0,0,1,1,0,0,0,0
"POINT (8.471532747000026 49.481003655000052)",Unfall 56588 (2018) Kat:2, Licht: 2,56588,2,4,6,10,18,4,1,2,0,1,1,0,0,0
"POINT (8.509312156000021 49.519345497000074)",Unfall 56623 (2018) Kat:3, Licht: 2,56623,3,2,5,10,04,2,0,2,0,1,0,0,0,0
"POINT (8.527798671000028 49.432795638000073)",Unfall 56665 (2018) Kat:3, Licht: 0,56665,3,3,0,10,09,7,1,0,0,1,0,1,0,0
"POINT (8.512150456000029 49.488856759000043)",Unfall 56668 (2018) Kat:3, Licht: 0,56668,3,5,5,10,13,7,0,0,1,1,0,0,0,0
"POINT (8.500148989000024 49.474328083000046)",Unfall 56672 (2018) Kat:3, Licht: 0,56672,3,7,5,10,11,7,0,0,0,1,0,0,0,1
"POINT (8.557663711000032 49.454436905000080)",Unfall 56746 (2018) Kat:2, Licht: 2,56746,2,6,2,11,17,1,0,2,0,1,0,0,0,0
"POINT (8.449594825000077 49.549891185000035)",Unfall 56774 (2018) Kat:3, Licht: 0,56774,3,6,2,11,14,1,0,0,0,1,0,0,0,0
"POINT (8.525632871000028 49.465269650000039)",Unfall 56832 (2018) Kat:3, Licht: 2,56832,3,6,2,10,18,4,0,2,0,1,0,0,0,0
"POINT (8.460003349000033 49.481243703000075)",Unfall 56852 (2018) Kat:3, Licht: 0,56852,3,6,2,10,15,4,0,0,0,1,0,0,0,0
"POINT (8.460511775000043 49.493302773000039)",Unfall 56855 (2018) Kat:3, Licht: 0,56855,3,3,5,11,14,6,0,0,0,1,0,0,0,0
"POINT (8.542306845000041 49.451476265000053)",Unfall 56969 (2018) Kat:3, Licht: 0,56969,3,6,2,10,15,1,1,0,0,1,0,0,0,0
"POINT (8.480816015000073 49.522034838000081)",Unfall 57043 (2018) Kat:3, Licht: 2,57043,3,6,3,10,18,3,0,2,0,1,0,0,0,0
"POINT (8.543784632000040 49.477840362000052)",Unfall 57077 (2018) Kat:3, Licht: 1,57077,3,6,1,10,17,4,0,1,0,1,0,0,0,0
"POINT (8.512450058000070 49.460026900000059)",Unfall 57097 (2018) Kat:3, Licht: 2,57097,3,6,3,10,19,4,0,2,0,1,0,0,1,0
"POINT (8.566030520000027 49.451288011000031)",Unfall 57107 (2018) Kat:3, Licht: 2,57107,3,6,2,11,17,1,0,2,0,1,0,0,0,0
"POINT (8.474606750000021 49.484578885000076)",Unfall 57138 (2018) Kat:3, Licht: 0,57138,3,2,3,10,11,5,0,0,1,0,0,0,0,1
"POINT (8.474084307000055 49.483718984000063)",Unfall 57156 (2018) Kat:3, Licht: 0,57156,3,6,3,10,14,2,0,0,0,1,0,1,0,0
"POINT (8.569520604000047 49.448524307000071)",Unfall 57309 (2018) Kat:3, Licht: 0,57309,3,6,2,11,09,5,0,0,0,1,0,0,0,1
"POINT (8.455885439000042 49.486899955000069)",Unfall 57322 (2018) Kat:3, Licht: 1,57322,3,2,5,11,16,6,0,1,0,1,0,0,0,0
"POINT (8.466155925000066 49.479918416000032)",Unfall 57529 (2018) Kat:3, Licht: 0,57529,3,6,1,11,14,4,0,0,0,1,0,0,0,0
"POINT (8.522351343000025 49.477335872000026)",Unfall 57569 (2018) Kat:3, Licht: 0,57569,3,5,1,11,07,3,1,0,0,1,0,1,0,0
"POINT (8.492341507000049 49.500145159000056)",Unfall 57594 (2018) Kat:3, Licht: 0,57594,3,3,5,11,09,2,0,0,1,1,0,0,0,0
"POINT (8.492215435000048 49.500078820000056)",Unfall 57645 (2018) Kat:3, Licht: 0,57645,3,6,2,11,08,4,1,0,0,1,0,0,0,0
"POINT (8.479425759000037 49.475320782000040)",Unfall 57753 (2018) Kat:3, Licht: 2,57753,3,1,0,11,22,4,0,2,1,0,0,0,0,0
"POINT (8.539115154000058 49.461126752000041)",Unfall 57796 (2018) Kat:3, Licht: 0,57796,3,6,2,11,08,4,0,0,0,1,0,0,0,0
"POINT (8.542084648000071 49.429324885000028)",Unfall 57969 (2018) Kat:3, Licht: 2,57969,3,6,3,11,19,4,0,2,0,1,0,0,0,0
"POINT (8.543694277000043 49.425971660000073)",Unfall 58099 (2018) Kat:3, Licht: 0,58099,3,6,2,11,08,5,0,0,0,1,0,0,0,0
"POINT (8.550982198000042 49.520060539000042)",Unfall 58101 (2018) Kat:2, Licht: 1,58101,2,1,2,11,16,5,0,1,0,1,0,0,0,0
"POINT (8.541334357000039 49.470195422000074)",Unfall 58102 (2018) Kat:3, Licht: 0,58102,3,6,2,11,15,5,0,0,0,1,0,0,1,0
"POINT (8.544309967000061 49.478910053000050)",Unfall 58104 (2018) Kat:3, Licht: 2,58104,3,6,2,11,17,5,0,2,0,1,0,0,0,0
"POINT (8.459593212000073 49.502747009000075)",Unfall 58136 (2018) Kat:2, Licht: 0,58136,2,3,5,11,11,7,1,0,0,1,0,0,0,0
"POINT (8.543676015000074 49.459433858000068)",Unfall 58544 (2018) Kat:2, Licht: 1,58544,2,6,2,12,07,4,1,1,0,1,0,0,0,0
"POINT (8.477078671000072 49.517169246000037)",Unfall 58555 (2018) Kat:3, Licht: 2,58555,3,6,1,12,18,1,1,2,0,1,0,0,0,0
"POINT (8.566797246000022 49.450999189000072)",Unfall 58557 (2018) Kat:3, Licht: 2,58557,3,6,1,12,17,7,0,2,0,1,0,0,0,0
"POINT (8.465224614000022 49.483606249000047)",Unfall 58571 (2018) Kat:3, Licht: 1,58571,3,6,2,12,16,7,0,1,0,1,0,0,0,0