WKT,Name,OBJECTID,UKATEGORIE,UTYP1,UART,UMONAT,USTUNDE,UWOCHENTAG,STRZUSTAND,ULICHTVERH,ISTRAD,ISTPKW,ISTFUSS,ISTKRAD,ISTGKFZ,ISTSONSTIG
"POINT (8.491001117000053 49.499597473000051)",Unfall 58574 (2018) Kat:2, Licht: 0,58574,2,4,6,12,14,7,0,0,0,0,1,0,0,1
"POINT (8.544490666000058 49.459330445000035)",Unfall 58583 (2018) Kat:2, Licht: 0,58583,2,6,1,12,08,3,1,0,0,0,0,0,1,1
"POINT (8.479928820000055 49.519813629000055)",Unfall 58612 (2018) Kat:3, Licht: 0,58612,3,1,0,12,12,1,1,0,0,0,0,1,0,0
"POINT (8.468760880000048 49.509630807000065)",Unfall 58633 (2018) Kat:3, Licht: 2,58633,3,3,5,12,01,1,0,2,0,1,0,0,0,0
"POINT (8.490245378000054 49.493513714000073)",Unfall 58684 (2018) Kat:3, Licht: 0,58684,3,6,2,12,09,2,1,0,0,1,0,0,0,0
"POINT (8.444633400000043 49.559887211000046)",Unfall 58697 (2018) Kat:3, Licht: 2,58697,3,2,4,12,18,3,0,2,0,1,0,0,0,0
"POINT (8.538211914000044 49.461428137000041)",Unfall 58706 (2018) Kat:3, Licht: 2,58706,3,6,2,12,17,4,0,2,0,1,0,0,0,0
"POINT (8.438433680000060 49.553241401000037)",Unfall 58746 (2018) Kat:3, Licht: 0,58746,3,6,2,12,17,3,0,0,0,1,0,0,0,0
"POINT (8.531731473000036 49.506114009000044)",Unfall 58853 (2018) Kat:3, Licht: 0,58853,3,6,4,12,07,2,1,0,0,1,0,0,0,1
"POINT (8.487008768000067 49.496483662000060)",Unfall 58916 (2018) Kat:3, Licht: 0,58916,3,6,4,11,08,5,0,0,1,0,0,0,0,0
"POINT (8.509721480000053 49.446004887000072)",Unfall 59018 (2018) Kat:3, Licht: 1,59018,3,3,5,12,07,7,0,1,0,1,0,0,0,1
"POINT (8.556349143000034 49.454923793000034)",Unfall 59068 (2018) Kat:3, Licht: 2,59068,3,6,2,12,16,4,0,2,0,1,0,0,0,0
"POINT (8.513346045000048 49.444302634000053)",Unfall 59079 (2018) Kat:3, Licht: 0,59079,3,6,2,12,07,6,0,0,0,1,0,0,0,1
"POINT (8.465216841000029 49.540128487000061)",Unfall 59091 (2018) Kat:3, Licht: 2,59091,3,3,5,12,21,2,1,2,0,1,0,0,0,0
"POINT (8.475442927000074 49.485246494000080)",Unfall 59188 (2018) Kat:3, Licht: 2,59188,3,1,3,12,00,7,1,2,0,1,0,0,0,0
"POINT (8.519233393000036 49.507623431000070)",Unfall 59306 (2018) Kat:3, Licht: 0,59306,3,6,1,12,09,5,0,0,0,1,0,0,0,0
"POINT (8.511974985000052 49.459565559000055)",Unfall 59344 (2018) Kat:3, Licht: 0,59344,3,6,2,12,10,2,1,0,0,1,0,0,0,1
"POINT (8.473971895000034 49.483601628000031)",Unfall 59438 (2018) Kat:3, Licht: 0,59438,3,7,0,12,12,3,1,0,0,0,0,1,0,0
"POINT (8.539336012000035 49.463091258000077)",Unfall 59589 (2018) Kat:3, Licht: 2,59589,3,1,2,12,17,4,1,2,0,1,0,0,0,0
"POINT (8.455914080000071 49.487093332000029)",Unfall 59709 (2018) Kat:3, Licht: 2,59709,3,2,5,12,20,3,0,2,0,1,0,0,0,0
"POINT (8.467104937000045 49.482764751000047)",Unfall 59781 (2018) Kat:3, Licht: 0,59781,3,7,2,12,11,3,0,0,0,1,0,1,0,0
"POINT (8.460264649000067 49.482832260000066)",Unfall 59851 (2018) Kat:3, Licht: 1,59851,3,1,8,12,20,6,0,1,0,1,0,0,0,0
"POINT (8.466401160000032 49.499560139000039)",Unfall 148582 (2018) Kat:2, Licht: 2,148582,2,7,8,01,00,5,1,2,1,0,0,0,0,0
"POINT (8.459645411000054 49.486952534000068)",Unfall 148585 (2018) Kat:3, Licht: 0,148585,3,3,5,01,12,5,1,0,0,1,0,0,0,0
"POINT (8.496488941000052 49.516154685000060)",Unfall 148587 (2018) Kat:2, Licht: 0,148587,2,3,5,01,15,5,1,0,0,1,0,0,0,0
"POINT (8.494647230000055 49.451550012000041)",Unfall 148638 (2018) Kat:3, Licht: 0,148638,3,3,5,01,14,4,0,0,1,1,0,0,0,0
"POINT (8.466069087000051 49.490712768000037)",Unfall 148641 (2018) Kat:3, Licht: 0,148641,3,6,4,01,13,4,0,0,1,1,0,0,0,0
"POINT (8.555855894000047 49.520766636000076)",Unfall 148792 (2018) Kat:3, Licht: 2,148792,3,5,5,01,18,5,0,2,0,1,0,0,0,0
"POINT (8.506750687000022 49.509503817000052)",Unfall 148793 (2018) Kat:3, Licht: 0,148793,3,2,5,01,09,5,1,0,1,1,0,0,0,0
"POINT (8.467452800000046 49.486239866000062)",Unfall 148830 (2018) Kat:2, Licht: 2,148830,2,5,1,01,18,4,1,2,1,1,0,0,0,0
"POINT (8.483812391000072 49.497241859000042)",Unfall 148846 (2018) Kat:3, Licht: 1,148846,3,4,6,01,07,2,0,1,0,0,1,0,0,1
"POINT (8.486161398000036 49.479757185000039)",Unfall 148849 (2018) Kat:3, Licht: 2,148849,3,3,5,01,17,2,1,2,0,1,0,0,0,0
"POINT (8.524613905000024 49.509680521000064)",Unfall 148890 (2018) Kat:3, Licht: 1,148890,3,3,5,01,16,1,0,1,1,1,0,0,0,0
"POINT (8.555778564000036 49.509487579000051)",Unfall 148933 (2018) Kat:3, Licht: 0,148933,3,6,2,01,16,7,0,0,0,1,0,0,0,0
"POINT (8.546713996000051 49.514346403000047)",Unfall 148943 (2018) Kat:3, Licht: 2,148943,3,1,2,01,17,2,0,2,0,1,0,0,0,0
"POINT (8.512276816000053 49.489468595000062)",Unfall 148945 (2018) Kat:3, Licht: 0,148945,3,6,4,01,15,2,0,0,1,0,0,1,0,0
"POINT (8.543057213000054 49.500205662000042)",Unfall 148947 (2018) Kat:3, Licht: 0,148947,3,6,2,01,15,2,0,0,0,1,0,1,0,0
"POINT (8.466321962000052 49.490367832000061)",Unfall 148984 (2018) Kat:3, Licht: 0,148984,3,5,3,01,13,6,0,0,1,1,0,0,0,0
"POINT (8.480815908000068 49.457330196000044)",Unfall 149036 (2018) Kat:3, Licht: 0,149036,3,7,0,01,14,6,1,0,1,1,0,0,0,0
"POINT (8.553404870000065 49.460899644000051)",Unfall 149038 (2018) Kat:3, Licht: 0,149038,3,1,0,01,09,6,1,0,0,0,0,1,0,0
"POINT (8.485516084000039 49.531401432000052)",Unfall 149062 (2018) Kat:3, Licht: 0,149062,3,7,5,01,13,5,0,0,0,1,0,0,0,1
"POINT (8.485529825000072 49.489089240000055)",Unfall 149063 (2018) Kat:2, Licht: 0,149063,2,5,5,01,12,5,1,0,1,1,0,0,0,0
"POINT (8.506716214000051 49.509515516000079)",Unfall 149064 (2018) Kat:2, Licht: 0,149064,2,3,5,01,09,5,1,0,1,1,0,0,0,0
"POINT (8.500216900000055 49.461205558000074)",Unfall 149087 (2018) Kat:3, Licht: 0,149087,3,2,1,01,10,2,1,0,0,1,0,0,1,0
"POINT (8.461620709000044 49.493598757000029)",Unfall 149089 (2018) Kat:3, Licht: 0,149089,3,6,2,01,16,2,0,0,0,1,0,0,0,0
"POINT (8.500636631000020 49.524040209000077)",Unfall 149090 (2018) Kat:2, Licht: 0,149090,2,4,6,01,07,2,1,0,0,1,1,0,0,0
"POINT (8.451380004000043 49.538469515000031)",Unfall 149092 (2018) Kat:2, Licht: 0,149092,2,4,6,01,16,2,0,0,0,1,1,0,0,0
"POINT (8.513352278000070 49.441553379000027)",Unfall 149152 (2018) Kat:3, Licht: 0,149152,3,2,4,01,07,4,1,0,0,1,0,0,0,1
"POINT (8.514141575000053 49.450651940000057)",Unfall 149156 (2018) Kat:3, Licht: 2,149156,3,3,5,01,19,4,0,2,0,1,0,0,0,0
"POINT (8.530075318000058 49.511337919000027)",Unfall 149158 (2018) Kat:3, Licht: 0,149158,3,7,0,01,14,1,0,0,0,0,0,1,0,0
"POINT (8.525414341000044 49.490654893000055)",Unfall 149192 (2018) Kat:3, Licht: 0,149192,3,3,5,01,14,7,1,0,0,1,0,0,0,0
"POINT (8.457120455000052 49.545183857000040)",Unfall 149243 (2018) Kat:3, Licht: 0,149243,3,6,1,01,11,3,1,0,0,1,0,0,0,0
"POINT (8.514734122000050 49.421374278000030)",Unfall 149246 (2018) Kat:3, Licht: 0,149246,3,3,5,01,14,3,0,0,0,1,0,0,1,0
"POINT (8.498918848000074 49.453205116000049)",Unfall 149315 (2018) Kat:3, Licht: 0,149315,3,3,5,01,12,6,1,0,0,1,0,1,0,0
"POINT (8.498960440000076 49.460295749000068)",Unfall 149316 (2018) Kat:3, Licht: 0,149316,3,2,5,01,08,6,1,0,0,1,0,0,0,0
"POINT (8.535723181000037 49.422547951000070)",Unfall 149317 (2018) Kat:3, Licht: 0,149317,3,6,2,01,16,6,1,0,0,1,0,0,1,0
"POINT (8.562734711000076 49.467212335000056)",Unfall 149319 (2018) Kat:3, Licht: 0,149319,3,1,0,01,09,6,1,0,1,0,0,0,0,0
"POINT (8.470404203000044 49.480132717000060)",Unfall 149347 (2018) Kat:3, Licht: 0,149347,3,7,1,01,06,4,0,0,0,1,0,0,0,0
"POINT (8.464265871000066 49.500887757000044)",Unfall 149348 (2018) Kat:3, Licht: 1,149348,3,4,6,01,17,4,0,1,0,1,1,0,0,0
"POINT (8.478564196000036 49.460334253000042)",Unfall 149349 (2018) Kat:3, Licht: 2,149349,3,2,5,01,17,4,1,2,1,1,0,0,0,0
"POINT (8.488791461000062 49.530216088000032)",Unfall 149384 (2018) Kat:3, Licht: 0,149384,3,7,5,01,14,5,0,0,1,1,0,0,0,0
"POINT (8.468680107000068 49.485765167000068)",Unfall 149386 (2018) Kat:3, Licht: 2,149386,3,4,6,01,18,5,0,2,1,0,1,0,0,0
"POINT (8.475989661000028 49.488878289000070)",Unfall 149389 (2018) Kat:3, Licht: 0,149389,3,1,1,01,15,5,0,0,0,1,0,1,0,0
"POINT (8.531763851000051 49.488328421000062)",Unfall 149412 (2018) Kat:3, Licht: 0,149412,3,6,4,01,08,3,0,0,0,0,1,0,0,1
"POINT (8.491181074000053 49.498504625000066)",Unfall 149414 (2018) Kat:3, Licht: 0,149414,3,7,0,01,08,3,0,0,0,1,0,0,0,0
"POINT (8.467178321000063 49.482708398000057)",Unfall 149506 (2018) Kat:3, Licht: 2,149506,3,6,0,01,18,1,0,2,0,1,0,0,0,0
"POINT (8.478098577000026 49.491280654000036)",Unfall 149510 (2018) Kat:3, Licht: 0,149510,3,7,1,01,12,3,0,0,0,1,0,0,0,0
"POINT (8.481537140000057 49.482526197000027)",Unfall 149562 (2018) Kat:3, Licht: 2,149562,3,5,3,02,18,3,0,2,1,1,0,0,0,0
"POINT (8.472309647000031 49.469123941000078)",Unfall 149584 (2018) Kat:3, Licht: 0,149584,3,7,0,02,10,2,1,0,1,1,0,0,0,0
"POINT (8.484805120000033 49.485842407000064)",Unfall 149610 (2018) Kat:3, Licht: 2,149610,3,7,6,02,19,2,0,2,0,1,1,0,0,0
"POINT (8.483094379000022 49.484229549000077)",Unfall 149611 (2018) Kat:3, Licht: 0,149611,3,3,0,02,16,2,0,0,1,1,0,0,0,0
"POINT (8.497862458000043 49.502892351000071)",Unfall 149612 (2018) Kat:3, Licht: 1,149612,3,3,0,02,17,2,0,1,0,1,0,0,0,1
"POINT (8.472346155000025 49.480531435000046)",Unfall 149665 (2018) Kat:3, Licht: 2,149665,3,6,1,02,21,7,0,2,0,1,0,0,0,0
"POINT (8.508965185000022 49.517183418000059)",Unfall 149667 (2018) Kat:3, Licht: 0,149667,3,3,5,02,13,7,0,0,1,1,0,0,0,0
"POINT (8.461985083000059 49.492306747000043)",Unfall 149668 (2018) Kat:3, Licht: 2,149668,3,7,6,02,23,7,0,2,1,0,1,0,0,0
"POINT (8.503890032000072 49.473221630000069)",Unfall 149676 (2018) Kat:3, Licht: 2,149676,3,6,1,02,19,6,0,2,0,1,0,0,0,0
"POINT (8.489522589000046 49.529385753000042)",Unfall 149723 (2018) Kat:3, Licht: 0,149723,3,3,0,02,12,6,1,0,0,0,0,0,0,1
"POINT (8.502282431000026 49.493817396000054)",Unfall 149730 (2018) Kat:3, Licht: 0,149730,3,7,2,02,16,5,0,0,0,1,0,0,0,1
"POINT (8.474405612000055 49.496740831000068)",Unfall 149732 (2018) Kat:3, Licht: 0,149732,3,7,0,02,09,5,0,0,1,1,0,0,0,0
"POINT (8.461701677000065 49.516916635000030)",Unfall 149785 (2018) Kat:3, Licht: 2,149785,3,3,5,02,06,5,1,2,1,1,0,0,0,0
"POINT (8.483779305000041 49.468470129000082)",Unfall 149823 (2018) Kat:3, Licht: 0,149823,3,6,2,02,14,3,0,0,0,1,0,0,0,0
"POINT (8.493138335000026 49.565985834000060)",Unfall 149843 (2018) Kat:3, Licht: 0,149843,3,1,0,02,14,3,0,0,1,0,0,0,0,0
"POINT (8.492635983000071 49.478483623000045)",Unfall 149864 (2018) Kat:3, Licht: 0,149864,3,3,5,02,08,7,0,0,1,1,0,0,0,0
"POINT (8.511116395000045 49.518561688000034)",Unfall 149874 (2018) Kat:3, Licht: 0,149874,3,6,2,02,17,7,1,0,0,1,0,0,0,1
"POINT (8.470095288000039 49.483037394000064)",Unfall 149878 (2018) Kat:3, Licht: 0,149878,3,6,4,02,13,3,0,0,1,0,0,0,0,0
"POINT (8.490602928000044 49.470291373000066)",Unfall 149891 (2018) Kat:3, Licht: 2,149891,3,3,5,02,22,3,0,2,0,1,0,0,0,0
"POINT (8.490645918000041 49.483093736000058)",Unfall 149923 (2018) Kat:3, Licht: 0,149923,3,6,2,02,13,6,0,0,0,1,0,0,0,0
"POINT (8.510846495000067 49.421323041000051)",Unfall 149924 (2018) Kat:3, Licht: 0,149924,3,3,5,02,07,6,0,0,0,0,0,0,0,1
"POINT (8.484250884000062 49.480835566000053)",Unfall 149925 (2018) Kat:3, Licht: 2,149925,3,2,6,02,18,6,0,2,0,1,1,0,0,0
"POINT (8.467346064000026 49.490269479000062)",Unfall 149952 (2018) Kat:3, Licht: 0,149952,3,2,5,02,13,4,0,0,1,1,0,0,0,0
"POINT (8.471062140000072 49.505416322000031)",Unfall 149972 (2018) Kat:2, Licht: 1,149972,2,5,8,02,16,5,1,1,0,1,0,0,0,0
"POINT (8.463240794000058 49.507120402000055)",Unfall 149988 (2018) Kat:3, Licht: 1,149988,3,7,5,02,19,2,0,1,0,1,0,1,0,0
"POINT (8.506258799000023 49.508074104000059)",Unfall 149994 (2018) Kat:2, Licht: 0,149994,2,6,2,02,07,2,0,0,0,1,0,0,0,0
"POINT (8.464963485000055 49.490114527000060)",Unfall 150005 (2018) Kat:2, Licht: 0,150005,2,3,5,02,15,4,0,0,0,1,0,0,0,0
"POINT (8.487959153000077 49.498295563000056)",Unfall 150008 (2018) Kat:2, Licht: 0,150008,2,1,2,02,11,4,0,0,0,1,0,0,0,1
"POINT (8.502384969000048 49.533861580000064)",Unfall 150033 (2018) Kat:3, Licht: 0,150033,3,3,5,02,12,6,0,0,0,1,0,0,0,0
"POINT (8.471149915000069 49.485501586000055)",Unfall 150054 (2018) Kat:3, Licht: 2,150054,3,7,6,02,23,3,0,2,0,0,1,0,0,1
"POINT (8.481046487000072 49.479662194000070)",Unfall 150056 (2018) Kat:3, Licht: 1,150056,3,6,2,02,18,3,0,1,0,1,0,1,0,0
"POINT (8.472259717000043 49.497547168000040)",Unfall 150078 (2018) Kat:3, Licht: 0,150078,3,7,6,03,13,6,0,0,1,0,1,0,0,0
"POINT (8.508018817000050 49.512300045000075)",Unfall 150080 (2018) Kat:2, Licht: 0,150080,2,4,6,03,14,6,0,0,0,1,1,0,0,0
"POINT (8.472623329000044 49.484163870000032)",Unfall 150108 (2018) Kat:3, Licht: 0,150108,3,3,6,03,15,2,0,0,0,1,1,0,0,0
"POINT (8.474684271000058 49.483455643000070)",Unfall 150117 (2018) Kat:3, Licht: 0,150117,3,6,2,03,12,5,0,0,0,1,0,0,0,0
"POINT (8.481086240000025 49.539125481000042)",Unfall 150210 (2018) Kat:3, Licht: 0,150210,3,6,2,02,10,3,0,0,0,1,0,0,0,0
"POINT (8.479878620000022 49.482666648000077)",Unfall 150211 (2018) Kat:3, Licht: 0,150211,3,7,6,03,13,2,0,0,1,0,1,0,0,0
"POINT (8.466642753000031 49.474049676000050)",Unfall 150212 (2018) Kat:3, Licht: 0,150212,3,6,2,02,14,3,0,0,0,1,0,0,0,0
"POINT (8.451246884000057 49.545193977000054)",Unfall 150246 (2018) Kat:3, Licht: 2,150246,3,3,5,02,23,2,0,2,0,1,0,0,0,0
"POINT (8.471969706000039 49.523400867000078)",Unfall 150247 (2018) Kat:3, Licht: 2,150247,3,7,0,02,21,2,0,2,0,1,0,0,0,0
"POINT (8.481761753000058 49.456534482000052)",Unfall 150276 (2018) Kat:3, Licht: 0,150276,3,2,2,02,14,1,0,0,0,1,0,0,0,0
"POINT (8.457138107000048 49.551336861000038)",Unfall 150300 (2018) Kat:3, Licht: 1,150300,3,3,5,03,18,2,0,1,0,1,0,1,0,0
"POINT (8.470705535000036 49.508504695000056)",Unfall 150301 (2018) Kat:3, Licht: 0,150301,3,6,2,02,11,7,0,0,0,1,0,0,0,0
"POINT (8.471277155000053 49.500496120000037)",Unfall 150302 (2018) Kat:1, Licht: 0,150302,1,4,6,02,10,7,0,0,0,0,1,0,0,1
"POINT (8.530106989000046 49.509545577000040)",Unfall 150326 (2018) Kat:3, Licht: 0,150326,3,3,5,03,16,6,0,0,1,1,0,0,0,0
"POINT (8.466553892000036 49.489406704000032)",Unfall 150361 (2018) Kat:3, Licht: 0,150361,3,4,0,03,15,4,0,0,0,1,1,0,0,0
"POINT (8.494632196000055 49.468007168000042)",Unfall 150385 (2018) Kat:2, Licht: 0,150385,2,6,2,03,07,3,1,0,0,1,0,0,0,1
"POINT (8.475202892000027 49.481349395000052)",Unfall 150388 (2018) Kat:3, Licht: 0,150388,3,6,3,03,13,3,0,0,1,1,0,0,0,0
"POINT (8.470571175000032 49.490039036000042)",Unfall 150390 (2018) Kat:3, Licht: 0,150390,3,2,6,03,15,3,1,0,0,1,1,0,0,0
"POINT (8.465381995000030 49.486862399000074)",Unfall 150396 (2018) Kat:2, Licht: 1,150396,2,7,6,03,17,6,1,1,0,1,1,0,0,0
"POINT (8.520226940000043 49.440616071000079)",Unfall 150398 (2018) Kat:2, Licht: 0,150398,2,1,8,03,07,6,1,0,0,1,0,0,0,1
"POINT (8.486265634000063 49.452955542000041)",Unfall 150449 (2018) Kat:3, Licht: 0,150449,3,3,5,03,10,5,0,0,1,1,0,0,0,0
"POINT (8.523384306000025 49.436085609000031)",Unfall 150493 (2018) Kat:3, Licht: 0,150493,3,3,5,03,15,2,0,0,0,1,0,0,0,0
"POINT (8.489633444000049 49.529522751000059)",Unfall 150504 (2018) Kat:3, Licht: 0,150504,3,5,0,03,13,4,0,0,1,1,0,0,0,1
"POINT (8.569223563000037 49.442400339000073)",Unfall 150506 (2018) Kat:3, Licht: 0,150506,3,1,9,03,08,4,0,0,0,1,0,0,0,0
"POINT (8.571194152000032 49.434316363000050)",Unfall 150509 (2018) Kat:3, Licht: 0,150509,3,3,5,03,12,4,0,0,1,1,0,0,0,0
"POINT (8.515527985000063 49.436548695000056)",Unfall 150510 (2018) Kat:1, Licht: 1,150510,1,6,4,03,06,4,1,1,0,1,0,0,1,0
"POINT (8.471316736000063 49.510679639000045)",Unfall 150512 (2018) Kat:1, Licht: 0,150512,1,3,5,03,17,4,1,0,1,0,0,0,0,1
"POINT (8.472366837000038 49.480553425000039)",Unfall 150574 (2018) Kat:3, Licht: 1,150574,3,6,2,03,19,1,1,1,0,1,0,0,0,1
"POINT (8.462951714000042 49.489874330000077)",Unfall 150615 (2018) Kat:3, Licht: 2,150615,3,5,3,03,20,7,0,2,1,1,0,0,0,0
"POINT (8.487413327000070 49.504231552000078)",Unfall 150617 (2018) Kat:3, Licht: 0,150617,3,7,6,03,13,7,0,0,0,1,1,0,0,0
"POINT (8.490136005000068 49.493248797000035)",Unfall 150618 (2018) Kat:3, Licht: 0,150618,3,7,6,03,16,7,0,0,0,1,1,0,0,0
"POINT (8.467167928000038 49.485068532000071)",Unfall 150646 (2018) Kat:3, Licht: 0,150646,3,3,5,03,14,6,0,0,0,1,0,0,0,0
"POINT (8.472744100000057 49.516025753000065)",Unfall 150648 (2018) Kat:3, Licht: 0,150648,3,3,5,03,15,6,1,0,0,1,0,0,0,0
"POINT (8.504249216000062 49.501766715000031)",Unfall 150649 (2018) Kat:3, Licht: 0,150649,3,3,5,03,10,6,1,0,0,1,0,0,0,0
"POINT (8.500608761000024 49.514811711000050)",Unfall 150652 (2018) Kat:3, Licht: 0,150652,3,7,4,03,13,6,0,0,0,1,0,0,1,0
"POINT (8.488310188000071 49.497542299000031)",Unfall 150687 (2018) Kat:3, Licht: 0,150687,3,3,5,03,15,6,0,0,1,1,0,0,0,0
"POINT (8.455333841000027 49.484561227000029)",Unfall 150690 (2018) Kat:3, Licht: 0,150690,3,7,0,03,08,6,1,0,1,0,0,0,0,0
"POINT (8.473128758000030 49.538577892000035)",Unfall 150694 (2018) Kat:3, Licht: 0,150694,3,3,5,03,16,6,1,0,0,1,0,0,0,0
"POINT (8.519140159000074 49.490252772000076)",Unfall 150711 (2018) Kat:3, Licht: 0,150711,3,6,2,03,13,5,1,0,0,1,0,0,0,1
"POINT (8.458387955000035 49.545782795000036)",Unfall 150757 (2018) Kat:3, Licht: 0,150757,3,2,2,03,08,4,0,0,0,1,0,0,0,0
"POINT (8.478098693000050 49.486799766000047)",Unfall 150760 (2018) Kat:3, Licht: 0,150760,3,3,5,03,08,4,0,0,1,1,0,0,0,0
"POINT (8.485528735000059 49.462717328000053)",Unfall 150761 (2018) Kat:3, Licht: 2,150761,3,7,0,03,22,4,1,2,1,0,0,0,0,0
"POINT (8.469922707000023 49.504718719000039)",Unfall 150763 (2018) Kat:3, Licht: 0,150763,3,4,6,03,11,4,0,0,0,1,1,0,0,0
"POINT (8.516221919000031 49.438958387000071)",Unfall 150773 (2018) Kat:3, Licht: 0,150773,3,6,4,03,16,5,0,0,0,1,0,0,0,0
"POINT (8.470107214000052 49.480150911000067)",Unfall 150848 (2018) Kat:3, Licht: 0,150848,3,7,6,03,15,5,0,0,0,0,1,0,0,1
"POINT (8.537955879000037 49.518175996000082)",Unfall 150849 (2018) Kat:3, Licht: 2,150849,3,3,5,03,22,5,0,2,1,1,0,0,0,0
"POINT (8.464050725000050 49.489439922000031)",Unfall 150850 (2018) Kat:3, Licht: 0,150850,3,4,6,03,12,5,0,0,0,1,1,0,0,0
"POINT (8.449792197000022 49.549618898000062)",Unfall 150892 (2018) Kat:3, Licht: 1,150892,3,3,0,04,04,3,0,1,0,0,0,1,1,0
"POINT (8.467613926000070 49.477608306000036)",Unfall 150894 (2018) Kat:3, Licht: 0,150894,3,4,0,04,15,3,0,0,0,0,1,0,0,1
"POINT (8.492254455000023 49.478633420000051)",Unfall 150895 (2018) Kat:3, Licht: 0,150895,3,3,0,04,15,3,0,0,1,1,0,0,0,0
"POINT (8.467905241000040 49.476709751000044)",Unfall 150898 (2018) Kat:3, Licht: 1,150898,3,6,1,03,17,4,1,1,1,1,0,0,0,0
"POINT (8.534656437000024 49.423870363000049)",Unfall 150901 (2018) Kat:3, Licht: 0,150901,3,2,2,03,17,4,1,0,0,1,0,0,1,0
"POINT (8.508845283000028 49.506157010000038)",Unfall 150946 (2018) Kat:2, Licht: 2,150946,2,1,0,04,04,2,0,2,0,1,0,0,0,0
"POINT (8.460369350000065 49.519172747000027)",Unfall 150955 (2018) Kat:3, Licht: 0,150955,3,6,2,03,08,3,0,0,0,1,0,0,0,0
"POINT (8.509191767000061 49.445451154000068)",Unfall 150958 (2018) Kat:3, Licht: 0,150958,3,7,6,03,10,3,0,0,0,1,1,0,0,0
"POINT (8.465805022000041 49.488595623000037)",Unfall 150961 (2018) Kat:3, Licht: 0,150961,3,7,0,03,15,3,0,0,0,1,0,0,0,0
"POINT (8.491535088000035 49.532068680000066)",Unfall 150962 (2018) Kat:3, Licht: 0,150962,3,2,5,03,08,3,0,0,0,1,0,0,0,1
"POINT (8.466956728000071 49.510680912000055)",Unfall 150963 (2018) Kat:3, Licht: 0,150963,3,3,5,04,17,1,0,0,0,1,0,0,0,0
"POINT (8.471985274000076 49.469468815000027)",Unfall 150966 (2018) Kat:3, Licht: 0,150966,3,3,5,04,17,1,1,0,0,1,0,0,0,0
"POINT (8.481110791000049 49.456828161000033)",Unfall 151004 (2018) Kat:3, Licht: 0,151004,3,3,5,03,10,2,0,0,1,1,0,0,0,0
"POINT (8.472360841000068 49.497341046000031)",Unfall 151018 (2018) Kat:3, Licht: 0,151018,3,6,2,03,18,7,0,0,0,1,0,0,0,0
"POINT (8.469326075000026 49.493667072000051)",Unfall 151021 (2018) Kat:3, Licht: 0,151021,3,3,1,03,12,7,0,0,1,1,0,0,0,0
"POINT (8.474028980000071 49.481221393000055)",Unfall 151094 (2018) Kat:3, Licht: 2,151094,3,1,0,03,19,7,0,2,1,0,0,0,0,0
"POINT (8.463327541000069 49.484351061000041)",Unfall 151113 (2018) Kat:3, Licht: 0,151113,3,2,0,03,18,5,0,0,0,1,0,1,0,0
"POINT (8.483720225000070 49.468893095000055)",Unfall 151134 (2018) Kat:2, Licht: 0,151134,2,6,1,04,09,7,0,0,0,1,0,0,0,0
"POINT (8.508284616000026 49.512947536000070)",Unfall 151136 (2018) Kat:3, Licht: 0,151136,3,6,2,04,14,7,0,0,0,1,0,0,0,0
"POINT (8.497925662000057 49.518975852000040)",Unfall 151176 (2018) Kat:3, Licht: 0,151176,3,7,2,04,15,3,0,0,0,1,0,0,0,0
"POINT (8.481632938000075 49.452859764000038)",Unfall 151178 (2018) Kat:3, Licht: 0,151178,3,5,1,04,12,3,0,0,1,0,0,0,0,1
"POINT (8.502180602000067 49.519365880000066)",Unfall 151179 (2018) Kat:3, Licht: 0,151179,3,3,5,04,20,3,0,0,0,1,0,0,0,0
"POINT (8.501056073000029 49.454793435000056)",Unfall 151205 (2018) Kat:3, Licht: 0,151205,3,6,2,04,11,6,0,0,0,1,0,0,0,0
"POINT (8.484312575000047 49.512915476000046)",Unfall 151208 (2018) Kat:2, Licht: 0,151208,2,3,5,04,17,6,0,0,1,1,0,0,0,0
"POINT (8.472591063000039 49.480791330000045)",Unfall 151283 (2018) Kat:3, Licht: 2,151283,3,7,2,04,23,5,1,2,1,1,0,0,0,0
"POINT (8.470837208000035 49.497776144000056)",Unfall 151284 (2018) Kat:3, Licht: 0,151284,3,4,6,04,15,5,0,0,1,0,1,0,0,0
"POINT (8.472053067000047 49.516156189000071)",Unfall 151287 (2018) Kat:3, Licht: 0,151287,3,6,2,04,19,5,1,0,0,1,0,0,0,0
"POINT (8.495246520000023 49.533466987000054)",Unfall 151335 (2018) Kat:3, Licht: 2,151335,3,7,0,04,20,1,0,2,0,0,0,1,0,0
"POINT (8.480964288000052 49.547036846000026)",Unfall 151350 (2018) Kat:3, Licht: 0,151350,3,3,5,04,08,4,0,0,1,1,0,0,0,0