WKT,Name,OBJECTID,UKATEGORIE,UTYP1,UART,UMONAT,USTUNDE,UWOCHENTAG,STRZUSTAND,ULICHTVERH,ISTRAD,ISTPKW,ISTFUSS,ISTKRAD,ISTGKFZ,ISTSONSTIG
"POINT (8.472740106000060 49.495643248000079)",Unfall 151406 (2018) Kat:3, Licht: 1,151406,3,6,2,04,19,3,0,1,0,1,0,0,0,0
"POINT (8.504920058000039 49.522015866000061)",Unfall 151408 (2018) Kat:3, Licht: 0,151408,3,4,2,04,13,3,0,0,0,1,1,0,0,0
"POINT (8.476014749000058 49.486449372000038)",Unfall 151410 (2018) Kat:3, Licht: 0,151410,3,3,0,04,18,6,1,0,1,1,0,0,0,0
"POINT (8.468667527000036 49.481530769000074)",Unfall 151412 (2018) Kat:3, Licht: 0,151412,3,7,5,04,17,6,1,0,0,1,0,0,0,0
"POINT (8.500580232000061 49.530328250000082)",Unfall 151414 (2018) Kat:3, Licht: 0,151414,3,1,0,04,16,6,1,0,0,0,0,1,0,0
"POINT (8.471482283000057 49.493587072000025)",Unfall 151415 (2018) Kat:2, Licht: 0,151415,2,6,4,04,13,6,1,0,1,0,0,0,0,0
"POINT (8.527923603000033 49.487209608000057)",Unfall 151493 (2018) Kat:2, Licht: 0,151493,2,7,6,04,14,2,0,0,0,1,1,0,0,0
"POINT (8.527229831000057 49.503057982000030)",Unfall 151508 (2018) Kat:3, Licht: 0,151508,3,3,5,04,07,5,0,0,0,1,0,0,0,0
"POINT (8.492411436000054 49.521896352000056)",Unfall 151541 (2018) Kat:3, Licht: 0,151541,3,2,3,04,13,1,0,0,1,1,0,0,0,0
"POINT (8.455000023000025 49.540120674000036)",Unfall 151544 (2018) Kat:3, Licht: 2,151544,3,3,5,04,00,1,0,2,0,1,0,0,0,0
"POINT (8.473619872000029 49.496841007000057)",Unfall 151605 (2018) Kat:3, Licht: 0,151605,3,6,0,04,19,4,0,0,1,0,0,0,0,0
"POINT (8.556642211000053 49.460900947000027)",Unfall 151607 (2018) Kat:3, Licht: 0,151607,3,1,0,04,18,4,0,0,0,0,0,1,0,0
"POINT (8.466480736000051 49.489327542000069)",Unfall 151612 (2018) Kat:3, Licht: 0,151612,3,5,1,04,15,7,0,0,1,1,0,0,0,0
"POINT (8.465521557000045 49.487012540000080)",Unfall 151614 (2018) Kat:2, Licht: 1,151614,2,7,0,04,06,4,0,1,1,0,0,0,0,0
"POINT (8.535972326000035 49.454932250000070)",Unfall 151616 (2018) Kat:3, Licht: 0,151616,3,4,6,04,19,4,0,0,0,1,1,0,0,0
"POINT (8.451566592000063 49.494343827000080)",Unfall 151704 (2018) Kat:2, Licht: 0,151704,2,7,0,04,16,5,0,0,0,1,0,0,0,0
"POINT (8.485649827000032 49.530257281000047)",Unfall 151714 (2018) Kat:3, Licht: 0,151714,3,3,5,04,06,7,0,0,1,1,0,0,0,0
"POINT (8.469340967000051 49.487461534000033)",Unfall 151716 (2018) Kat:3, Licht: 2,151716,3,2,5,04,01,7,0,2,1,1,0,0,0,0
"POINT (8.475839685000040 49.488987435000070)",Unfall 151818 (2018) Kat:3, Licht: 0,151818,3,3,5,04,18,4,0,0,1,1,0,0,0,0
"POINT (8.498807288000023 49.453659237000068)",Unfall 151839 (2018) Kat:3, Licht: 0,151839,3,3,5,04,19,6,0,0,1,1,0,0,0,0
"POINT (8.470767722000062 49.486833796000042)",Unfall 151842 (2018) Kat:3, Licht: 0,151842,3,6,3,04,13,6,0,0,1,1,0,0,0,0
"POINT (8.466984304000050 49.471976219000055)",Unfall 151843 (2018) Kat:2, Licht: 0,151843,2,3,5,04,16,6,0,0,1,0,0,0,0,0
"POINT (8.467720146000033 49.488001125000039)",Unfall 151921 (2018) Kat:2, Licht: 0,151921,2,2,3,04,16,3,0,0,1,1,0,0,0,0
"POINT (8.482438275000050 49.470289286000082)",Unfall 151922 (2018) Kat:2, Licht: 0,151922,2,7,5,04,14,3,0,0,0,1,0,1,0,0
"POINT (8.483452918000069 49.473887186000070)",Unfall 151975 (2018) Kat:3, Licht: 0,151975,3,2,5,04,08,5,0,0,0,1,0,0,0,0
"POINT (8.507511132000047 49.468096843000069)",Unfall 152036 (2018) Kat:3, Licht: 0,152036,3,4,6,04,17,2,0,0,0,1,1,0,0,0
"POINT (8.472802996000041 49.482845056000031)",Unfall 152039 (2018) Kat:2, Licht: 0,152039,2,7,6,04,16,2,0,0,1,0,1,0,0,0
"POINT (8.470086408000043 49.498022560000038)",Unfall 152042 (2018) Kat:3, Licht: 0,152042,3,4,6,04,17,2,0,0,0,1,1,0,0,0
"POINT (8.473279690000027 49.508293128000048)",Unfall 152043 (2018) Kat:3, Licht: 0,152043,3,4,6,04,16,2,0,0,0,1,1,0,0,0
"POINT (8.491223566000031 49.515673547000063)",Unfall 152070 (2018) Kat:3, Licht: 1,152070,3,3,5,04,06,4,0,1,1,1,0,0,0,1
"POINT (8.498950224000055 49.460187490000067)",Unfall 152072 (2018) Kat:3, Licht: 0,152072,3,3,5,04,15,4,0,0,0,1,0,0,1,0
"POINT (8.470168017000049 49.507207569000059)",Unfall 152152 (2018) Kat:3, Licht: 0,152152,3,6,1,04,15,1,0,0,0,1,0,1,0,0
"POINT (8.466856983000071 49.499276092000059)",Unfall 152154 (2018) Kat:3, Licht: 2,152154,3,7,0,04,23,1,0,2,1,0,0,0,0,0
"POINT (8.484270572000071 49.510283180000044)",Unfall 152187 (2018) Kat:3, Licht: 0,152187,3,3,5,04,16,3,0,0,1,1,0,0,0,0
"POINT (8.476704612000049 49.462698664000072)",Unfall 152190 (2018) Kat:3, Licht: 0,152190,3,3,5,04,07,3,0,0,1,1,0,0,0,0
"POINT (8.496051205000072 49.531205870000065)",Unfall 152230 (2018) Kat:3, Licht: 0,152230,3,5,1,05,07,4,0,0,0,1,0,1,0,0
"POINT (8.476271196000027 49.480806346000065)",Unfall 152260 (2018) Kat:3, Licht: 2,152260,3,7,0,04,23,1,0,2,1,0,0,0,0,0
"POINT (8.451387520000026 49.494585764000078)",Unfall 152299 (2018) Kat:3, Licht: 0,152299,3,3,5,05,12,3,0,0,0,1,0,1,0,0
"POINT (8.488538114000050 49.524990910000042)",Unfall 152307 (2018) Kat:3, Licht: 0,152307,3,3,5,04,20,7,0,0,1,1,0,0,0,0
"POINT (8.482772281000052 49.481221056000038)",Unfall 152315 (2018) Kat:3, Licht: 0,152315,3,3,5,04,09,2,0,0,0,1,0,0,0,0
"POINT (8.535727422000036 49.448471624000035)",Unfall 152325 (2018) Kat:3, Licht: 0,152325,3,6,4,04,12,2,0,0,0,1,0,0,0,0
"POINT (8.571205583000051 49.436545938000052)",Unfall 152334 (2018) Kat:3, Licht: 0,152334,3,1,4,04,09,2,0,0,0,1,0,1,0,0
"POINT (8.478828187000033 49.545413672000052)",Unfall 152338 (2018) Kat:3, Licht: 0,152338,3,4,6,04,15,2,0,0,1,0,1,0,0,0
"POINT (8.465417525000021 49.485739363000050)",Unfall 152344 (2018) Kat:2, Licht: 0,152344,2,7,0,04,18,2,0,0,1,0,0,0,0,0
"POINT (8.471816320000073 49.478749260000029)",Unfall 152386 (2018) Kat:3, Licht: 0,152386,3,5,1,04,14,6,0,0,0,1,0,0,1,0
"POINT (8.479383917000064 49.495893867000063)",Unfall 152392 (2018) Kat:3, Licht: 0,152392,3,7,6,04,11,6,0,0,1,0,1,0,0,0
"POINT (8.450616641000067 49.539147517000060)",Unfall 152394 (2018) Kat:2, Licht: 1,152394,2,3,5,04,20,6,0,1,0,1,0,0,0,0
"POINT (8.474940806000063 49.480548001000045)",Unfall 152404 (2018) Kat:3, Licht: 0,152404,3,3,5,05,11,4,0,0,0,1,0,0,0,0
"POINT (8.546884295000041 49.514038690000064)",Unfall 152549 (2018) Kat:3, Licht: 0,152549,3,6,2,05,11,6,0,0,0,1,0,0,0,0
"POINT (8.540421920000028 49.474515297000039)",Unfall 152558 (2018) Kat:3, Licht: 0,152558,3,6,2,05,16,2,0,0,0,1,0,0,0,0
"POINT (8.496649000000048 49.503479850000076)",Unfall 152561 (2018) Kat:3, Licht: 0,152561,3,6,2,05,07,2,0,0,0,1,0,0,0,0
"POINT (8.495044801000063 49.453815999000028)",Unfall 152562 (2018) Kat:3, Licht: 0,152562,3,7,5,05,19,2,0,0,0,1,0,0,0,0
"POINT (8.563185542000042 49.467246684000031)",Unfall 152565 (2018) Kat:3, Licht: 0,152565,3,3,5,05,08,2,0,0,1,1,0,0,0,0
"POINT (8.478453931000047 49.497780304000059)",Unfall 152575 (2018) Kat:3, Licht: 0,152575,3,4,6,05,15,5,0,0,0,1,1,0,0,0
"POINT (8.451540371000021 49.532633509000050)",Unfall 152624 (2018) Kat:3, Licht: 1,152624,3,1,0,05,20,7,0,1,1,0,0,0,0,0
"POINT (8.464957969000068 49.498266653000030)",Unfall 152698 (2018) Kat:3, Licht: 0,152698,3,3,5,05,12,5,1,0,0,1,0,0,0,0
"POINT (8.526112102000070 49.503174357000034)",Unfall 152699 (2018) Kat:2, Licht: 0,152699,2,5,1,05,19,5,0,0,0,1,0,1,0,0
"POINT (8.473646062000057 49.508184424000035)",Unfall 152743 (2018) Kat:3, Licht: 0,152743,3,3,5,05,08,4,0,0,0,1,0,1,0,0
"POINT (8.483211524000069 49.478052031000061)",Unfall 152825 (2018) Kat:3, Licht: 0,152825,3,3,5,05,15,7,0,0,1,1,0,0,0,0
"POINT (8.464294297000038 49.506521888000066)",Unfall 152875 (2018) Kat:3, Licht: 0,152875,3,3,6,05,19,3,0,0,1,0,1,0,0,0
"POINT (8.451486076000037 49.494451315000049)",Unfall 152878 (2018) Kat:2, Licht: 0,152878,2,7,0,05,13,3,0,0,1,0,0,0,0,0
"POINT (8.465657558000032 49.484619577000046)",Unfall 152879 (2018) Kat:3, Licht: 0,152879,3,3,5,05,08,3,0,0,0,1,0,0,0,1
"POINT (8.481870425000068 49.493869992000043)",Unfall 152880 (2018) Kat:3, Licht: 0,152880,3,3,5,05,09,3,0,0,1,1,0,0,0,0
"POINT (8.476542061000032 49.508375333000060)",Unfall 152882 (2018) Kat:3, Licht: 0,152882,3,7,6,05,08,3,0,0,0,1,1,0,0,0
"POINT (8.478718174000051 49.480514661000029)",Unfall 152911 (2018) Kat:3, Licht: 0,152911,3,5,1,05,11,6,0,0,1,1,0,0,0,0
"POINT (8.465487416000030 49.488871818000064)",Unfall 152912 (2018) Kat:3, Licht: 0,152912,3,6,2,05,17,6,0,0,0,1,0,0,0,0
"POINT (8.476148640000076 49.484770925000078)",Unfall 152986 (2018) Kat:3, Licht: 0,152986,3,6,1,05,16,4,0,0,0,1,0,0,0,0
"POINT (8.526716977000035 49.442689454000060)",Unfall 152988 (2018) Kat:3, Licht: 0,152988,3,3,5,05,18,4,0,0,1,1,0,0,0,0
"POINT (8.469287432000044 49.480330939000055)",Unfall 153069 (2018) Kat:3, Licht: 0,153069,3,7,6,05,16,6,0,0,0,0,1,0,0,1
"POINT (8.482284166000056 49.479168113000071)",Unfall 153073 (2018) Kat:3, Licht: 0,153073,3,3,5,05,08,6,0,0,1,1,0,0,0,0
"POINT (8.466000949000033 49.485509316000048)",Unfall 153096 (2018) Kat:3, Licht: 0,153096,3,6,3,05,09,3,0,0,0,1,0,1,0,0
"POINT (8.527971911000066 49.414987839000048)",Unfall 153098 (2018) Kat:3, Licht: 0,153098,3,3,5,05,05,3,0,0,0,1,0,0,0,0
"POINT (8.564634175000037 49.456760486000064)",Unfall 153100 (2018) Kat:3, Licht: 1,153100,3,7,0,05,20,3,1,1,0,0,0,1,0,0
"POINT (8.443839328000024 49.498781616000031)",Unfall 153103 (2018) Kat:2, Licht: 2,153103,2,1,8,05,01,3,0,2,0,1,0,0,0,0
"POINT (8.487505090000070 49.462482471000044)",Unfall 153155 (2018) Kat:3, Licht: 0,153155,3,3,5,05,13,5,0,0,1,1,0,0,0,0
"POINT (8.488647855000068 49.463810247000026)",Unfall 153158 (2018) Kat:3, Licht: 0,153158,3,7,2,05,17,5,0,0,1,1,0,0,0,0
"POINT (8.505237764000071 49.456005441000059)",Unfall 153196 (2018) Kat:3, Licht: 0,153196,3,6,3,05,17,2,0,0,0,1,0,0,0,1
"POINT (8.482736684000031 49.454066202000035)",Unfall 153199 (2018) Kat:3, Licht: 0,153199,3,7,0,05,11,2,0,0,0,1,0,0,0,1
"POINT (8.461850633000040 49.499301115000037)",Unfall 153202 (2018) Kat:3, Licht: 0,153202,3,2,3,05,15,2,0,0,1,1,0,0,0,0
"POINT (8.472382231000040 49.497115860000065)",Unfall 153204 (2018) Kat:3, Licht: 0,153204,3,4,1,05,08,2,0,0,0,1,1,0,0,1
"POINT (8.508753401000035 49.454423465000048)",Unfall 153260 (2018) Kat:2, Licht: 0,153260,2,2,6,05,14,7,0,0,0,1,1,0,0,0
"POINT (8.492153860000030 49.452773374000060)",Unfall 153262 (2018) Kat:3, Licht: 0,153262,3,3,0,05,13,7,0,0,1,1,0,0,0,0
"POINT (8.507338948000040 49.514069381000070)",Unfall 153311 (2018) Kat:3, Licht: 0,153311,3,7,0,05,08,3,0,0,0,0,0,1,0,0
"POINT (8.511948931000063 49.444959841000070)",Unfall 153313 (2018) Kat:2, Licht: 0,153313,2,3,5,05,19,3,0,0,0,1,0,0,0,0
"POINT (8.484135641000023 49.468564244000049)",Unfall 153339 (2018) Kat:3, Licht: 0,153339,3,6,3,05,20,6,0,0,0,1,0,0,0,0
"POINT (8.485038689000021 49.477483684000049)",Unfall 153340 (2018) Kat:2, Licht: 0,153340,2,7,0,05,08,6,0,0,1,0,0,0,0,0
"POINT (8.467583750000074 49.487965502000065)",Unfall 153342 (2018) Kat:3, Licht: 0,153342,3,3,5,05,13,6,0,0,0,1,0,1,0,0
"POINT (8.470448785000031 49.493199265000044)",Unfall 153343 (2018) Kat:3, Licht: 0,153343,3,7,6,05,10,6,0,0,1,0,1,0,0,0
"POINT (8.476238463000072 49.536473784000066)",Unfall 153430 (2018) Kat:3, Licht: 0,153430,3,3,5,05,10,5,0,0,0,1,0,0,0,0
"POINT (8.467261812000061 49.483983468000076)",Unfall 153431 (2018) Kat:3, Licht: 0,153431,3,3,5,05,14,1,1,0,0,1,0,0,0,0
"POINT (8.516038088000073 49.478450901000031)",Unfall 153432 (2018) Kat:3, Licht: 0,153432,3,3,5,05,17,5,0,0,0,1,0,0,0,1
"POINT (8.469801119000067 49.504388235000079)",Unfall 153434 (2018) Kat:3, Licht: 0,153434,3,3,5,05,18,5,0,0,1,1,0,0,0,0
"POINT (8.481603358000029 49.527148149000027)",Unfall 153471 (2018) Kat:3, Licht: 0,153471,3,5,1,05,14,7,0,0,1,1,0,0,0,0
"POINT (8.497248244000048 49.502977785000041)",Unfall 153473 (2018) Kat:3, Licht: 0,153473,3,6,1,05,17,7,0,0,0,1,0,0,0,0
"POINT (8.483685317000038 49.469846506000067)",Unfall 153491 (2018) Kat:3, Licht: 0,153491,3,3,5,05,13,4,0,0,1,1,0,0,0,0
"POINT (8.466193600000054 49.487766493000038)",Unfall 153492 (2018) Kat:3, Licht: 0,153492,3,2,5,05,15,4,0,0,1,0,0,0,0,1
"POINT (8.509878564000076 49.517004139000051)",Unfall 153493 (2018) Kat:2, Licht: 0,153493,2,2,5,05,08,4,0,0,1,1,0,0,0,0
"POINT (8.468325946000050 49.452108158000044)",Unfall 153543 (2018) Kat:3, Licht: 0,153543,3,7,6,06,12,7,0,0,0,1,1,0,0,0
"POINT (8.509377495000024 49.445831098000042)",Unfall 153552 (2018) Kat:3, Licht: 0,153552,3,6,3,05,16,3,0,0,0,1,0,0,0,0
"POINT (8.545946775000061 49.513288696000075)",Unfall 153609 (2018) Kat:3, Licht: 0,153609,3,3,5,05,11,2,0,0,1,1,0,0,0,0
"POINT (8.471396009000046 49.487282494000056)",Unfall 153611 (2018) Kat:3, Licht: 0,153611,3,7,2,05,11,2,0,0,1,0,0,0,0,1
"POINT (8.488305328000024 49.495132780000063)",Unfall 153613 (2018) Kat:3, Licht: 0,153613,3,6,2,05,14,2,0,0,0,1,0,0,1,0
"POINT (8.530051870000023 49.510109445000069)",Unfall 153631 (2018) Kat:3, Licht: 0,153631,3,3,5,06,10,6,0,0,0,1,0,0,0,0
"POINT (8.508414607000077 49.503966480000031)",Unfall 153633 (2018) Kat:3, Licht: 0,153633,3,5,1,06,13,6,0,0,1,1,0,0,0,0
"POINT (8.471505838000041 49.493327965000049)",Unfall 153635 (2018) Kat:3, Licht: 2,153635,3,1,8,06,04,6,1,2,0,1,0,0,0,0
"POINT (8.465948302000072 49.495170877000078)",Unfall 153678 (2018) Kat:3, Licht: 0,153678,3,5,9,05,17,5,0,0,1,0,0,0,0,1
"POINT (8.482254715000067 49.458240499000055)",Unfall 153768 (2018) Kat:3, Licht: 0,153768,3,6,4,06,16,3,0,0,0,1,0,1,0,0
"POINT (8.456835293000040 49.513465426000039)",Unfall 153771 (2018) Kat:3, Licht: 0,153771,3,2,4,06,13,6,0,0,0,1,0,0,1,0
"POINT (8.465442201000030 49.488200421000045)",Unfall 153772 (2018) Kat:3, Licht: 0,153772,3,3,5,06,17,6,0,0,1,0,0,0,0,1
"POINT (8.483813099000031 49.497241690000067)",Unfall 153773 (2018) Kat:3, Licht: 0,153773,3,2,5,06,13,6,0,0,1,1,0,0,0,0
"POINT (8.454962758000022 49.540129467000042)",Unfall 153774 (2018) Kat:2, Licht: 2,153774,2,3,5,06,00,6,1,2,0,1,0,0,1,0
"POINT (8.533883333000063 49.424762049000037)",Unfall 153862 (2018) Kat:2, Licht: 0,153862,2,1,0,06,07,2,0,0,1,0,0,0,0,0
"POINT (8.468770739000036 49.491799866000065)",Unfall 153864 (2018) Kat:3, Licht: 0,153864,3,2,3,06,10,2,0,0,1,1,0,0,0,0
"POINT (8.463326499000061 49.503355719000069)",Unfall 153880 (2018) Kat:3, Licht: 0,153880,3,7,6,06,07,5,0,0,0,1,1,0,0,0
"POINT (8.457009196000058 49.493697892000057)",Unfall 153882 (2018) Kat:3, Licht: 0,153882,3,5,5,06,20,5,0,0,0,1,0,0,0,0
"POINT (8.468109242000026 49.476076917000057)",Unfall 153948 (2018) Kat:3, Licht: 0,153948,3,3,5,06,18,1,0,0,0,1,0,1,0,0
"POINT (8.463057918000061 49.488063572000044)",Unfall 153951 (2018) Kat:2, Licht: 1,153951,2,3,5,06,05,1,0,1,0,1,0,0,0,0
"POINT (8.483408628000063 49.477712114000042)",Unfall 153968 (2018) Kat:3, Licht: 0,153968,3,5,1,06,16,4,0,0,1,1,0,0,0,0
"POINT (8.502860787000032 49.455394345000059)",Unfall 153971 (2018) Kat:3, Licht: 0,153971,3,2,5,06,07,4,0,0,1,1,0,0,0,0
"POINT (8.448635086000024 49.550256334000039)",Unfall 154025 (2018) Kat:3, Licht: 0,154025,3,3,5,06,16,2,0,0,1,1,0,0,0,0
"POINT (8.478809173000059 49.489900942000077)",Unfall 154026 (2018) Kat:3, Licht: 0,154026,3,3,5,06,20,2,0,0,1,1,0,0,0,0
"POINT (8.501807448000022 49.494323255000040)",Unfall 154028 (2018) Kat:3, Licht: 0,154028,3,6,1,06,16,2,0,0,0,1,0,0,0,0
"POINT (8.483730858000058 49.469832650000058)",Unfall 154030 (2018) Kat:3, Licht: 0,154030,3,3,5,06,08,2,0,0,1,1,0,0,0,0
"POINT (8.483707069000047 49.469280784000034)",Unfall 154100 (2018) Kat:3, Licht: 0,154100,3,6,1,06,15,1,0,0,0,1,0,0,0,0
"POINT (8.471764714000074 49.492891561000079)",Unfall 154101 (2018) Kat:3, Licht: 0,154101,3,3,5,06,18,4,0,0,1,0,0,1,0,0
"POINT (8.538907003000077 49.418845735000048)",Unfall 154102 (2018) Kat:3, Licht: 0,154102,3,3,5,06,19,1,1,0,1,1,0,0,0,0
"POINT (8.507159508000029 49.441747979000070)",Unfall 154103 (2018) Kat:3, Licht: 1,154103,3,7,8,06,18,4,0,1,0,1,0,0,0,0
"POINT (8.548842898000032 49.496065092000038)",Unfall 154104 (2018) Kat:3, Licht: 0,154104,3,6,2,06,15,1,0,0,0,1,0,0,0,0
"POINT (8.476734512000064 49.462833951000050)",Unfall 154180 (2018) Kat:3, Licht: 0,154180,3,6,2,06,13,3,1,0,0,1,0,1,0,0
"POINT (8.468097156000056 49.491055490000065)",Unfall 154182 (2018) Kat:3, Licht: 0,154182,3,6,3,06,09,7,0,0,1,1,0,0,0,0
"POINT (8.530073591000075 49.507780960000048)",Unfall 154183 (2018) Kat:2, Licht: 0,154183,2,4,6,06,13,3,0,0,0,1,1,0,0,0
"POINT (8.500254721000033 49.530479680000042)",Unfall 154185 (2018) Kat:3, Licht: 0,154185,3,4,6,06,16,3,0,0,0,1,1,0,0,0
"POINT (8.475165592000053 49.504048177000072)",Unfall 154282 (2018) Kat:3, Licht: 0,154282,3,3,5,06,14,7,0,0,0,1,0,1,0,0
"POINT (8.478900663000047 49.477125324000042)",Unfall 154295 (2018) Kat:3, Licht: 0,154295,3,3,5,06,14,7,0,0,0,1,0,0,0,0
"POINT (8.476697865000062 49.462697168000034)",Unfall 154297 (2018) Kat:3, Licht: 0,154297,3,3,5,06,18,7,0,0,1,1,0,0,0,0
"POINT (8.492183713000031 49.506777358000079)",Unfall 154299 (2018) Kat:2, Licht: 0,154299,2,6,2,06,14,7,0,0,0,1,0,1,0,0
"POINT (8.493723751000061 49.500777899000070)",Unfall 154325 (2018) Kat:3, Licht: 0,154325,3,4,6,06,13,3,0,0,0,1,1,0,0,0
"POINT (8.470110939000051 49.470411469000055)",Unfall 154396 (2018) Kat:3, Licht: 0,154396,3,3,5,06,19,6,0,0,0,1,0,0,0,0
"POINT (8.549361630000021 49.489759193000054)",Unfall 154397 (2018) Kat:3, Licht: 0,154397,3,3,5,06,06,6,0,0,0,1,0,0,0,0
"POINT (8.442362777000028 49.506357395000066)",Unfall 154403 (2018) Kat:2, Licht: 2,154403,2,1,8,06,21,6,0,2,0,1,0,0,0,0
"POINT (8.483962695000059 49.481004801000040)",Unfall 154423 (2018) Kat:3, Licht: 0,154423,3,2,5,06,11,2,0,0,1,0,0,0,1,0
"POINT (8.505507893000072 49.494098615000041)",Unfall 154425 (2018) Kat:3, Licht: 0,154425,3,2,4,06,07,2,0,0,1,1,0,0,0,0
"POINT (8.478028302000041 49.499465385000065)",Unfall 154428 (2018) Kat:3, Licht: 0,154428,3,7,6,06,18,2,0,0,0,1,1,0,0,0
"POINT (8.493299128000047 49.521877770000060)",Unfall 154430 (2018) Kat:3, Licht: 0,154430,3,3,5,06,08,2,0,0,1,1,0,0,0,0
"POINT (8.457087571000045 49.494119970000042)",Unfall 154581 (2018) Kat:2, Licht: 0,154581,2,2,0,06,15,1,0,0,0,1,0,1,0,0
"POINT (8.468630741000027 49.491646735000074)",Unfall 154589 (2018) Kat:3, Licht: 0,154589,3,7,0,06,14,7,0,0,1,1,0,0,0,0
"POINT (8.474804255000038 49.534644553000078)",Unfall 154616 (2018) Kat:3, Licht: 0,154616,3,6,4,06,16,5,0,0,0,1,0,0,0,0
"POINT (8.478412157000037 49.487114503000043)",Unfall 154617 (2018) Kat:3, Licht: 0,154617,3,5,0,06,18,5,0,0,0,1,0,1,0,0
"POINT (8.479285520000076 49.508833728000070)",Unfall 154619 (2018) Kat:3, Licht: 0,154619,3,7,0,06,16,5,0,0,1,0,0,0,0,0
"POINT (8.509439079000060 49.425796410000032)",Unfall 154621 (2018) Kat:2, Licht: 0,154621,2,3,0,06,16,5,0,0,1,1,0,0,0,0
"POINT (8.492152525000051 49.521932514000071)",Unfall 154628 (2018) Kat:3, Licht: 0,154628,3,5,5,06,14,6,0,0,0,1,0,1,0,0
"POINT (8.511781853000059 49.461684843000057)",Unfall 154632 (2018) Kat:3, Licht: 0,154632,3,2,0,06,15,6,0,0,0,0,0,1,0,0
"POINT (8.489118615000052 49.453815877000068)",Unfall 154639 (2018) Kat:3, Licht: 0,154639,3,7,1,06,11,6,0,0,0,1,1,1,0,0
"POINT (8.574478042000067 49.454937283000049)",Unfall 154641 (2018) Kat:3, Licht: 0,154641,3,6,2,06,08,6,0,0,0,1,0,0,0,0
"POINT (8.514544915000045 49.447750029000076)",Unfall 154693 (2018) Kat:3, Licht: 0,154693,3,3,5,06,11,7,0,0,0,1,0,0,0,0
"POINT (8.508364286000074 49.482181942000068)",Unfall 154754 (2018) Kat:3, Licht: 0,154754,3,5,1,06,19,4,0,0,1,1,0,0,0,0
"POINT (8.487611123000022 49.459949233000032)",Unfall 154755 (2018) Kat:3, Licht: 0,154755,3,3,5,06,15,4,0,0,1,1,0,0,0,0
"POINT (8.546268628000064 49.493603445000076)",Unfall 154757 (2018) Kat:3, Licht: 0,154757,3,6,0,06,10,4,0,0,1,1,0,0,0,0
"POINT (8.538429297000050 49.417125695000038)",Unfall 154758 (2018) Kat:2, Licht: 0,154758,2,7,1,06,13,4,0,0,0,1,0,0,0,0
"POINT (8.473205686000028 49.485896636000064)",Unfall 154792 (2018) Kat:3, Licht: 0,154792,3,4,6,06,16,5,0,0,1,0,1,0,0,0
"POINT (8.498915850000060 49.453796304000036)",Unfall 154884 (2018) Kat:3, Licht: 0,154884,3,3,5,06,16,3,0,0,1,1,0,0,0,0
"POINT (8.539590228000066 49.453500264000070)",Unfall 154887 (2018) Kat:3, Licht: 2,154887,3,1,8,06,22,3,0,2,0,1,0,0,0,0
"POINT (8.505316362000031 49.443043404000036)",Unfall 154888 (2018) Kat:2, Licht: 1,154888,2,1,8,06,20,3,0,1,0,0,0,1,0,0
"POINT (8.484135747000039 49.456027187000075)",Unfall 154894 (2018) Kat:3, Licht: 0,154894,3,3,5,06,08,5,0,0,0,1,0,0,0,1
"POINT (8.524877158000038 49.449318334000054)",Unfall 154960 (2018) Kat:3, Licht: 0,154960,3,3,5,06,17,5,0,0,0,1,0,0,0,0
"POINT (8.470707594000032 49.508995380000044)",Unfall 154976 (2018) Kat:3, Licht: 0,154976,3,5,1,06,19,2,0,0,1,1,0,0,0,0
"POINT (8.503707769000073 49.492744319000053)",Unfall 154977 (2018) Kat:3, Licht: 2,154977,3,2,5,06,22,2,0,2,0,1,0,1,0,0
"POINT (8.513846334000050 49.450864892000027)",Unfall 154980 (2018) Kat:2, Licht: 0,154980,2,3,5,06,16,2,0,0,0,1,0,0,0,0
"POINT (8.486692720000065 49.465262569000060)",Unfall 154998 (2018) Kat:3, Licht: 0,154998,3,2,5,06,07,5,0,0,1,1,0,0,0,0
"POINT (8.487472049000076 49.459905367000033)",Unfall 155004 (2018) Kat:3, Licht: 0,155004,3,2,5,06,15,4,0,0,1,1,0,0,0,0
"POINT (8.550705867000033 49.501542671000038)",Unfall 155093 (2018) Kat:3, Licht: 0,155093,3,1,0,07,10,1,0,0,1,0,0,0,0,0
"POINT (8.498850194000056 49.479118485000072)",Unfall 155107 (2018) Kat:3, Licht: 0,155107,3,7,0,07,17,3,0,0,1,0,0,0,0,0
"POINT (8.493278840000073 49.453537292000078)",Unfall 155109 (2018) Kat:3, Licht: 0,155109,3,2,6,07,13,3,0,0,0,1,1,0,0,0
"POINT (8.496237552000025 49.450395983000078)",Unfall 155150 (2018) Kat:3, Licht: 0,155150,3,7,6,06,13,7,0,0,0,1,1,0,0,0