WKT,Name,OBJECTID,UKATEGORIE,UTYP1,UART,UMONAT,USTUNDE,UWOCHENTAG,STRZUSTAND,ULICHTVERH,ISTRAD,ISTPKW,ISTFUSS,ISTKRAD,ISTGKFZ,ISTSONSTIG
"POINT (8.466661635000037 49.488407838000057)",Unfall 155151 (2018) Kat:3, Licht: 0,155151,3,1,8,06,10,7,0,0,1,0,0,0,0,1
"POINT (8.469968285000050 49.512918849000073)",Unfall 155228 (2018) Kat:3, Licht: 0,155228,3,2,5,06,16,6,0,0,1,1,0,0,0,0
"POINT (8.514780857000062 49.439924756000039)",Unfall 155231 (2018) Kat:3, Licht: 0,155231,3,6,0,06,05,6,0,0,1,0,0,0,0,0
"POINT (8.478538571000058 49.460283825000033)",Unfall 155232 (2018) Kat:3, Licht: 0,155232,3,3,5,06,10,6,0,0,1,1,0,0,0,0
"POINT (8.515231449000055 49.462461227000063)",Unfall 155235 (2018) Kat:3, Licht: 0,155235,3,1,9,06,08,6,0,0,0,0,0,1,0,0
"POINT (8.469848126000045 49.504392707000079)",Unfall 155236 (2018) Kat:3, Licht: 0,155236,3,3,0,06,17,6,0,0,1,0,0,1,0,0
"POINT (8.481014739000045 49.535643635000042)",Unfall 155237 (2018) Kat:3, Licht: 0,155237,3,3,5,07,13,2,0,0,1,1,0,0,0,0
"POINT (8.473849194000025 49.481485964000058)",Unfall 155240 (2018) Kat:3, Licht: 0,155240,3,6,1,07,09,2,0,0,0,1,0,0,0,1
"POINT (8.474457180000059 49.517334125000048)",Unfall 155242 (2018) Kat:3, Licht: 0,155242,3,7,0,07,06,2,0,0,1,0,0,0,0,0
"POINT (8.464220478000073 49.488533192000034)",Unfall 155322 (2018) Kat:3, Licht: 0,155322,3,7,1,07,14,1,0,0,0,1,0,0,0,1
"POINT (8.493425010000067 49.448419541000078)",Unfall 155338 (2018) Kat:3, Licht: 0,155338,3,7,8,07,09,5,0,0,1,0,0,0,0,0
"POINT (8.512893394000059 49.508117494000032)",Unfall 155339 (2018) Kat:3, Licht: 0,155339,3,7,0,07,18,5,0,0,1,1,0,0,0,0
"POINT (8.460539456000049 49.495264208000037)",Unfall 155341 (2018) Kat:3, Licht: 1,155341,3,6,2,07,21,5,0,1,0,1,0,1,0,0
"POINT (8.472353798000029 49.497354587000075)",Unfall 155464 (2018) Kat:3, Licht: 0,155464,3,6,2,07,07,4,0,0,0,1,0,0,0,0
"POINT (8.507234350000033 49.505120397000042)",Unfall 155468 (2018) Kat:3, Licht: 0,155468,3,3,5,07,18,4,0,0,1,0,0,1,0,0
"POINT (8.500761789000023 49.530719045000069)",Unfall 155521 (2018) Kat:3, Licht: 0,155521,3,4,6,07,09,6,0,0,0,1,1,0,0,0
"POINT (8.488171803000057 49.500422202000038)",Unfall 155523 (2018) Kat:3, Licht: 0,155523,3,2,3,07,09,6,0,0,1,1,0,0,0,0
"POINT (8.446231086000068 49.543204779000064)",Unfall 155568 (2018) Kat:3, Licht: 0,155568,3,3,5,07,16,6,0,0,0,1,0,1,0,0
"POINT (8.478468503000045 49.460268509000059)",Unfall 155570 (2018) Kat:3, Licht: 0,155570,3,3,5,07,16,6,0,0,1,1,0,0,0,0
"POINT (8.481731825000054 49.525800440000069)",Unfall 155610 (2018) Kat:3, Licht: 0,155610,3,3,5,07,15,3,0,0,1,1,0,0,0,0
"POINT (8.510375562000036 49.455926051000063)",Unfall 155611 (2018) Kat:3, Licht: 0,155611,3,6,2,07,08,3,0,0,0,1,0,1,0,0
"POINT (8.459233238000024 49.491273201000070)",Unfall 155615 (2018) Kat:3, Licht: 0,155615,3,4,6,07,10,3,0,0,0,1,1,0,0,0
"POINT (8.471208948000026 49.490764088000049)",Unfall 155720 (2018) Kat:3, Licht: 0,155720,3,1,5,07,18,5,0,0,1,1,0,0,0,0
"POINT (8.468351982000058 49.547901425000077)",Unfall 155729 (2018) Kat:3, Licht: 0,155729,3,3,5,07,11,2,0,0,1,1,0,0,0,0
"POINT (8.538889852000068 49.490231983000058)",Unfall 155731 (2018) Kat:3, Licht: 0,155731,3,7,0,07,06,2,0,0,1,0,0,0,0,1
"POINT (8.475408264000066 49.485052713000073)",Unfall 155733 (2018) Kat:2, Licht: 0,155733,2,2,5,07,17,2,0,0,1,1,0,0,0,0
"POINT (8.498960442000055 49.460295748000078)",Unfall 155845 (2018) Kat:2, Licht: 0,155845,2,2,5,07,06,4,0,0,1,1,0,0,0,0
"POINT (8.466402606000031 49.490582348000032)",Unfall 155851 (2018) Kat:3, Licht: 0,155851,3,3,5,07,19,1,1,0,1,1,0,0,0,0
"POINT (8.538615414000049 49.453101129000061)",Unfall 155852 (2018) Kat:2, Licht: 0,155852,2,2,5,07,09,1,0,0,1,1,0,0,0,0
"POINT (8.565075332000049 49.465453726000078)",Unfall 155924 (2018) Kat:2, Licht: 0,155924,2,1,0,07,10,3,0,0,1,0,0,0,0,0
"POINT (8.489342117000035 49.478868477000049)",Unfall 155940 (2018) Kat:2, Licht: 0,155940,2,6,6,07,13,3,0,0,1,0,1,0,0,0
"POINT (8.473053716000038 49.472591163000061)",Unfall 155942 (2018) Kat:3, Licht: 0,155942,3,3,5,07,11,3,0,0,1,1,0,0,0,0
"POINT (8.464569114000028 49.487354409000034)",Unfall 155944 (2018) Kat:3, Licht: 0,155944,3,3,0,07,12,3,0,0,0,1,0,1,0,0
"POINT (8.517538241000068 49.442021287000046)",Unfall 155947 (2018) Kat:2, Licht: 0,155947,2,3,4,07,13,3,0,0,1,1,0,0,0,0
"POINT (8.522999517000073 49.438276888000075)",Unfall 155954 (2018) Kat:3, Licht: 0,155954,3,6,4,07,18,7,0,0,0,1,0,0,0,0
"POINT (8.492453919000070 49.461151467000036)",Unfall 156032 (2018) Kat:2, Licht: 0,156032,2,1,8,07,19,2,0,0,0,1,0,0,0,0
"POINT (8.475085664000062 49.504057133000060)",Unfall 156103 (2018) Kat:3, Licht: 0,156103,3,2,5,07,13,6,0,0,1,1,0,0,0,0
"POINT (8.530438274000062 49.417017106000060)",Unfall 156105 (2018) Kat:3, Licht: 0,156105,3,3,5,07,12,6,0,0,0,1,0,1,0,0
"POINT (8.463400935000038 49.489696767000055)",Unfall 156112 (2018) Kat:3, Licht: 2,156112,3,3,5,07,01,6,0,2,1,1,0,0,0,0
"POINT (8.473637264000047 49.483834708000074)",Unfall 156113 (2018) Kat:3, Licht: 0,156113,3,6,2,07,12,6,0,0,0,1,0,0,0,0
"POINT (8.536485920000075 49.421666641000058)",Unfall 156115 (2018) Kat:3, Licht: 0,156115,3,3,5,07,14,6,0,0,0,1,0,0,0,0
"POINT (8.481109177000064 49.482078272000081)",Unfall 156167 (2018) Kat:3, Licht: 0,156167,3,6,2,07,16,2,0,0,0,1,0,0,0,0
"POINT (8.486039591000065 49.475675529000057)",Unfall 156169 (2018) Kat:3, Licht: 1,156169,3,7,0,07,21,2,0,1,1,0,0,0,0,0
"POINT (8.473484299000063 49.513637114000062)",Unfall 156171 (2018) Kat:2, Licht: 0,156171,2,3,5,07,16,2,0,0,1,1,0,0,0,0
"POINT (8.541278719000047 49.498783503000027)",Unfall 156172 (2018) Kat:3, Licht: 0,156172,3,6,3,07,13,2,0,0,1,1,0,0,0,0
"POINT (8.468305844000042 49.529180944000075)",Unfall 156210 (2018) Kat:2, Licht: 0,156210,2,2,4,07,17,5,0,0,0,1,0,1,0,0
"POINT (8.468152446000033 49.485970253000062)",Unfall 156212 (2018) Kat:3, Licht: 0,156212,3,6,1,07,18,5,0,0,0,1,0,1,0,0
"POINT (8.447206726000047 49.541759192000029)",Unfall 156247 (2018) Kat:3, Licht: 0,156247,3,3,5,07,19,1,0,0,0,1,0,1,0,0
"POINT (8.472979852000037 49.495358190000047)",Unfall 156291 (2018) Kat:2, Licht: 2,156291,2,1,0,07,03,7,0,2,1,0,0,0,0,0
"POINT (8.473749383000040 49.515827122000076)",Unfall 156355 (2018) Kat:3, Licht: 0,156355,3,2,5,07,05,5,0,0,0,1,0,0,0,0
"POINT (8.481477508000069 49.499063098000079)",Unfall 156360 (2018) Kat:3, Licht: 2,156360,3,7,0,07,03,1,0,2,0,0,0,1,0,0
"POINT (8.470884092000063 49.501994431000071)",Unfall 156362 (2018) Kat:3, Licht: 0,156362,3,3,5,07,17,1,0,0,1,1,0,0,0,0
"POINT (8.486872425000058 49.523247717000061)",Unfall 156365 (2018) Kat:3, Licht: 1,156365,3,5,1,07,05,1,0,1,0,1,0,0,0,0
"POINT (8.464760427000044 49.491138087000081)",Unfall 156416 (2018) Kat:3, Licht: 0,156416,3,3,5,07,17,7,0,0,1,1,0,0,0,0
"POINT (8.534232192000047 49.446072371000071)",Unfall 156455 (2018) Kat:3, Licht: 0,156455,3,3,5,07,15,4,0,0,0,1,0,1,0,0
"POINT (8.504884312000058 49.518717098000081)",Unfall 156457 (2018) Kat:2, Licht: 0,156457,2,5,1,07,16,4,0,0,0,1,0,1,0,0
"POINT (8.487517235000041 49.495880361000047)",Unfall 156491 (2018) Kat:3, Licht: 0,156491,3,5,5,07,12,6,0,0,1,1,0,0,0,0
"POINT (8.473343276000037 49.518608663000066)",Unfall 156494 (2018) Kat:3, Licht: 0,156494,3,2,3,07,13,6,0,0,0,1,0,1,0,0
"POINT (8.484804621000023 49.461585278000030)",Unfall 156496 (2018) Kat:3, Licht: 0,156496,3,3,5,07,15,6,0,0,0,1,0,0,0,0
"POINT (8.495980741000039 49.524429914000052)",Unfall 156498 (2018) Kat:3, Licht: 0,156498,3,6,4,07,10,6,0,0,0,1,0,1,0,0
"POINT (8.465664824000044 49.488801776000059)",Unfall 156566 (2018) Kat:3, Licht: 1,156566,3,7,0,07,22,3,0,1,0,1,0,1,0,0
"POINT (8.553600863000042 49.495813087000045)",Unfall 156568 (2018) Kat:2, Licht: 0,156568,2,3,5,07,17,3,0,0,1,1,0,0,0,0
"POINT (8.467941310000072 49.483621468000081)",Unfall 156573 (2018) Kat:3, Licht: 0,156573,3,3,5,07,09,3,0,0,1,1,0,0,0,0
"POINT (8.528476172000069 49.434501550000050)",Unfall 156614 (2018) Kat:3, Licht: 0,156614,3,3,5,08,18,4,0,0,0,1,0,0,0,0
"POINT (8.509574076000035 49.506423715000039)",Unfall 156615 (2018) Kat:3, Licht: 0,156615,3,3,5,08,12,4,0,0,0,1,0,0,0,0
"POINT (8.525591254000062 49.490653344000066)",Unfall 156627 (2018) Kat:3, Licht: 1,156627,3,3,5,08,20,7,0,1,0,1,0,1,0,0
"POINT (8.554292163000071 49.466873746000033)",Unfall 156715 (2018) Kat:3, Licht: 0,156715,3,3,5,08,07,6,0,0,0,1,0,0,0,0
"POINT (8.508976832000030 49.515134135000039)",Unfall 156718 (2018) Kat:3, Licht: 0,156718,3,3,5,08,08,6,0,0,1,1,0,0,0,0
"POINT (8.483041736000075 49.531905155000061)",Unfall 156719 (2018) Kat:3, Licht: 0,156719,3,1,0,08,15,6,0,0,0,1,0,1,0,0
"POINT (8.492236282000022 49.475066928000047)",Unfall 156818 (2018) Kat:3, Licht: 0,156818,3,7,6,08,08,5,0,0,1,0,1,0,0,0
"POINT (8.466023084000028 49.499147148000077)",Unfall 156821 (2018) Kat:3, Licht: 0,156821,3,7,1,08,17,5,0,0,0,1,0,1,0,0
"POINT (8.505002443000024 49.504000446000077)",Unfall 156824 (2018) Kat:3, Licht: 0,156824,3,6,1,08,07,5,0,0,0,1,0,0,0,0
"POINT (8.455169153000043 49.524030667000034)",Unfall 156826 (2018) Kat:3, Licht: 0,156826,3,7,3,08,16,5,0,0,0,1,0,1,0,0
"POINT (8.482026883000060 49.513671317000046)",Unfall 156828 (2018) Kat:2, Licht: 0,156828,2,6,3,08,14,5,0,0,0,0,0,1,1,0
"POINT (8.488951412000063 49.490116675000081)",Unfall 156834 (2018) Kat:3, Licht: 0,156834,3,7,1,07,13,2,0,0,0,1,0,0,0,0
"POINT (8.484191300000020 49.468625928000051)",Unfall 156835 (2018) Kat:3, Licht: 0,156835,3,6,2,07,12,2,0,0,0,1,0,0,0,0
"POINT (8.505836076000037 49.506961554000043)",Unfall 156890 (2018) Kat:3, Licht: 0,156890,3,7,1,08,09,7,0,0,0,1,0,1,0,0
"POINT (8.526516965000042 49.487742099000059)",Unfall 156912 (2018) Kat:3, Licht: 0,156912,3,5,1,08,09,4,0,0,1,1,0,0,0,0
"POINT (8.465324818000056 49.482831222000073)",Unfall 156950 (2018) Kat:2, Licht: 0,156950,2,3,5,08,16,6,0,0,1,0,0,0,0,1
"POINT (8.475043140000025 49.491105379000032)",Unfall 156984 (2018) Kat:3, Licht: 0,156984,3,2,5,08,16,3,0,0,1,0,0,0,0,1
"POINT (8.469722565000041 49.505554522000068)",Unfall 156986 (2018) Kat:3, Licht: 0,156986,3,2,6,08,14,3,0,0,0,1,1,0,0,0
"POINT (8.481507820000047 49.452314388000048)",Unfall 156987 (2018) Kat:2, Licht: 0,156987,2,7,0,08,18,3,0,0,1,0,0,0,0,0
"POINT (8.478872680000052 49.514497556000038)",Unfall 157005 (2018) Kat:3, Licht: 0,157005,3,6,0,08,18,6,0,0,0,1,0,0,0,0
"POINT (8.475883505000070 49.499726944000031)",Unfall 157044 (2018) Kat:3, Licht: 0,157044,3,3,5,08,12,7,0,0,1,1,0,0,0,0
"POINT (8.453464258000054 49.537541417000057)",Unfall 157052 (2018) Kat:3, Licht: 0,157052,3,6,2,08,07,5,0,0,0,1,0,0,0,0
"POINT (8.501928386000031 49.455152194000050)",Unfall 157053 (2018) Kat:3, Licht: 0,157053,3,2,4,08,07,2,0,0,1,1,0,0,0,0
"POINT (8.472197157000039 49.492791922000038)",Unfall 157055 (2018) Kat:3, Licht: 0,157055,3,4,6,08,18,2,0,0,0,1,1,0,0,0
"POINT (8.475799728000027 49.473518490000060)",Unfall 157099 (2018) Kat:3, Licht: 0,157099,3,2,5,08,17,1,0,0,0,1,0,0,0,0
"POINT (8.525276088000055 49.495191794000050)",Unfall 157107 (2018) Kat:3, Licht: 0,157107,3,3,5,08,09,6,0,0,0,1,0,0,0,0
"POINT (8.475845073000073 49.483008822000045)",Unfall 157129 (2018) Kat:3, Licht: 0,157129,3,5,1,08,12,2,0,0,0,1,0,0,0,0
"POINT (8.478843832000052 49.456602281000073)",Unfall 157131 (2018) Kat:3, Licht: 0,157131,3,4,6,08,17,2,1,0,0,1,1,0,0,0
"POINT (8.487629968000022 49.459841803000074)",Unfall 157134 (2018) Kat:3, Licht: 1,157134,3,2,4,08,05,2,1,1,1,1,0,0,0,0
"POINT (8.464163510000049 49.492844884000078)",Unfall 157136 (2018) Kat:2, Licht: 2,157136,2,4,6,08,01,2,0,2,0,0,1,0,0,1
"POINT (8.454594024000073 49.521521271000040)",Unfall 157144 (2018) Kat:3, Licht: 0,157144,3,3,5,08,17,3,0,0,1,1,0,0,0,0
"POINT (8.466230297000038 49.499668506000035)",Unfall 157188 (2018) Kat:3, Licht: 0,157188,3,7,6,08,20,4,0,0,0,1,1,0,0,0
"POINT (8.480853361000072 49.475679142000047)",Unfall 157242 (2018) Kat:3, Licht: 0,157242,3,5,1,08,07,3,0,0,1,1,0,0,0,0
"POINT (8.482653306000032 49.476964047000081)",Unfall 157250 (2018) Kat:3, Licht: 0,157250,3,3,5,08,12,6,0,0,1,1,0,0,0,0
"POINT (8.506956828000057 49.509751046000076)",Unfall 157252 (2018) Kat:3, Licht: 0,157252,3,6,2,08,13,6,0,0,0,1,0,0,0,0
"POINT (8.556086495000045 49.509389954000028)",Unfall 157269 (2018) Kat:3, Licht: 1,157269,3,3,5,08,19,1,0,1,0,1,0,0,0,0
"POINT (8.470201894000070 49.484686487000033)",Unfall 157300 (2018) Kat:3, Licht: 0,157300,3,5,1,08,12,3,0,0,1,1,0,0,0,0
"POINT (8.463154339000027 49.487900966000041)",Unfall 157311 (2018) Kat:3, Licht: 1,157311,3,6,1,08,20,4,0,1,0,1,0,0,0,0
"POINT (8.476621664000049 49.484588055000074)",Unfall 157327 (2018) Kat:3, Licht: 0,157327,3,6,1,08,14,5,0,0,0,1,0,0,0,0
"POINT (8.536280344000033 49.421648670000081)",Unfall 157329 (2018) Kat:3, Licht: 0,157329,3,7,1,08,15,5,0,0,0,0,0,1,0,1
"POINT (8.547953735000021 49.489888464000046)",Unfall 157330 (2018) Kat:3, Licht: 0,157330,3,3,5,08,17,5,0,0,0,1,0,1,0,0
"POINT (8.496718184000031 49.471091275000049)",Unfall 157385 (2018) Kat:3, Licht: 0,157385,3,6,2,08,09,4,0,0,0,1,0,0,0,0
"POINT (8.499093274000074 49.520482893000064)",Unfall 157386 (2018) Kat:3, Licht: 0,157386,3,7,0,08,16,4,1,0,1,0,0,0,0,1
"POINT (8.487638619000052 49.526670008000053)",Unfall 157415 (2018) Kat:3, Licht: 0,157415,3,3,2,08,14,1,0,0,1,1,0,0,0,0
"POINT (8.457491212000036 49.549579166000058)",Unfall 157454 (2018) Kat:3, Licht: 0,157454,3,6,2,08,14,3,0,0,0,1,0,0,0,0
"POINT (8.499868166000056 49.470497168000065)",Unfall 157455 (2018) Kat:2, Licht: 0,157455,2,6,3,08,09,3,0,0,1,0,0,0,0,0
"POINT (8.495044801000063 49.453815999000028)",Unfall 157456 (2018) Kat:3, Licht: 2,157456,3,2,5,08,01,7,0,2,0,1,0,0,0,0
"POINT (8.466653531000077 49.486548014000050)",Unfall 157457 (2018) Kat:3, Licht: 0,157457,3,2,3,08,17,3,0,0,0,1,0,1,0,0
"POINT (8.503374704000066 49.503204605000064)",Unfall 157458 (2018) Kat:3, Licht: 0,157458,3,1,9,08,11,3,0,0,0,0,0,0,1,0
"POINT (8.504639507000036 49.518844866000052)",Unfall 157459 (2018) Kat:3, Licht: 1,157459,3,3,0,08,08,3,0,1,1,1,0,0,0,0
"POINT (8.484148025000025 49.468577968000034)",Unfall 157507 (2018) Kat:3, Licht: 0,157507,3,6,2,08,12,6,0,0,0,1,0,0,0,0
"POINT (8.496006252000029 49.509866655000053)",Unfall 157509 (2018) Kat:3, Licht: 0,157509,3,1,4,08,13,6,1,0,0,0,0,1,1,0
"POINT (8.501151368000024 49.514721623000071)",Unfall 157511 (2018) Kat:3, Licht: 0,157511,3,1,0,08,12,6,1,0,0,0,0,1,0,0
"POINT (8.507463666000035 49.510610800000052)",Unfall 157513 (2018) Kat:3, Licht: 0,157513,3,3,5,08,16,6,0,0,1,1,0,0,0,0
"POINT (8.487223456000038 49.475011663000032)",Unfall 157530 (2018) Kat:3, Licht: 0,157530,3,2,3,08,17,2,0,0,1,1,0,0,0,0
"POINT (8.480946643000038 49.522130986000036)",Unfall 157588 (2018) Kat:3, Licht: 2,157588,3,2,4,08,21,5,1,2,1,1,0,0,0,0
"POINT (8.488091984000050 49.529036636000058)",Unfall 157589 (2018) Kat:3, Licht: 0,157589,3,3,5,08,13,5,0,0,1,1,0,0,0,0
"POINT (8.474464905000048 49.517318827000054)",Unfall 157592 (2018) Kat:3, Licht: 2,157592,3,5,1,08,22,5,1,2,1,1,0,0,0,0
"POINT (8.501035347000027 49.454783176000035)",Unfall 157594 (2018) Kat:3, Licht: 0,157594,3,7,0,08,07,5,0,0,0,0,1,0,1,0
"POINT (8.469205473000045 49.482118956000079)",Unfall 157627 (2018) Kat:3, Licht: 0,157627,3,2,3,08,17,7,0,0,1,1,0,0,0,0
"POINT (8.500392692000048 49.459567168000035)",Unfall 157629 (2018) Kat:3, Licht: 0,157629,3,5,5,08,18,7,0,0,0,1,0,0,0,0
"POINT (8.468261765000023 49.486260309000045)",Unfall 157631 (2018) Kat:3, Licht: 0,157631,3,7,6,08,19,7,0,0,0,1,1,0,0,0
"POINT (8.484591072000058 49.485847231000037)",Unfall 157646 (2018) Kat:2, Licht: 0,157646,2,2,8,08,14,5,0,0,0,0,0,1,0,0
"POINT (8.464736804000040 49.493279361000077)",Unfall 157689 (2018) Kat:3, Licht: 2,157689,3,3,5,08,20,4,1,2,1,1,0,0,0,0
"POINT (8.564378114000022 49.456864356000040)",Unfall 157700 (2018) Kat:3, Licht: 0,157700,3,1,4,09,15,2,0,0,0,1,0,1,0,0
"POINT (8.509527955000067 49.446204573000045)",Unfall 157739 (2018) Kat:3, Licht: 0,157739,3,6,2,09,12,1,0,0,0,1,0,0,0,0
"POINT (8.474828606000074 49.483397894000063)",Unfall 157748 (2018) Kat:3, Licht: 0,157748,3,2,3,08,15,3,0,0,0,1,0,1,0,0
"POINT (8.480891579000058 49.542165248000060)",Unfall 157782 (2018) Kat:3, Licht: 2,157782,3,3,5,09,20,7,0,2,0,1,0,0,0,0
"POINT (8.490634109000041 49.510727110000062)",Unfall 157784 (2018) Kat:3, Licht: 1,157784,3,6,1,09,21,7,0,1,0,1,0,0,0,0
"POINT (8.473053720000053 49.472591145000081)",Unfall 157787 (2018) Kat:3, Licht: 0,157787,3,3,5,09,15,7,0,0,1,1,0,0,0,0
"POINT (8.466937669000060 49.488559502000044)",Unfall 157790 (2018) Kat:3, Licht: 0,157790,3,4,0,09,18,7,0,0,0,0,1,0,0,1
"POINT (8.505656768000051 49.529781851000052)",Unfall 157829 (2018) Kat:3, Licht: 0,157829,3,5,1,08,16,2,0,0,1,1,0,0,0,0
"POINT (8.483665558000041 49.524277919000042)",Unfall 157832 (2018) Kat:3, Licht: 0,157832,3,1,0,08,12,2,0,0,1,0,0,0,0,0
"POINT (8.505183653000074 49.456063262000043)",Unfall 157834 (2018) Kat:3, Licht: 0,157834,3,6,2,08,16,2,0,0,0,1,0,0,0,0
"POINT (8.474819740000044 49.496246664000068)",Unfall 157836 (2018) Kat:3, Licht: 0,157836,3,1,9,08,12,2,1,0,0,1,0,0,0,0
"POINT (8.454579618000025 49.523683622000078)",Unfall 157845 (2018) Kat:3, Licht: 0,157845,3,7,1,08,14,6,0,0,0,0,0,1,1,0
"POINT (8.478674013000045 49.514467606000039)",Unfall 157847 (2018) Kat:3, Licht: 0,157847,3,6,2,08,11,6,0,0,0,1,0,0,1,0
"POINT (8.485599621000063 49.530179778000047)",Unfall 157891 (2018) Kat:3, Licht: 1,157891,3,2,0,09,21,6,0,1,0,1,0,0,0,0
"POINT (8.481856776000029 49.493850333000069)",Unfall 157892 (2018) Kat:3, Licht: 0,157892,3,2,4,09,07,6,0,0,1,1,0,0,0,0
"POINT (8.562215280000032 49.458012978000056)",Unfall 157916 (2018) Kat:3, Licht: 0,157916,3,3,5,09,14,2,0,0,0,1,0,0,0,0
"POINT (8.471649582000055 49.487475072000052)",Unfall 157933 (2018) Kat:3, Licht: 0,157933,3,3,6,09,10,5,0,0,0,1,1,0,0,0
"POINT (8.445485389000055 49.544141693000029)",Unfall 157990 (2018) Kat:2, Licht: 2,157990,2,7,0,09,22,1,0,2,1,0,0,0,0,0
"POINT (8.486551076000069 49.526571952000040)",Unfall 158038 (2018) Kat:3, Licht: 0,158038,3,6,2,09,16,4,0,0,0,1,0,0,0,0
"POINT (8.470333444000062 49.546587673000033)",Unfall 158039 (2018) Kat:3, Licht: 2,158039,3,5,1,09,22,4,0,2,0,1,0,0,0,0
"POINT (8.470216593000032 49.493288173000053)",Unfall 158042 (2018) Kat:3, Licht: 0,158042,3,2,6,09,20,4,0,0,0,0,1,0,0,1
"POINT (8.508753336000041 49.454421659000047)",Unfall 158074 (2018) Kat:3, Licht: 0,158074,3,3,5,09,13,7,0,0,0,1,0,0,0,0
"POINT (8.484298492000050 49.480817221000052)",Unfall 158100 (2018) Kat:3, Licht: 0,158100,3,6,2,09,10,3,0,0,0,1,0,0,0,0
"POINT (8.456701791000057 49.492078987000070)",Unfall 158102 (2018) Kat:3, Licht: 0,158102,3,6,2,09,14,3,0,0,0,1,0,0,0,0
"POINT (8.466771367000035 49.486502543000029)",Unfall 158104 (2018) Kat:3, Licht: 0,158104,3,6,0,09,18,3,0,0,1,1,0,0,0,0
"POINT (8.476698300000066 49.462697265000031)",Unfall 158146 (2018) Kat:3, Licht: 0,158146,3,3,5,09,09,6,1,0,1,1,0,0,0,0
"POINT (8.468901903000074 49.493902643000069)",Unfall 158148 (2018) Kat:3, Licht: 0,158148,3,6,2,09,12,6,0,0,0,1,0,0,0,0
"POINT (8.469522113000039 49.491353824000043)",Unfall 158150 (2018) Kat:3, Licht: 2,158150,3,7,0,09,21,6,0,2,1,0,0,0,0,0
"POINT (8.466189905000022 49.530795033000061)",Unfall 158157 (2018) Kat:3, Licht: 0,158157,3,3,4,09,15,4,0,0,0,1,0,0,0,0
"POINT (8.506811277000054 49.509400625000069)",Unfall 158159 (2018) Kat:3, Licht: 2,158159,3,2,5,09,06,4,0,2,0,1,0,1,0,0
"POINT (8.508616201000052 49.503802708000080)",Unfall 158160 (2018) Kat:2, Licht: 0,158160,2,2,5,09,12,4,0,0,1,1,0,0,0,0
"POINT (8.498439914000073 49.500606231000063)",Unfall 158194 (2018) Kat:3, Licht: 0,158194,3,5,8,09,09,6,0,0,0,1,0,1,0,0
"POINT (8.469445423000025 49.464196809000043)",Unfall 158196 (2018) Kat:3, Licht: 0,158196,3,7,6,09,08,6,0,0,0,1,1,0,0,0
"POINT (8.519215627000051 49.490201348000028)",Unfall 158198 (2018) Kat:3, Licht: 0,158198,3,3,5,09,14,6,0,0,1,1,0,0,0,0
"POINT (8.456312595000043 49.490005816000064)",Unfall 158200 (2018) Kat:3, Licht: 0,158200,3,3,5,09,18,6,0,0,0,1,0,0,0,0
"POINT (8.512053058000049 49.523333132000062)",Unfall 158203 (2018) Kat:3, Licht: 1,158203,3,3,5,09,07,6,0,1,1,1,0,0,0,0
"POINT (8.454503966000061 49.502303745000063)",Unfall 158273 (2018) Kat:3, Licht: 0,158273,3,7,0,09,14,3,0,0,0,0,0,1,0,0
"POINT (8.495868855000026 49.499191703000065)",Unfall 158408 (2018) Kat:3, Licht: 0,158408,3,3,5,09,16,2,0,0,1,1,0,0,0,0
"POINT (8.478520792000040 49.460394251000025)",Unfall 158410 (2018) Kat:3, Licht: 0,158410,3,7,6,09,17,2,0,0,1,0,1,0,0,0
"POINT (8.469009034000067 49.480499038000062)",Unfall 158447 (2018) Kat:3, Licht: 0,158447,3,5,5,09,17,2,0,0,0,1,0,1,0,0
"POINT (8.506751172000065 49.447215073000052)",Unfall 158449 (2018) Kat:3, Licht: 2,158449,3,7,1,09,22,2,0,2,0,1,0,0,0,1
"POINT (8.512206914000046 49.485475650000069)",Unfall 158513 (2018) Kat:3, Licht: 0,158513,3,2,5,09,09,4,0,0,1,0,0,0,0,0
"POINT (8.559256864000076 49.516935952000040)",Unfall 158516 (2018) Kat:3, Licht: 0,158516,3,5,5,09,13,4,0,0,0,0,0,1,0,1
"POINT (8.483242624000070 49.526230324000039)",Unfall 158608 (2018) Kat:3, Licht: 0,158608,3,7,1,09,17,7,0,0,0,1,0,0,1,0
"POINT (8.543056530000058 49.500125455000045)",Unfall 158644 (2018) Kat:3, Licht: 0,158644,3,3,5,09,11,3,0,0,1,1,0,0,0,0
"POINT (8.470496576000073 49.501994948000061)",Unfall 158678 (2018) Kat:3, Licht: 1,158678,3,3,5,09,20,7,0,1,1,0,0,0,0,0
"POINT (8.472986696000021 49.544378845000040)",Unfall 158739 (2018) Kat:2, Licht: 0,158739,2,4,6,09,17,3,0,0,0,1,1,0,0,0