WKT,Name,OBJECTID,UKATEGORIE,UTYP1,UART,UMONAT,USTUNDE,UWOCHENTAG,STRZUSTAND,ULICHTVERH,ISTRAD,ISTPKW,ISTFUSS,ISTKRAD,ISTGKFZ,ISTSONSTIG
"POINT (8.447285722000061 49.548445843000081)",Unfall 158741 (2018) Kat:3, Licht: 0,158741,3,3,5,09,17,3,0,0,0,1,0,0,0,0
"POINT (8.470961762000059 49.532847278000077)",Unfall 158743 (2018) Kat:3, Licht: 2,158743,3,7,6,09,06,3,0,2,0,1,1,0,0,0
"POINT (8.471512184000062 49.511075192000078)",Unfall 158746 (2018) Kat:3, Licht: 0,158746,3,6,2,09,10,3,0,0,0,1,0,0,0,0
"POINT (8.464635082000029 49.488372871000081)",Unfall 158747 (2018) Kat:2, Licht: 0,158747,2,3,5,09,12,3,0,0,1,1,0,0,0,0
"POINT (8.473598413000048 49.485745088000044)",Unfall 158749 (2018) Kat:3, Licht: 0,158749,3,6,3,09,18,3,0,0,1,1,0,0,0,0
"POINT (8.510179314000027 49.454359024000041)",Unfall 158774 (2018) Kat:3, Licht: 0,158774,3,6,2,09,14,6,0,0,0,1,0,0,0,0
"POINT (8.568845710000062 49.443691761000082)",Unfall 158849 (2018) Kat:3, Licht: 0,158849,3,6,1,09,18,2,0,0,0,1,0,0,0,0
"POINT (8.476014425000074 49.517940390000035)",Unfall 158851 (2018) Kat:3, Licht: 0,158851,3,3,5,09,15,2,0,0,0,1,0,0,0,1
"POINT (8.526277877000041 49.468623419000039)",Unfall 158854 (2018) Kat:2, Licht: 0,158854,2,7,0,09,17,2,0,0,0,0,0,0,0,1
"POINT (8.457178782000028 49.494658499000082)",Unfall 158875 (2018) Kat:3, Licht: 2,158875,3,7,0,09,21,5,0,2,1,1,0,0,0,0
"POINT (8.508943858000066 49.519277999000053)",Unfall 158876 (2018) Kat:3, Licht: 0,158876,3,2,3,09,07,5,0,0,1,0,0,0,1,0
"POINT (8.477780083000027 49.542545984000071)",Unfall 158889 (2018) Kat:3, Licht: 0,158889,3,2,5,09,07,2,0,0,1,1,0,0,0,0
"POINT (8.534505699000022 49.424058290000062)",Unfall 158902 (2018) Kat:3, Licht: 2,158902,3,7,0,09,20,1,1,2,1,0,0,0,0,0
"POINT (8.460440274000064 49.533288498000047)",Unfall 158911 (2018) Kat:3, Licht: 0,158911,3,1,0,09,17,1,1,0,0,0,0,1,0,0
"POINT (8.468271135000066 49.493742664000081)",Unfall 158913 (2018) Kat:3, Licht: 2,158913,3,2,5,09,19,1,0,2,0,1,0,0,0,0
"POINT (8.466728128000057 49.481504200000074)",Unfall 158916 (2018) Kat:3, Licht: 0,158916,3,6,1,09,13,1,1,0,0,1,0,0,0,0
"POINT (8.450560615000029 49.549803772000075)",Unfall 158948 (2018) Kat:3, Licht: 0,158948,3,3,5,10,08,3,0,0,1,0,0,0,1,0
"POINT (8.501865662000057 49.494354065000039)",Unfall 158951 (2018) Kat:3, Licht: 1,158951,3,6,2,10,06,3,0,1,0,1,0,0,0,1
"POINT (8.461529770000027 49.485174866000079)",Unfall 158952 (2018) Kat:3, Licht: 2,158952,3,6,0,10,23,3,0,2,0,1,0,0,0,0
"POINT (8.485717898000075 49.454931301000045)",Unfall 158971 (2018) Kat:3, Licht: 2,158971,3,4,6,09,22,6,0,2,0,1,1,0,0,0
"POINT (8.505849133000027 49.507035286000075)",Unfall 158973 (2018) Kat:2, Licht: 2,158973,2,2,6,09,19,6,0,2,0,1,1,0,0,0
"POINT (8.493918663000045 49.455834125000081)",Unfall 159027 (2018) Kat:3, Licht: 0,159027,3,7,0,10,09,2,0,0,1,0,0,0,0,0
"POINT (8.509307713000055 49.509576486000071)",Unfall 159028 (2018) Kat:3, Licht: 0,159028,3,7,6,10,08,2,0,0,0,0,1,0,0,1
"POINT (8.463700056000050 49.485264809000057)",Unfall 159101 (2018) Kat:3, Licht: 0,159101,3,3,5,09,11,1,0,0,0,1,0,0,0,0
"POINT (8.467129173000046 49.490034739000066)",Unfall 159103 (2018) Kat:3, Licht: 0,159103,3,6,3,09,10,1,0,0,1,1,0,0,0,0
"POINT (8.517315358000076 49.506033654000078)",Unfall 159163 (2018) Kat:3, Licht: 0,159163,3,7,0,09,09,7,0,0,0,0,0,1,0,0
"POINT (8.469710614000064 49.542473522000080)",Unfall 159172 (2018) Kat:3, Licht: 0,159172,3,3,5,09,14,4,0,0,0,1,0,0,0,1
"POINT (8.484109432000025 49.498600724000028)",Unfall 159173 (2018) Kat:3, Licht: 0,159173,3,5,2,09,17,4,0,0,1,1,0,0,0,0
"POINT (8.472249653000063 49.457691637000039)",Unfall 159175 (2018) Kat:3, Licht: 0,159175,3,7,0,09,09,4,0,0,1,0,0,0,0,0
"POINT (8.481041597000058 49.522119716000077)",Unfall 159177 (2018) Kat:3, Licht: 0,159177,3,6,1,09,08,4,0,0,0,0,0,1,1,0
"POINT (8.463433465000037 49.486013313000058)",Unfall 159211 (2018) Kat:3, Licht: 0,159211,3,6,2,10,15,7,0,0,0,1,0,0,0,0
"POINT (8.513833198000043 49.454229147000035)",Unfall 159213 (2018) Kat:2, Licht: 0,159213,2,6,2,10,10,7,0,0,0,1,0,1,0,0
"POINT (8.470600671000057 49.488820819000068)",Unfall 159225 (2018) Kat:3, Licht: 2,159225,3,3,5,10,00,1,0,2,0,1,0,0,0,0
"POINT (8.493279004000044 49.504985653000062)",Unfall 159226 (2018) Kat:2, Licht: 0,159226,2,3,5,10,16,2,0,0,1,1,0,0,0,0
"POINT (8.506458289000022 49.508559998000067)",Unfall 159254 (2018) Kat:2, Licht: 0,159254,2,6,4,10,13,1,0,0,1,0,0,1,0,0
"POINT (8.446661602000063 49.545708591000050)",Unfall 159262 (2018) Kat:2, Licht: 2,159262,2,3,5,10,19,2,0,2,0,1,0,1,0,0
"POINT (8.481314970000028 49.456634658000041)",Unfall 159272 (2018) Kat:3, Licht: 0,159272,3,7,0,10,09,1,0,0,1,0,0,0,0,0
"POINT (8.483805585000027 49.470926092000070)",Unfall 159360 (2018) Kat:3, Licht: 0,159360,3,6,2,10,08,5,0,0,0,1,0,0,0,0
"POINT (8.482799427000032 49.513226790000033)",Unfall 159363 (2018) Kat:2, Licht: 0,159363,2,3,1,10,13,5,0,0,1,1,0,0,0,0
"POINT (8.484210499000028 49.468647207000060)",Unfall 159421 (2018) Kat:3, Licht: 0,159421,3,2,5,10,16,2,0,0,0,1,0,0,0,0
"POINT (8.507477351000034 49.510608301000048)",Unfall 159434 (2018) Kat:3, Licht: 0,159434,3,3,5,10,12,4,0,0,1,1,0,0,0,0
"POINT (8.531500990000041 49.487948046000042)",Unfall 159435 (2018) Kat:3, Licht: 0,159435,3,1,0,10,16,4,0,0,1,0,0,0,0,0
"POINT (8.510174618000065 49.454326432000073)",Unfall 159462 (2018) Kat:3, Licht: 2,159462,3,3,5,10,05,7,0,2,0,1,0,0,0,0
"POINT (8.493547256000056 49.499104077000027)",Unfall 159510 (2018) Kat:3, Licht: 0,159510,3,3,5,10,11,5,0,0,0,1,0,0,1,0
"POINT (8.468553707000069 49.491561377000039)",Unfall 159511 (2018) Kat:3, Licht: 0,159511,3,5,1,10,09,5,0,0,1,1,0,0,0,0
"POINT (8.493338148000021 49.486802729000033)",Unfall 159579 (2018) Kat:3, Licht: 0,159579,3,3,5,10,16,6,0,0,1,1,0,0,0,0
"POINT (8.466281852000066 49.486551540000050)",Unfall 159582 (2018) Kat:3, Licht: 0,159582,3,6,2,10,17,6,0,0,0,1,0,1,0,0
"POINT (8.498922772000071 49.453790655000034)",Unfall 159588 (2018) Kat:3, Licht: 0,159588,3,3,5,10,16,6,0,0,1,1,0,0,0,0
"POINT (8.482160738000061 49.454340440000067)",Unfall 159590 (2018) Kat:3, Licht: 0,159590,3,6,2,10,11,6,0,0,0,1,0,0,0,0
"POINT (8.483498697000073 49.454687985000078)",Unfall 159600 (2018) Kat:3, Licht: 2,159600,3,7,0,10,22,6,0,2,1,0,0,0,0,0
"POINT (8.577301722000073 49.439796824000041)",Unfall 159602 (2018) Kat:3, Licht: 0,159602,3,7,1,10,11,6,0,0,1,1,0,0,0,0
"POINT (8.455621753000060 49.502275839000049)",Unfall 159607 (2018) Kat:3, Licht: 2,159607,3,3,5,10,19,4,0,2,0,1,0,1,0,0
"POINT (8.530871521000051 49.486675236000053)",Unfall 159609 (2018) Kat:3, Licht: 0,159609,3,7,0,10,16,4,0,0,1,1,0,0,0,0
"POINT (8.536837412000068 49.514494480000053)",Unfall 159655 (2018) Kat:3, Licht: 0,159655,3,7,8,10,16,7,0,0,0,1,0,0,0,0
"POINT (8.471179164000034 49.508489698000062)",Unfall 159697 (2018) Kat:2, Licht: 0,159697,2,4,6,10,16,3,0,0,0,1,1,0,0,0
"POINT (8.474085988000070 49.491418708000026)",Unfall 159743 (2018) Kat:3, Licht: 0,159743,3,3,5,10,11,3,0,0,0,1,0,1,0,0
"POINT (8.473372714000050 49.518680541000037)",Unfall 159745 (2018) Kat:2, Licht: 0,159745,2,2,0,10,08,3,0,0,1,0,0,0,0,0
"POINT (8.457280809000054 49.519933133000052)",Unfall 159777 (2018) Kat:2, Licht: 2,159777,2,2,5,10,04,5,0,2,1,1,0,0,0,0
"POINT (8.478950398000052 49.460413119000066)",Unfall 159780 (2018) Kat:3, Licht: 0,159780,3,3,5,10,08,5,0,0,1,1,0,0,0,0
"POINT (8.472228708000046 49.497620588000075)",Unfall 159888 (2018) Kat:3, Licht: 0,159888,3,5,5,10,09,4,0,0,0,1,0,0,0,0
"POINT (8.490297064000060 49.452213528000073)",Unfall 159890 (2018) Kat:3, Licht: 0,159890,3,6,0,10,10,4,0,0,1,0,0,0,0,0
"POINT (8.493269210000051 49.521840816000065)",Unfall 159892 (2018) Kat:2, Licht: 0,159892,2,3,5,10,07,4,0,0,1,1,0,0,0,0
"POINT (8.505419335000056 49.521549260000029)",Unfall 159895 (2018) Kat:3, Licht: 0,159895,3,1,0,10,16,4,0,0,0,1,0,0,0,0
"POINT (8.509878564000076 49.517004139000051)",Unfall 159932 (2018) Kat:3, Licht: 0,159932,3,3,5,10,10,1,0,0,0,1,0,0,0,0
"POINT (8.480264446000035 49.495000050000044)",Unfall 159933 (2018) Kat:3, Licht: 0,159933,3,3,5,10,15,1,0,0,0,1,0,1,0,0
"POINT (8.475813260000052 49.520225957000036)",Unfall 159935 (2018) Kat:3, Licht: 0,159935,3,7,6,10,14,1,0,0,0,1,1,0,0,0
"POINT (8.467792816000042 49.491961481000033)",Unfall 159936 (2018) Kat:3, Licht: 2,159936,3,6,2,10,02,1,0,2,0,1,0,0,0,0
"POINT (8.466255388000036 49.510183224000059)",Unfall 159938 (2018) Kat:2, Licht: 0,159938,2,6,2,10,11,1,0,0,0,1,0,1,0,0
"POINT (8.503452962000040 49.468681519000029)",Unfall 160002 (2018) Kat:3, Licht: 0,160002,3,7,6,10,09,2,0,0,1,0,1,0,0,0
"POINT (8.465818135000063 49.492862581000054)",Unfall 160004 (2018) Kat:3, Licht: 0,160004,3,6,1,10,17,2,0,0,1,1,0,0,0,0
"POINT (8.455764078000073 49.487141886000074)",Unfall 160006 (2018) Kat:3, Licht: 0,160006,3,6,3,10,11,2,0,0,0,1,0,0,1,0
"POINT (8.477732052000022 49.461469796000074)",Unfall 160007 (2018) Kat:3, Licht: 0,160007,3,6,1,10,11,2,0,0,0,1,0,0,0,0
"POINT (8.470176263000042 49.470418155000061)",Unfall 160009 (2018) Kat:3, Licht: 0,160009,3,2,5,10,11,2,0,0,1,1,0,0,0,0
"POINT (8.455621753000060 49.502275839000049)",Unfall 160035 (2018) Kat:3, Licht: 2,160035,3,1,0,10,06,5,1,2,0,0,0,1,0,0
"POINT (8.518574295000065 49.514493222000056)",Unfall 160038 (2018) Kat:3, Licht: 1,160038,3,5,3,10,07,5,1,1,1,1,0,0,0,0
"POINT (8.487646735000055 49.494736139000054)",Unfall 160040 (2018) Kat:3, Licht: 0,160040,3,3,5,10,13,5,0,0,0,0,0,1,1,0
"POINT (8.498078621000047 49.497151245000055)",Unfall 160086 (2018) Kat:3, Licht: 0,160086,3,7,0,10,18,1,0,0,0,1,0,1,0,0
"POINT (8.501693853000063 49.499985779000042)",Unfall 160103 (2018) Kat:2, Licht: 0,160103,2,3,5,10,15,4,0,0,1,1,0,0,0,0
"POINT (8.487947783000038 49.527062401000080)",Unfall 160113 (2018) Kat:3, Licht: 0,160113,3,5,5,10,12,7,0,0,0,1,0,1,0,0
"POINT (8.459339820000025 49.492224560000068)",Unfall 160114 (2018) Kat:3, Licht: 2,160114,3,6,2,10,21,7,0,2,0,1,0,0,0,1
"POINT (8.463697790000026 49.485265721000076)",Unfall 160116 (2018) Kat:3, Licht: 0,160116,3,3,5,10,11,7,0,0,0,1,0,0,0,0
"POINT (8.486981278000030 49.477014473000054)",Unfall 160196 (2018) Kat:3, Licht: 0,160196,3,7,0,10,17,6,0,0,1,1,0,0,0,0
"POINT (8.475315497000054 49.498597397000026)",Unfall 160197 (2018) Kat:3, Licht: 0,160197,3,7,0,10,12,6,0,0,1,0,0,0,0,0
"POINT (8.471064900000044 49.505416040000057)",Unfall 160198 (2018) Kat:3, Licht: 0,160198,3,5,0,10,13,3,0,0,1,1,0,0,0,0
"POINT (8.465670257000056 49.493963883000049)",Unfall 160199 (2018) Kat:3, Licht: 2,160199,3,6,2,10,19,6,0,2,0,1,0,0,0,0
"POINT (8.472864704000074 49.481089342000075)",Unfall 160200 (2018) Kat:3, Licht: 0,160200,3,5,1,10,17,3,0,0,1,1,0,0,0,0
"POINT (8.472980434000021 49.492274026000075)",Unfall 160247 (2018) Kat:3, Licht: 2,160247,3,6,2,10,21,2,0,2,0,1,0,0,0,0
"POINT (8.482928544000060 49.523440211000036)",Unfall 160267 (2018) Kat:3, Licht: 0,160267,3,6,4,10,15,3,1,0,0,1,0,0,0,0
"POINT (8.476764476000028 49.508399550000036)",Unfall 160285 (2018) Kat:3, Licht: 2,160285,3,4,6,11,18,7,0,2,0,1,1,0,0,0
"POINT (8.465026936000072 49.488963982000030)",Unfall 160333 (2018) Kat:3, Licht: 2,160333,3,2,6,11,17,6,0,2,0,1,1,0,0,0
"POINT (8.505609413000059 49.455455072000063)",Unfall 160335 (2018) Kat:3, Licht: 0,160335,3,7,0,11,13,6,0,0,0,0,0,0,0,1
"POINT (8.531168266000066 49.447201223000036)",Unfall 160364 (2018) Kat:3, Licht: 0,160364,3,3,5,10,14,7,0,0,1,1,0,0,0,0
"POINT (8.466849357000058 49.488334720000069)",Unfall 160366 (2018) Kat:3, Licht: 2,160366,3,3,5,10,00,7,0,2,1,1,0,0,0,0
"POINT (8.447269432000041 49.548486555000068)",Unfall 160383 (2018) Kat:3, Licht: 0,160383,3,3,5,10,14,3,1,0,0,1,0,0,0,0
"POINT (8.473486742000034 49.483869981000055)",Unfall 160394 (2018) Kat:3, Licht: 2,160394,3,6,2,11,03,5,0,2,0,1,0,0,0,0
"POINT (8.451650175000054 49.543504828000039)",Unfall 160447 (2018) Kat:3, Licht: 0,160447,3,3,5,10,09,4,0,0,0,1,0,0,0,0
"POINT (8.477881235000041 49.486543183000038)",Unfall 160448 (2018) Kat:3, Licht: 2,160448,3,6,4,10,17,4,0,2,1,1,0,0,0,0
"POINT (8.478521974000046 49.480570841000031)",Unfall 160495 (2018) Kat:3, Licht: 0,160495,3,7,6,11,07,5,1,0,1,0,1,0,0,0
"POINT (8.501797816000021 49.489526449000039)",Unfall 160496 (2018) Kat:3, Licht: 0,160496,3,6,2,11,15,5,0,0,0,1,0,0,0,0
"POINT (8.514408397000068 49.450343215000032)",Unfall 160497 (2018) Kat:3, Licht: 0,160497,3,3,5,11,16,5,0,0,1,1,0,0,0,0
"POINT (8.483718532000069 49.497322144000066)",Unfall 160529 (2018) Kat:3, Licht: 2,160529,3,2,5,11,20,1,0,2,1,1,0,0,0,0
"POINT (8.483945622000022 49.498033813000063)",Unfall 160571 (2018) Kat:3, Licht: 0,160571,3,3,5,11,16,4,0,0,1,1,0,0,0,0
"POINT (8.487046865000025 49.463185401000032)",Unfall 160574 (2018) Kat:3, Licht: 2,160574,3,3,5,11,17,4,0,2,1,1,0,0,0,0
"POINT (8.470451414000024 49.508107824000035)",Unfall 160646 (2018) Kat:3, Licht: 2,160646,3,7,5,11,17,3,0,2,0,1,0,0,0,0
"POINT (8.520342869000046 49.494986497000070)",Unfall 160720 (2018) Kat:3, Licht: 2,160720,3,6,2,11,05,2,0,2,0,1,0,0,0,0
"POINT (8.470499202000042 49.492416154000068)",Unfall 160722 (2018) Kat:2, Licht: 0,160722,2,7,6,11,16,2,0,0,0,0,1,0,0,1
"POINT (8.474855952000041 49.516439967000053)",Unfall 160725 (2018) Kat:3, Licht: 1,160725,3,2,5,11,16,2,0,1,0,1,0,0,0,0
"POINT (8.563903585000048 49.455923441000039)",Unfall 160768 (2018) Kat:3, Licht: 2,160768,3,6,6,11,17,1,0,2,0,1,1,0,0,0
"POINT (8.497441539000022 49.518229886000029)",Unfall 160772 (2018) Kat:3, Licht: 1,160772,3,5,1,11,17,4,0,1,1,1,0,0,0,0
"POINT (8.453722644000038 49.499819970000033)",Unfall 160776 (2018) Kat:3, Licht: 0,160776,3,6,2,11,16,4,0,0,0,1,0,0,0,0
"POINT (8.499583648000055 49.495949598000038)",Unfall 160778 (2018) Kat:3, Licht: 0,160778,3,7,0,11,12,4,0,0,0,1,0,0,0,0
"POINT (8.482996673000059 49.481465643000035)",Unfall 160822 (2018) Kat:3, Licht: 2,160822,3,3,5,11,03,7,0,2,1,1,0,0,0,0
"POINT (8.482929919000071 49.483758280000075)",Unfall 160878 (2018) Kat:3, Licht: 0,160878,3,5,1,11,09,3,1,0,0,1,0,1,0,0
"POINT (8.454092155000069 49.550633081000058)",Unfall 160879 (2018) Kat:3, Licht: 0,160879,3,6,2,11,16,6,0,0,0,1,0,0,0,0
"POINT (8.470172812000044 49.493438201000060)",Unfall 160882 (2018) Kat:3, Licht: 2,160882,3,6,1,11,21,3,0,2,0,1,0,0,0,0
"POINT (8.491555792000042 49.497861237000052)",Unfall 160885 (2018) Kat:3, Licht: 2,160885,3,2,6,11,17,3,0,2,0,1,1,0,0,0
"POINT (8.477640730000076 49.496584394000081)",Unfall 160887 (2018) Kat:3, Licht: 0,160887,3,4,6,11,17,3,0,0,0,1,1,0,0,0
"POINT (8.503051569000036 49.444437168000036)",Unfall 160982 (2018) Kat:3, Licht: 2,160982,3,3,5,11,06,2,0,2,0,1,0,1,0,0
"POINT (8.474991075000048 49.490742074000082)",Unfall 160983 (2018) Kat:2, Licht: 2,160983,2,4,6,11,17,2,0,2,0,1,1,0,0,0
"POINT (8.460109647000024 49.505820672000027)",Unfall 161024 (2018) Kat:2, Licht: 1,161024,2,5,1,11,18,5,0,1,1,1,0,0,0,0
"POINT (8.519838646000039 49.465942490000032)",Unfall 161025 (2018) Kat:2, Licht: 2,161025,2,4,6,11,23,5,0,2,0,1,1,0,0,0
"POINT (8.480182800000023 49.471561132000033)",Unfall 161026 (2018) Kat:3, Licht: 2,161026,3,1,0,11,19,5,0,2,0,0,0,1,0,0
"POINT (8.502504203000058 49.458301063000079)",Unfall 161055 (2018) Kat:2, Licht: 1,161055,2,6,2,11,17,2,1,1,0,1,0,0,0,0
"POINT (8.463389907000021 49.490858961000072)",Unfall 161059 (2018) Kat:3, Licht: 2,161059,3,3,5,11,17,2,1,2,0,1,0,0,0,1
"POINT (8.470227157000068 49.503557291000050)",Unfall 161063 (2018) Kat:3, Licht: 2,161063,3,7,1,11,18,2,1,2,0,1,0,0,0,0
"POINT (8.463008384000034 49.518520875000036)",Unfall 161095 (2018) Kat:3, Licht: 0,161095,3,6,2,11,15,4,0,0,0,1,0,0,0,0
"POINT (8.565382285000055 49.465162310000039)",Unfall 161098 (2018) Kat:3, Licht: 0,161098,3,6,1,11,15,4,0,0,0,1,0,0,0,1
"POINT (8.470651385000053 49.485052206000034)",Unfall 161160 (2018) Kat:3, Licht: 0,161160,3,4,6,11,14,7,0,0,0,1,1,0,0,0
"POINT (8.519543309000028 49.516158827000027)",Unfall 161176 (2018) Kat:3, Licht: 0,161176,3,3,5,11,15,3,0,0,1,1,0,0,0,0
"POINT (8.463391842000021 49.489622644000065)",Unfall 161177 (2018) Kat:3, Licht: 1,161177,3,3,5,11,07,3,0,1,1,1,0,0,0,0
"POINT (8.484243615000025 49.499082188000045)",Unfall 161212 (2018) Kat:3, Licht: 0,161212,3,5,1,11,07,6,0,0,0,1,0,1,0,0
"POINT (8.505020240000022 49.514431084000080)",Unfall 161215 (2018) Kat:3, Licht: 0,161215,3,6,2,11,10,6,0,0,0,1,0,0,0,0
"POINT (8.467748106000045 49.490687676000050)",Unfall 161217 (2018) Kat:3, Licht: 0,161217,3,4,6,11,15,6,0,0,1,0,1,0,0,0
"POINT (8.464468844000066 49.531656447000046)",Unfall 161252 (2018) Kat:3, Licht: 1,161252,3,6,4,11,17,2,0,1,1,0,0,0,0,0
"POINT (8.461208154000076 49.488656208000066)",Unfall 161295 (2018) Kat:3, Licht: 0,161295,3,2,5,12,19,2,0,0,0,1,1,0,0,0
"POINT (8.454903518000037 49.540143444000080)",Unfall 161296 (2018) Kat:3, Licht: 2,161296,3,3,5,12,06,2,1,2,0,1,0,0,0,1
"POINT (8.493755323000073 49.511732583000025)",Unfall 161347 (2018) Kat:3, Licht: 0,161347,3,6,1,11,13,5,0,0,0,1,0,0,0,0
"POINT (8.495044801000063 49.453815999000028)",Unfall 161382 (2018) Kat:3, Licht: 2,161382,3,2,4,12,01,1,0,2,0,1,0,0,0,0
"POINT (8.457948132000070 49.498194256000033)",Unfall 161407 (2018) Kat:3, Licht: 0,161407,3,2,2,11,08,4,0,0,0,1,0,0,0,0
"POINT (8.450744370000052 49.539239536000082)",Unfall 161438 (2018) Kat:3, Licht: 0,161438,3,3,5,12,14,7,0,0,0,1,0,0,0,1
"POINT (8.470591845000058 49.493487730000027)",Unfall 161491 (2018) Kat:2, Licht: 2,161491,2,1,9,11,00,3,1,2,0,1,0,0,0,0
"POINT (8.470237421000036 49.502926913000067)",Unfall 161497 (2018) Kat:3, Licht: 1,161497,3,6,1,11,08,3,1,1,0,1,0,0,0,1
"POINT (8.487065393000023 49.484962917000075)",Unfall 161525 (2018) Kat:3, Licht: 1,161525,3,6,2,11,18,6,0,1,0,1,0,0,0,0
"POINT (8.473953824000034 49.518020322000041)",Unfall 161528 (2018) Kat:2, Licht: 0,161528,2,7,0,11,08,6,1,0,1,0,0,0,0,0
"POINT (8.470618489000060 49.490090346000045)",Unfall 161531 (2018) Kat:3, Licht: 0,161531,3,7,1,11,11,6,1,0,1,1,0,0,0,0
"POINT (8.471454186000074 49.486570765000067)",Unfall 161582 (2018) Kat:3, Licht: 0,161582,3,7,0,12,10,2,0,0,0,1,0,0,0,0
"POINT (8.502178865000076 49.462775446000080)",Unfall 161583 (2018) Kat:2, Licht: 2,161583,2,7,0,12,05,6,1,2,1,0,0,0,0,0
"POINT (8.466916901000047 49.488308843000027)",Unfall 161584 (2018) Kat:3, Licht: 2,161584,3,2,5,12,05,6,1,2,1,1,0,0,0,0
"POINT (8.480306642000073 49.487593831000027)",Unfall 161616 (2018) Kat:3, Licht: 0,161616,3,6,2,12,11,2,0,0,0,1,0,0,0,0
"POINT (8.484061531000066 49.480819133000068)",Unfall 161619 (2018) Kat:3, Licht: 2,161619,3,3,5,12,17,7,1,2,0,1,0,0,0,0
"POINT (8.487414235000074 49.459887079000055)",Unfall 161646 (2018) Kat:3, Licht: 0,161646,3,3,5,12,09,7,1,0,0,1,0,0,0,0
"POINT (8.468168875000060 49.497157341000047)",Unfall 161711 (2018) Kat:3, Licht: 2,161711,3,3,5,12,18,4,0,2,0,1,0,0,0,0
"POINT (8.464463145000025 49.488355906000038)",Unfall 161713 (2018) Kat:3, Licht: 2,161713,3,3,5,12,18,4,0,2,0,1,0,0,0,1
"POINT (8.448094682000033 49.542817856000056)",Unfall 161722 (2018) Kat:3, Licht: 0,161722,3,7,6,12,10,2,0,0,0,1,1,0,0,0
"POINT (8.479681971000048 49.482700034000061)",Unfall 161740 (2018) Kat:3, Licht: 0,161740,3,3,5,12,12,7,1,0,0,1,0,0,0,0
"POINT (8.468362855000066 49.546428417000072)",Unfall 161754 (2018) Kat:3, Licht: 2,161754,3,3,5,12,21,7,1,2,0,1,0,0,0,0
"POINT (8.497684516000049 49.502785944000038)",Unfall 161772 (2018) Kat:3, Licht: 0,161772,3,5,5,12,11,3,1,0,0,1,0,1,0,0
"POINT (8.469857842000067 49.472221665000063)",Unfall 161774 (2018) Kat:3, Licht: 0,161774,3,5,1,12,13,3,1,0,0,1,0,1,0,1
"POINT (8.476793518000022 49.503429629000038)",Unfall 161792 (2018) Kat:3, Licht: 2,161792,3,4,6,12,18,2,1,2,1,0,1,0,0,0
"POINT (8.473384572000043 49.483893923000039)",Unfall 161804 (2018) Kat:3, Licht: 2,161804,3,4,0,12,02,7,1,2,0,0,1,1,0,0
"POINT (8.471428509000020 49.500063260000047)",Unfall 161820 (2018) Kat:3, Licht: 2,161820,3,7,6,12,05,7,0,2,0,0,1,0,0,1
"POINT (8.489122853000026 49.456245567000053)",Unfall 161894 (2018) Kat:3, Licht: 0,161894,3,5,1,12,15,2,1,0,1,1,0,0,0,0
"POINT (8.479452550000076 49.508869082000047)",Unfall 161929 (2018) Kat:3, Licht: 0,161929,3,1,0,12,09,5,0,0,0,0,0,1,0,0
"POINT (8.470213561000037 49.493285665000030)",Unfall 161933 (2018) Kat:3, Licht: 2,161933,3,3,5,12,19,5,0,2,0,1,0,0,0,0
"POINT (8.503859853000051 49.502415803000076)",Unfall 161977 (2018) Kat:2, Licht: 2,161977,2,5,5,12,17,4,0,2,1,1,0,0,0,0
"POINT (8.454750017000038 49.526126698000041)",Unfall 162008 (2018) Kat:3, Licht: 2,162008,3,6,3,12,07,3,0,2,1,1,0,0,0,0
"POINT (8.477382521000038 49.480844257000058)",Unfall 162042 (2018) Kat:3, Licht: 0,162042,3,3,5,12,07,3,0,0,0,1,0,0,0,1
"POINT (8.492252514000029 49.478634191000026)",Unfall 162043 (2018) Kat:3, Licht: 0,162043,3,3,5,12,16,3,1,0,1,1,0,0,0,0
"POINT (8.471198521000076 49.488271267000073)",Unfall 162045 (2018) Kat:3, Licht: 0,162045,3,5,3,12,10,3,0,0,1,1,0,0,0,0
"POINT (8.457703449000064 49.514089392000074)",Unfall 162080 (2018) Kat:2, Licht: 2,162080,2,1,8,12,17,5,1,2,0,1,0,0,0,0
"POINT (8.492633677000072 49.521867534000080)",Unfall 162137 (2018) Kat:3, Licht: 0,162137,3,7,1,12,12,4,1,0,0,0,0,1,0,1
"POINT (8.478067561000046 49.490103308000073)",Unfall 162144 (2018) Kat:2, Licht: 1,162144,2,4,6,12,16,6,0,1,0,1,1,0,0,0
"POINT (8.457593150000037 49.548958345000074)",Unfall 162170 (2018) Kat:3, Licht: 0,162170,3,2,5,12,12,5,1,0,1,1,0,0,0,0
"POINT (8.579065633000027 49.439975998000079)",Unfall 162189 (2018) Kat:2, Licht: 0,162189,2,3,5,12,11,4,0,0,0,1,0,0,0,0