WKT,Name,OBJECTID,UKATEGORIE,UTYP1,UART,UMONAT,USTUNDE,UWOCHENTAG,STRZUSTAND,ULICHTVERH,ISTRAD,ISTPKW,ISTFUSS,ISTKRAD,ISTGKFZ,ISTSONSTIG
"POINT (8.469450777000077 49.466256978000047)",Unfall 176732 (2019) Kat:3, Licht: 0,176732,3,3,5,05,17,3,0,0,0,1,0,0,0,0
"POINT (8.480682487000024 49.475823945000059)",Unfall 176761 (2019) Kat:3, Licht: 2,176761,3,7,0,05,00,7,0,2,1,0,0,0,0,0
"POINT (8.572333030000038 49.437822173000029)",Unfall 176762 (2019) Kat:3, Licht: 0,176762,3,6,4,05,15,7,0,0,0,1,0,0,0,0
"POINT (8.481624156000066 49.479186571000071)",Unfall 176804 (2019) Kat:3, Licht: 0,176804,3,4,6,05,08,6,0,0,0,1,1,0,0,0
"POINT (8.549139709000031 49.496151191000081)",Unfall 176805 (2019) Kat:3, Licht: 0,176805,3,7,0,05,12,6,0,0,0,1,0,1,0,0
"POINT (8.465545562000045 49.485763924000025)",Unfall 176806 (2019) Kat:3, Licht: 0,176806,3,2,3,05,18,6,0,0,1,1,0,0,0,0
"POINT (8.471381736000069 49.481001313000036)",Unfall 176857 (2019) Kat:3, Licht: 0,176857,3,3,5,05,16,5,0,0,0,1,0,1,0,0
"POINT (8.464088647000040 49.475044428000047)",Unfall 176858 (2019) Kat:3, Licht: 0,176858,3,2,4,05,09,5,0,0,1,1,0,0,0,0
"POINT (8.473045353000032 49.472631897000042)",Unfall 176859 (2019) Kat:3, Licht: 0,176859,3,3,5,05,14,5,0,0,1,1,0,0,0,0
"POINT (8.509915654000054 49.506672145000039)",Unfall 176923 (2019) Kat:3, Licht: 0,176923,3,6,3,05,17,4,0,0,0,1,0,1,0,0
"POINT (8.516136558000028 49.514970018000042)",Unfall 176924 (2019) Kat:3, Licht: 0,176924,3,7,0,05,07,4,0,0,1,0,0,0,0,0
"POINT (8.465011941000057 49.488947803000030)",Unfall 176964 (2019) Kat:3, Licht: 0,176964,3,3,5,05,09,3,1,0,1,1,0,0,0,0
"POINT (8.476371263000033 49.465285161000054)",Unfall 177014 (2019) Kat:3, Licht: 0,177014,3,2,5,05,11,6,0,0,0,1,0,1,0,0
"POINT (8.546089545000029 49.489941529000077)",Unfall 177015 (2019) Kat:3, Licht: 0,177015,3,2,4,05,16,6,0,0,0,1,0,1,0,0
"POINT (8.511643068000069 49.452938294000035)",Unfall 177049 (2019) Kat:3, Licht: 1,177049,3,6,3,05,21,5,0,1,0,1,0,0,0,0
"POINT (8.476191899000071 49.481145649000041)",Unfall 177050 (2019) Kat:3, Licht: 0,177050,3,4,6,05,18,5,0,0,1,0,1,0,0,0
"POINT (8.463745058000029 49.503096996000068)",Unfall 177051 (2019) Kat:3, Licht: 2,177051,3,3,5,05,23,5,0,2,0,1,0,0,0,0
"POINT (8.488916566000057 49.475025533000064)",Unfall 177098 (2019) Kat:3, Licht: 0,177098,3,2,5,05,17,4,0,0,0,1,0,1,0,0
"POINT (8.467638363000049 49.489044836000062)",Unfall 177099 (2019) Kat:3, Licht: 0,177099,3,7,6,05,15,4,0,0,0,0,1,0,0,1
"POINT (8.516136261000042 49.462206283000057)",Unfall 177100 (2019) Kat:3, Licht: 0,177100,3,6,3,05,19,4,0,0,0,1,0,0,0,0
"POINT (8.470886153000038 49.508531045000041)",Unfall 177145 (2019) Kat:3, Licht: 0,177145,3,5,4,05,15,3,0,0,0,1,0,1,0,0
"POINT (8.510537231000058 49.527407793000066)",Unfall 177146 (2019) Kat:3, Licht: 0,177146,3,7,1,05,12,3,0,0,1,1,0,0,0,0
"POINT (8.497588015000076 49.525570846000051)",Unfall 177197 (2019) Kat:3, Licht: 0,177197,3,6,3,05,11,2,0,0,0,1,0,1,0,0
"POINT (8.489345818000061 49.456403446000081)",Unfall 177198 (2019) Kat:3, Licht: 0,177198,3,3,5,05,18,2,0,0,1,1,0,0,0,0
"POINT (8.539236501000062 49.484231582000064)",Unfall 177199 (2019) Kat:3, Licht: 0,177199,3,6,6,05,07,2,0,0,1,0,1,0,0,0
"POINT (8.464740373000041 49.493277928000055)",Unfall 177200 (2019) Kat:3, Licht: 0,177200,3,3,5,05,15,2,1,0,0,1,0,0,0,0
"POINT (8.508367314000054 49.513148986000033)",Unfall 177237 (2019) Kat:3, Licht: 0,177237,3,2,5,05,09,1,0,0,1,1,0,0,0,0
"POINT (8.490475861000050 49.530691204000050)",Unfall 177284 (2019) Kat:3, Licht: 0,177284,3,3,5,06,10,4,0,0,1,1,0,0,0,0
"POINT (8.482282325000028 49.478646179000066)",Unfall 177285 (2019) Kat:3, Licht: 0,177285,3,7,0,06,13,4,0,0,1,0,0,0,0,0
"POINT (8.511596356000041 49.502743340000052)",Unfall 177287 (2019) Kat:3, Licht: 0,177287,3,5,8,06,14,4,0,0,0,1,0,0,0,0
"POINT (8.492906543000061 49.481285351000054)",Unfall 177358 (2019) Kat:3, Licht: 0,177358,3,5,3,06,15,3,0,0,0,1,0,1,0,0
"POINT (8.513505099000042 49.517738365000071)",Unfall 177359 (2019) Kat:3, Licht: 0,177359,3,6,3,06,08,3,0,0,0,1,0,0,1,0
"POINT (8.464684237000029 49.491254717000061)",Unfall 177360 (2019) Kat:3, Licht: 0,177360,3,3,5,06,08,3,0,0,1,1,0,0,0,0
"POINT (8.531178736000072 49.510151793000034)",Unfall 177361 (2019) Kat:3, Licht: 0,177361,3,3,5,06,07,3,0,0,1,1,0,0,0,0
"POINT (8.470196659000067 49.504627231000029)",Unfall 177410 (2019) Kat:3, Licht: 0,177410,3,7,6,06,16,2,0,0,1,0,1,0,0,0
"POINT (8.486866335000059 49.465335818000028)",Unfall 177411 (2019) Kat:3, Licht: 0,177411,3,6,2,06,11,2,0,0,0,1,0,0,0,0
"POINT (8.504983930000037 49.504019675000052)",Unfall 177455 (2019) Kat:2, Licht: 0,177455,2,3,5,06,17,1,0,0,1,1,0,0,0,0
"POINT (8.469873180000036 49.482872421000081)",Unfall 177490 (2019) Kat:3, Licht: 0,177490,3,1,0,06,10,7,0,0,0,0,0,1,0,0
"POINT (8.518991068000048 49.495966689000056)",Unfall 177491 (2019) Kat:2, Licht: 0,177491,2,6,4,06,17,7,0,0,0,1,0,0,0,0
"POINT (8.468109328000026 49.491068978000044)",Unfall 177492 (2019) Kat:3, Licht: 0,177492,3,7,6,06,13,7,0,0,1,1,1,0,0,0
"POINT (8.507361731000060 49.498893227000053)",Unfall 177536 (2019) Kat:3, Licht: 0,177536,3,2,3,06,19,3,0,0,1,1,0,0,0,0
"POINT (8.473758658000065 49.515842650000081)",Unfall 177537 (2019) Kat:3, Licht: 0,177537,3,2,5,06,05,3,1,0,0,1,0,0,0,1
"POINT (8.507085234000044 49.518040941000038)",Unfall 177574 (2019) Kat:3, Licht: 0,177574,3,3,5,06,13,1,0,0,0,1,0,1,0,0
"POINT (8.532743383000025 49.506168892000062)",Unfall 177575 (2019) Kat:3, Licht: 0,177575,3,7,0,06,14,1,0,0,1,0,0,0,0,0
"POINT (8.472181703000047 49.469424343000071)",Unfall 177611 (2019) Kat:3, Licht: 0,177611,3,7,0,06,09,7,0,0,0,0,0,1,0,0
"POINT (8.474686073000044 49.490823900000066)",Unfall 177612 (2019) Kat:3, Licht: 0,177612,3,6,2,06,17,7,0,0,0,1,0,0,0,0
"POINT (8.473442444000057 49.539259981000043)",Unfall 177659 (2019) Kat:3, Licht: 2,177659,3,3,5,06,22,6,0,2,0,1,0,0,0,1
"POINT (8.475597097000048 49.479902941000034)",Unfall 177660 (2019) Kat:3, Licht: 0,177660,3,3,5,06,08,6,0,0,0,1,0,0,0,0
"POINT (8.471444730000030 49.503634656000031)",Unfall 177661 (2019) Kat:3, Licht: 0,177661,3,7,0,06,07,6,1,0,1,0,0,0,0,1
"POINT (8.465420228000028 49.500494783000079)",Unfall 177662 (2019) Kat:3, Licht: 0,177662,3,4,6,06,19,6,0,0,0,1,1,0,0,0
"POINT (8.467128270000046 49.456060255000068)",Unfall 177663 (2019) Kat:3, Licht: 0,177663,3,7,3,06,14,6,0,0,1,1,0,0,0,0
"POINT (8.498908672000027 49.453802162000045)",Unfall 177730 (2019) Kat:3, Licht: 1,177730,3,3,5,06,17,5,1,1,1,1,0,0,0,0
"POINT (8.494074016000070 49.498223088000032)",Unfall 177731 (2019) Kat:3, Licht: 0,177731,3,7,6,06,14,5,0,0,0,0,1,0,0,1
"POINT (8.489072123000028 49.462829161000059)",Unfall 177732 (2019) Kat:3, Licht: 0,177732,3,2,0,06,15,5,0,0,1,1,0,0,0,0
"POINT (8.494374476000075 49.450200444000075)",Unfall 177809 (2019) Kat:3, Licht: 0,177809,3,7,0,06,13,2,0,0,0,0,0,1,0,0
"POINT (8.467109747000052 49.485005220000062)",Unfall 177810 (2019) Kat:2, Licht: 0,177810,2,3,5,06,10,2,0,0,0,1,0,0,0,0
"POINT (8.484783692000065 49.461612476000028)",Unfall 177836 (2019) Kat:3, Licht: 0,177836,3,3,5,06,06,1,1,0,0,1,1,0,0,0
"POINT (8.474582722000037 49.474269461000063)",Unfall 177876 (2019) Kat:3, Licht: 0,177876,3,2,2,06,17,7,0,0,0,1,0,0,0,1
"POINT (8.554033167000057 49.520115014000055)",Unfall 177877 (2019) Kat:3, Licht: 0,177877,3,5,5,06,11,7,0,0,0,1,0,0,0,1
"POINT (8.490453640000055 49.453501228000050)",Unfall 177923 (2019) Kat:3, Licht: 0,177923,3,4,6,06,13,6,0,0,0,1,1,0,0,0
"POINT (8.511959324000031 49.523262489000047)",Unfall 177924 (2019) Kat:3, Licht: 0,177924,3,6,2,06,10,6,0,0,0,1,0,0,0,1
"POINT (8.474084377000054 49.481125199000076)",Unfall 177925 (2019) Kat:2, Licht: 0,177925,2,2,6,06,15,6,0,0,0,1,1,0,0,0
"POINT (8.476527596000040 49.465074017000063)",Unfall 177967 (2019) Kat:3, Licht: 0,177967,3,3,5,06,14,5,0,0,1,1,0,0,0,0
"POINT (8.449521712000035 49.555701670000076)",Unfall 177968 (2019) Kat:2, Licht: 1,177968,2,3,5,06,21,5,0,1,0,1,0,0,0,0
"POINT (8.486873165000077 49.511319723000042)",Unfall 177969 (2019) Kat:2, Licht: 0,177969,2,7,0,06,19,5,0,0,1,0,0,0,0,0
"POINT (8.484000496000022 49.481046332000062)",Unfall 178008 (2019) Kat:3, Licht: 0,178008,3,6,2,06,13,4,0,0,0,1,0,0,0,0
"POINT (8.511838905000047 49.523289245000058)",Unfall 178073 (2019) Kat:3, Licht: 2,178073,3,3,5,06,00,1,0,2,0,1,0,0,0,0
"POINT (8.478146238000022 49.483680420000042)",Unfall 178144 (2019) Kat:3, Licht: 0,178144,3,6,3,06,16,6,0,0,0,1,0,0,0,0
"POINT (8.529521705000036 49.418527055000027)",Unfall 178145 (2019) Kat:3, Licht: 0,178145,3,7,0,06,18,6,0,0,0,1,0,0,0,0
"POINT (8.465459956000075 49.490653416000043)",Unfall 178213 (2019) Kat:3, Licht: 0,178213,3,5,1,06,15,4,0,0,1,1,0,0,0,0
"POINT (8.494862356000056 49.470763129000034)",Unfall 178271 (2019) Kat:3, Licht: 0,178271,3,7,1,06,14,3,0,0,0,0,0,1,0,1
"POINT (8.474257190000060 49.508249533000026)",Unfall 178272 (2019) Kat:3, Licht: 0,178272,3,5,5,06,20,3,0,0,1,1,0,0,0,0
"POINT (8.480660409000052 49.499164871000062)",Unfall 178273 (2019) Kat:3, Licht: 0,178273,3,7,0,06,15,3,0,0,0,0,0,0,0,1
"POINT (8.562418889000071 49.451325328000053)",Unfall 178274 (2019) Kat:1, Licht: 0,178274,1,2,3,06,07,3,0,0,1,0,0,0,1,0
"POINT (8.512173652000058 49.511257856000043)",Unfall 178299 (2019) Kat:3, Licht: 0,178299,3,3,5,06,15,6,0,0,0,1,0,1,0,0
"POINT (8.474399233000042 49.484556210000051)",Unfall 178300 (2019) Kat:3, Licht: 0,178300,3,2,5,06,08,6,0,0,1,1,0,0,0,0
"POINT (8.473844565000036 49.491814559000034)",Unfall 178301 (2019) Kat:3, Licht: 0,178301,3,6,2,06,16,6,0,0,0,1,0,0,0,0
"POINT (8.534039089000032 49.473552630000029)",Unfall 178359 (2019) Kat:3, Licht: 0,178359,3,7,4,06,13,5,0,0,0,1,0,0,0,0
"POINT (8.464724481000076 49.487420288000067)",Unfall 178360 (2019) Kat:3, Licht: 0,178360,3,5,3,06,18,5,0,0,1,1,0,0,0,0
"POINT (8.478836884000032 49.481545160000053)",Unfall 178481 (2019) Kat:3, Licht: 0,178481,3,3,5,06,08,3,0,0,1,1,0,0,0,0
"POINT (8.471242467000025 49.510416408000026)",Unfall 178482 (2019) Kat:3, Licht: 0,178482,3,6,1,06,15,3,0,0,0,1,0,0,0,0
"POINT (8.512238185000058 49.507491843000025)",Unfall 178484 (2019) Kat:2, Licht: 0,178484,2,6,2,06,07,3,0,0,0,1,0,1,0,0
"POINT (8.488856126000030 49.462903824000080)",Unfall 178606 (2019) Kat:3, Licht: 0,178606,3,5,5,07,17,3,0,0,1,1,0,0,0,0
"POINT (8.507145688000037 49.517774318000079)",Unfall 178607 (2019) Kat:3, Licht: 0,178607,3,3,5,07,14,3,0,0,0,1,0,1,0,0
"POINT (8.475118744000042 49.496511240000075)",Unfall 178608 (2019) Kat:3, Licht: 0,178608,3,2,3,07,07,3,0,0,1,1,0,0,0,0
"POINT (8.447595819000071 49.543660550000027)",Unfall 178655 (2019) Kat:3, Licht: 0,178655,3,2,6,07,07,2,0,0,0,1,1,0,0,0
"POINT (8.491588386000046 49.474965918000066)",Unfall 178656 (2019) Kat:3, Licht: 0,178656,3,7,0,07,08,2,0,0,1,1,0,0,0,0
"POINT (8.469845404000068 49.496631913000044)",Unfall 178657 (2019) Kat:3, Licht: 0,178657,3,3,5,07,16,2,0,0,0,1,0,1,0,0
"POINT (8.463197904000026 49.493877217000033)",Unfall 178660 (2019) Kat:3, Licht: 0,178660,3,6,2,07,17,2,0,0,0,1,0,0,0,0
"POINT (8.475363768000022 49.448522611000044)",Unfall 178701 (2019) Kat:3, Licht: 2,178701,3,5,0,06,01,1,0,2,0,1,0,0,0,0
"POINT (8.469465266000043 49.484162724000043)",Unfall 178702 (2019) Kat:3, Licht: 2,178702,3,4,6,06,00,1,0,2,0,1,1,0,0,0
"POINT (8.492501451000067 49.469451547000062)",Unfall 178750 (2019) Kat:3, Licht: 2,178750,3,1,0,06,22,7,0,2,1,0,0,0,0,0
"POINT (8.492224271000055 49.458705934000079)",Unfall 178805 (2019) Kat:3, Licht: 0,178805,3,3,5,06,09,6,0,0,1,1,0,0,0,0
"POINT (8.496103327000071 49.514987067000050)",Unfall 178807 (2019) Kat:3, Licht: 0,178807,3,3,5,07,11,4,0,0,0,0,0,0,1,1
"POINT (8.492640405000032 49.507023607000065)",Unfall 178867 (2019) Kat:3, Licht: 0,178867,3,2,3,07,15,7,0,0,0,1,0,0,0,1
"POINT (8.460201573000063 49.519227784000066)",Unfall 178868 (2019) Kat:2, Licht: 0,178868,2,2,0,07,14,7,0,0,0,0,0,1,0,0
"POINT (8.453080807000049 49.528887641000040)",Unfall 178869 (2019) Kat:3, Licht: 0,178869,3,3,5,07,12,7,0,0,0,1,0,0,0,0
"POINT (8.480803571000024 49.509188627000071)",Unfall 178918 (2019) Kat:3, Licht: 2,178918,3,6,4,07,23,6,0,2,1,0,0,0,0,0
"POINT (8.468362887000069 49.546427436000045)",Unfall 178991 (2019) Kat:3, Licht: 0,178991,3,7,0,07,17,5,0,0,0,0,1,0,0,1
"POINT (8.527966752000054 49.416600857000049)",Unfall 178992 (2019) Kat:3, Licht: 0,178992,3,3,5,07,17,5,0,0,0,1,0,1,0,0
"POINT (8.457442604000050 49.545120902000065)",Unfall 179082 (2019) Kat:3, Licht: 0,179082,3,7,1,07,20,5,1,0,0,1,0,0,0,1
"POINT (8.480462234000072 49.531041126000048)",Unfall 179147 (2019) Kat:3, Licht: 1,179147,3,4,6,07,05,4,0,1,0,1,1,0,0,0
"POINT (8.498926290000043 49.453685812000060)",Unfall 179148 (2019) Kat:3, Licht: 0,179148,3,3,5,07,15,4,0,0,1,1,0,0,0,0
"POINT (8.536623406000047 49.507654697000078)",Unfall 179150 (2019) Kat:3, Licht: 0,179150,3,3,5,07,12,4,0,0,0,0,0,1,0,1
"POINT (8.479663467000023 49.482679824000058)",Unfall 179151 (2019) Kat:3, Licht: 0,179151,3,3,5,07,10,4,0,0,0,1,0,1,0,0
"POINT (8.558411181000054 49.499242099000071)",Unfall 179211 (2019) Kat:3, Licht: 0,179211,3,6,2,07,13,3,0,0,0,1,0,0,0,0
"POINT (8.516900393000071 49.515781221000054)",Unfall 179212 (2019) Kat:3, Licht: 0,179212,3,7,2,07,11,3,0,0,0,1,0,0,0,0
"POINT (8.541215124000075 49.501272425000082)",Unfall 179213 (2019) Kat:3, Licht: 0,179213,3,2,5,07,17,3,0,0,1,1,0,0,0,0
"POINT (8.512066615000038 49.507474479000052)",Unfall 179271 (2019) Kat:2, Licht: 2,179271,2,4,6,07,22,2,0,2,0,1,1,0,0,0
"POINT (8.474527455000043 49.508250409000027)",Unfall 179272 (2019) Kat:2, Licht: 0,179272,2,3,1,07,12,2,0,0,1,1,0,0,0,0
"POINT (8.490045564000070 49.478596636000077)",Unfall 179400 (2019) Kat:3, Licht: 0,179400,3,3,5,07,11,3,0,0,0,1,0,0,0,0
"POINT (8.454820057000063 49.525954108000064)",Unfall 179401 (2019) Kat:3, Licht: 0,179401,3,5,5,07,17,3,0,0,1,0,0,1,0,0
"POINT (8.469284036000033 49.493591346000073)",Unfall 179402 (2019) Kat:3, Licht: 0,179402,3,3,5,07,07,3,0,0,0,1,0,0,0,0
"POINT (8.489308226000048 49.453706201000045)",Unfall 179455 (2019) Kat:3, Licht: 0,179455,3,3,5,07,19,2,0,0,0,1,0,0,0,0
"POINT (8.473613213000022 49.484810048000043)",Unfall 179457 (2019) Kat:3, Licht: 0,179457,3,7,0,07,08,2,0,0,1,0,0,0,0,0
"POINT (8.528464372000030 49.507564491000039)",Unfall 179458 (2019) Kat:3, Licht: 2,179458,3,2,4,07,22,2,0,2,0,1,0,1,0,0
"POINT (8.503132077000032 49.503388359000041)",Unfall 179459 (2019) Kat:2, Licht: 0,179459,2,3,5,07,05,2,0,0,0,0,0,1,0,1
"POINT (8.470871331000069 49.501624452000044)",Unfall 179552 (2019) Kat:3, Licht: 0,179552,3,6,2,07,13,6,1,0,0,1,0,0,0,0
"POINT (8.464845370000035 49.488768086000050)",Unfall 179553 (2019) Kat:3, Licht: 0,179553,3,5,1,07,14,6,1,0,1,1,0,0,0,0
"POINT (8.491500460000054 49.496944143000064)",Unfall 179623 (2019) Kat:3, Licht: 1,179623,3,7,6,07,21,2,0,1,1,0,1,0,0,0
"POINT (8.472316557000056 49.504403845000070)",Unfall 179625 (2019) Kat:2, Licht: 0,179625,2,2,3,07,14,2,0,0,0,1,0,1,0,0
"POINT (8.478083751000042 49.460156952000034)",Unfall 179697 (2019) Kat:2, Licht: 0,179697,2,7,0,07,19,7,0,0,1,0,0,0,0,0
"POINT (8.535966358000053 49.420137715000067)",Unfall 179698 (2019) Kat:3, Licht: 0,179698,3,3,5,07,11,7,0,0,1,1,0,0,0,0
"POINT (8.478994193000062 49.459822166000038)",Unfall 179699 (2019) Kat:3, Licht: 0,179699,3,3,5,07,14,7,0,0,1,0,0,0,0,1
"POINT (8.467288251000070 49.490208556000027)",Unfall 179745 (2019) Kat:3, Licht: 0,179745,3,3,1,07,17,6,0,0,1,1,0,0,0,0
"POINT (8.499475439000037 49.474979884000049)",Unfall 179799 (2019) Kat:3, Licht: 0,179799,3,6,2,07,10,5,0,0,0,1,0,0,0,0
"POINT (8.484062070000050 49.468434388000048)",Unfall 179879 (2019) Kat:3, Licht: 0,179879,3,3,5,07,09,6,0,0,1,1,0,0,0,0
"POINT (8.524882698000056 49.449384558000077)",Unfall 179880 (2019) Kat:3, Licht: 0,179880,3,3,5,07,08,6,0,0,0,1,0,1,0,0
"POINT (8.466461872000025 49.486621971000034)",Unfall 179942 (2019) Kat:3, Licht: 0,179942,3,5,1,07,10,5,0,0,1,1,0,0,0,0
"POINT (8.487939787000073 49.502477303000035)",Unfall 179943 (2019) Kat:3, Licht: 0,179943,3,5,1,07,14,5,0,0,0,1,0,0,0,0
"POINT (8.509421250000059 49.446216009000068)",Unfall 179944 (2019) Kat:3, Licht: 0,179944,3,6,2,07,19,5,0,0,0,1,0,0,0,0
"POINT (8.481642553000029 49.526301701000079)",Unfall 180008 (2019) Kat:3, Licht: 1,180008,3,3,5,07,05,4,0,1,1,1,0,0,0,0
"POINT (8.499706998000022 49.530657335000058)",Unfall 180009 (2019) Kat:3, Licht: 1,180009,3,3,5,07,21,4,0,1,0,1,0,0,0,0
"POINT (8.476922278000075 49.503898019000076)",Unfall 180010 (2019) Kat:3, Licht: 0,180010,3,3,5,07,07,4,0,0,0,1,0,0,0,0
"POINT (8.477679323000075 49.514512362000062)",Unfall 180011 (2019) Kat:3, Licht: 0,180011,3,3,5,07,16,4,0,0,1,1,0,0,0,0
"POINT (8.498107041000026 49.513293221000026)",Unfall 180012 (2019) Kat:3, Licht: 0,180012,3,3,5,07,07,4,0,0,1,1,0,0,0,0
"POINT (8.541309556000044 49.498802936000061)",Unfall 180013 (2019) Kat:3, Licht: 0,180013,3,3,5,07,17,4,0,0,1,1,0,0,0,0
"POINT (8.512061180000046 49.485364550000043)",Unfall 180014 (2019) Kat:2, Licht: 0,180014,2,7,1,07,09,4,0,0,1,1,0,0,0,0
"POINT (8.478927274000057 49.491024587000027)",Unfall 180073 (2019) Kat:3, Licht: 0,180073,3,3,5,07,17,3,0,0,1,1,0,0,0,0
"POINT (8.535763124000027 49.422498303000054)",Unfall 180074 (2019) Kat:3, Licht: 0,180074,3,1,0,07,20,3,0,0,1,0,0,0,0,0
"POINT (8.521686406000072 49.515014279000070)",Unfall 180075 (2019) Kat:3, Licht: 0,180075,3,6,2,07,19,3,0,0,0,1,0,0,0,0
"POINT (8.469051608000029 49.481953741000041)",Unfall 180125 (2019) Kat:3, Licht: 0,180125,3,6,2,08,16,5,0,0,0,1,0,1,0,0
"POINT (8.476872219000029 49.484492867000029)",Unfall 180173 (2019) Kat:3, Licht: 0,180173,3,6,1,07,12,4,0,0,0,1,0,1,0,0
"POINT (8.505452206000030 49.493907901000057)",Unfall 180217 (2019) Kat:3, Licht: 0,180217,3,2,3,07,06,3,0,0,1,1,0,0,0,0
"POINT (8.463964758000032 49.491461657000059)",Unfall 180218 (2019) Kat:3, Licht: 2,180218,3,3,5,07,21,3,0,2,1,1,0,0,0,0
"POINT (8.465404813000021 49.486886951000031)",Unfall 180219 (2019) Kat:3, Licht: 0,180219,3,4,6,07,08,3,0,0,0,0,1,0,0,1
"POINT (8.511943967000036 49.523305093000033)",Unfall 180220 (2019) Kat:2, Licht: 1,180220,2,6,3,07,20,3,0,1,1,1,0,0,0,0
"POINT (8.450381766000021 49.539823379000040)",Unfall 180290 (2019) Kat:3, Licht: 0,180290,3,5,1,07,18,2,0,0,1,1,0,0,0,0
"POINT (8.488247107000063 49.478946126000039)",Unfall 180291 (2019) Kat:2, Licht: 0,180291,2,4,5,07,16,2,0,0,0,1,1,0,0,0
"POINT (8.461043654000036 49.519006469000033)",Unfall 180292 (2019) Kat:2, Licht: 0,180292,2,3,5,07,17,2,0,0,1,1,0,0,0,0
"POINT (8.501016281000034 49.514899939000031)",Unfall 180293 (2019) Kat:2, Licht: 0,180293,2,3,0,07,13,2,0,0,0,1,0,1,0,0
"POINT (8.488186241000051 49.500336431000051)",Unfall 180350 (2019) Kat:3, Licht: 2,180350,3,1,0,07,00,7,0,2,1,0,0,0,0,0
"POINT (8.581428376000076 49.438023394000027)",Unfall 180351 (2019) Kat:3, Licht: 0,180351,3,3,5,07,18,7,0,0,0,1,0,0,0,0
"POINT (8.470428612000035 49.502716242000076)",Unfall 180374 (2019) Kat:3, Licht: 0,180374,3,6,1,08,12,5,0,0,0,1,0,0,0,0
"POINT (8.509941354000034 49.445901747000050)",Unfall 180375 (2019) Kat:3, Licht: 0,180375,3,6,1,08,09,5,0,0,0,1,0,0,0,0
"POINT (8.466054351000025 49.546449144000064)",Unfall 180376 (2019) Kat:2, Licht: 0,180376,2,3,5,08,16,5,0,0,1,1,0,0,0,0
"POINT (8.469975452000028 49.505532394000056)",Unfall 180378 (2019) Kat:2, Licht: 0,180378,2,4,6,08,13,5,0,0,0,0,1,1,0,0
"POINT (8.511760077000076 49.447276769000041)",Unfall 180421 (2019) Kat:3, Licht: 0,180421,3,6,1,08,08,4,1,0,0,1,0,0,0,0
"POINT (8.559165883000048 49.459280676000049)",Unfall 180422 (2019) Kat:3, Licht: 0,180422,3,3,5,08,08,4,1,0,1,1,0,0,0,0
"POINT (8.509551696000074 49.506413503000033)",Unfall 180423 (2019) Kat:2, Licht: 0,180423,2,6,3,08,14,4,0,0,0,1,0,1,0,0
"POINT (8.523731165000072 49.432978543000047)",Unfall 180424 (2019) Kat:2, Licht: 2,180424,2,6,2,08,05,4,0,2,1,0,0,0,1,0
"POINT (8.467570243000068 49.486728115000062)",Unfall 180462 (2019) Kat:3, Licht: 0,180462,3,7,6,08,19,3,0,0,0,1,1,0,0,0
"POINT (8.492318812000065 49.518232568000030)",Unfall 180463 (2019) Kat:3, Licht: 0,180463,3,3,5,08,17,3,0,0,0,1,0,0,0,0
"POINT (8.471550926000020 49.493444143000033)",Unfall 180464 (2019) Kat:2, Licht: 2,180464,2,1,0,08,21,3,1,2,1,0,0,0,0,0
"POINT (8.487027716000057 49.498524284000041)",Unfall 180504 (2019) Kat:3, Licht: 0,180504,3,2,4,08,18,2,0,0,0,1,0,1,0,0
"POINT (8.504303253000046 49.493055639000033)",Unfall 180569 (2019) Kat:3, Licht: 0,180569,3,5,1,08,14,7,0,0,0,1,0,0,0,0
"POINT (8.533758303000070 49.486515443000030)",Unfall 180599 (2019) Kat:3, Licht: 0,180599,3,3,5,08,17,6,1,0,0,1,0,0,0,0
"POINT (8.463418351000030 49.489689883000040)",Unfall 180600 (2019) Kat:3, Licht: 0,180600,3,3,5,08,18,6,0,0,0,1,0,0,0,0
"POINT (8.506706818000055 49.509518704000072)",Unfall 180618 (2019) Kat:3, Licht: 0,180618,3,3,5,08,15,5,0,0,1,1,0,0,0,0
"POINT (8.475029789000075 49.496553501000051)",Unfall 180667 (2019) Kat:2, Licht: 0,180667,2,6,2,08,19,4,0,0,0,1,0,0,0,0
"POINT (8.467975153000054 49.490997778000064)",Unfall 180668 (2019) Kat:3, Licht: 2,180668,3,7,0,08,21,4,0,2,0,1,0,0,0,1
"POINT (8.481061258000068 49.475443335000080)",Unfall 180708 (2019) Kat:3, Licht: 0,180708,3,7,0,08,19,3,0,0,1,1,0,0,0,0
"POINT (8.531787453000050 49.488514157000054)",Unfall 180709 (2019) Kat:3, Licht: 0,180709,3,7,6,08,10,3,0,0,0,1,1,0,0,0
"POINT (8.544707317000075 49.489943937000078)",Unfall 180783 (2019) Kat:3, Licht: 0,180783,3,3,5,08,09,1,0,0,0,1,0,0,0,0