WKT,Name,OBJECTID,UKATEGORIE,UTYP1,UART,UMONAT,USTUNDE,UWOCHENTAG,STRZUSTAND,ULICHTVERH,ISTRAD,ISTPKW,ISTFUSS,ISTKRAD,ISTGKFZ,ISTSONSTIG
"POINT (8.467168277000042 49.552374600000064)",Unfall 180823 (2019) Kat:3, Licht: 0,180823,3,7,0,08,16,7,0,0,1,0,1,0,0,0
"POINT (8.475000112000032 49.464708235000046)",Unfall 180857 (2019) Kat:3, Licht: 0,180857,3,6,2,08,19,6,0,0,0,1,0,0,0,0
"POINT (8.506137638000041 49.507410864000065)",Unfall 180933 (2019) Kat:3, Licht: 0,180933,3,3,0,08,16,5,0,0,0,1,0,1,0,0
"POINT (8.469918454000037 49.489312036000058)",Unfall 180934 (2019) Kat:3, Licht: 0,180934,3,5,5,08,15,5,0,0,1,1,0,0,0,0
"POINT (8.474795441000026 49.483411163000028)",Unfall 180967 (2019) Kat:3, Licht: 0,180967,3,6,3,08,10,4,0,0,0,1,0,0,0,0
"POINT (8.493694555000047 49.457017224000026)",Unfall 180968 (2019) Kat:3, Licht: 0,180968,3,6,1,08,17,4,0,0,0,1,0,1,0,0
"POINT (8.513837914000021 49.450863681000044)",Unfall 180969 (2019) Kat:3, Licht: 0,180969,3,3,5,08,11,4,0,0,0,1,0,0,0,0
"POINT (8.462455056000067 49.500568684000029)",Unfall 180971 (2019) Kat:2, Licht: 0,180971,2,3,5,08,12,4,0,0,1,1,0,0,0,0
"POINT (8.487188326000023 49.479704363000053)",Unfall 181031 (2019) Kat:2, Licht: 0,181031,2,4,6,08,17,2,0,0,0,0,1,1,0,0
"POINT (8.523869639000054 49.471631736000063)",Unfall 181032 (2019) Kat:3, Licht: 0,181032,3,6,4,08,16,2,0,0,0,1,0,0,0,0
"POINT (8.474469904000046 49.482843773000070)",Unfall 181033 (2019) Kat:3, Licht: 0,181033,3,7,0,08,17,2,0,0,0,1,0,0,0,0
"POINT (8.500733880000041 49.514823470000067)",Unfall 181067 (2019) Kat:3, Licht: 0,181067,3,2,3,08,11,1,0,0,1,1,0,0,0,0
"POINT (8.457071145000043 49.545150682000042)",Unfall 181087 (2019) Kat:3, Licht: 0,181087,3,6,2,08,17,7,1,0,0,1,0,0,0,0
"POINT (8.479607871000042 49.458929787000045)",Unfall 181088 (2019) Kat:2, Licht: 0,181088,2,4,6,08,17,7,0,0,0,0,1,0,0,1
"POINT (8.471388135000041 49.464675259000046)",Unfall 181125 (2019) Kat:3, Licht: 0,181125,3,5,1,08,17,6,0,0,1,1,0,0,0,0
"POINT (8.474211491000062 49.546402313000044)",Unfall 181181 (2019) Kat:3, Licht: 0,181181,3,4,0,08,18,6,0,0,0,0,1,0,0,1
"POINT (8.451495629000021 49.540385481000044)",Unfall 181182 (2019) Kat:3, Licht: 2,181182,3,3,5,08,21,6,0,2,0,1,0,1,0,0
"POINT (8.511667103000036 49.477631439000049)",Unfall 181183 (2019) Kat:3, Licht: 0,181183,3,6,4,08,12,6,0,0,1,0,0,0,0,0
"POINT (8.470783951000044 49.508545866000077)",Unfall 181184 (2019) Kat:2, Licht: 0,181184,2,2,6,08,09,6,0,0,0,1,1,0,0,0
"POINT (8.476014706000058 49.496927351000068)",Unfall 181185 (2019) Kat:3, Licht: 0,181185,3,7,0,08,11,6,0,0,1,0,0,0,0,0
"POINT (8.467431696000062 49.466892909000080)",Unfall 181226 (2019) Kat:3, Licht: 0,181226,3,7,6,08,10,5,0,0,1,1,1,0,0,0
"POINT (8.454657717000032 49.487075700000048)",Unfall 181227 (2019) Kat:3, Licht: 0,181227,3,7,1,08,08,5,0,0,0,1,0,0,0,0
"POINT (8.472210870000026 49.480387598000050)",Unfall 181228 (2019) Kat:3, Licht: 0,181228,3,7,1,08,18,5,1,0,1,1,0,0,0,0
"POINT (8.488046793000024 49.479024264000032)",Unfall 181259 (2019) Kat:3, Licht: 0,181259,3,6,2,08,16,4,1,0,0,1,0,0,0,0
"POINT (8.497302310000066 49.450485602000072)",Unfall 181288 (2019) Kat:3, Licht: 0,181288,3,3,5,08,19,3,0,0,1,1,0,0,0,0
"POINT (8.517658192000056 49.510753758000078)",Unfall 181289 (2019) Kat:3, Licht: 0,181289,3,7,0,08,17,3,0,0,0,1,1,0,0,0
"POINT (8.506980032000058 49.505354229000034)",Unfall 181290 (2019) Kat:3, Licht: 0,181290,3,3,5,08,11,3,0,0,1,0,0,0,0,0
"POINT (8.472158268000044 49.485371145000045)",Unfall 181291 (2019) Kat:2, Licht: 0,181291,2,7,6,08,15,3,0,0,0,1,1,0,0,0
"POINT (8.477796337000029 49.482955053000069)",Unfall 181357 (2019) Kat:3, Licht: 2,181357,3,7,0,08,04,1,0,2,0,0,0,1,0,0
"POINT (8.478109476000043 49.483776194000029)",Unfall 181415 (2019) Kat:2, Licht: 0,181415,2,2,3,09,08,5,0,0,1,1,0,0,0,0
"POINT (8.456000616000040 49.551095326000052)",Unfall 181465 (2019) Kat:3, Licht: 0,181465,3,5,5,09,14,4,0,0,0,1,0,0,0,0
"POINT (8.556540156000040 49.515249549000032)",Unfall 181466 (2019) Kat:3, Licht: 0,181466,3,7,3,09,19,4,0,0,0,1,0,1,0,0
"POINT (8.466906664000021 49.488312765000046)",Unfall 181467 (2019) Kat:2, Licht: 0,181467,2,4,6,09,11,4,0,0,0,0,1,0,0,1
"POINT (8.480989220000026 49.542165754000052)",Unfall 181529 (2019) Kat:3, Licht: 1,181529,3,3,5,09,20,3,0,1,1,1,0,0,0,0
"POINT (8.479264985000043 49.459880485000042)",Unfall 181605 (2019) Kat:3, Licht: 0,181605,3,6,2,09,08,1,0,0,0,1,0,0,0,0
"POINT (8.467281015000026 49.479048565000028)",Unfall 181648 (2019) Kat:3, Licht: 0,181648,3,7,0,08,19,7,0,0,1,0,0,0,0,0
"POINT (8.470245379000062 49.493311991000041)",Unfall 181649 (2019) Kat:3, Licht: 1,181649,3,3,5,08,20,7,0,1,1,0,0,0,0,0
"POINT (8.463677978000021 49.485273695000046)",Unfall 181671 (2019) Kat:3, Licht: 0,181671,3,4,6,09,15,5,0,0,0,1,1,0,0,0
"POINT (8.471998389000021 49.469469900000036)",Unfall 181714 (2019) Kat:3, Licht: 0,181714,3,3,5,09,10,4,0,0,1,1,0,0,0,0
"POINT (8.472512667000046 49.463569016000065)",Unfall 181715 (2019) Kat:2, Licht: 0,181715,2,7,6,09,10,4,0,0,0,1,1,0,0,0
"POINT (8.490876069000024 49.460501075000082)",Unfall 181716 (2019) Kat:3, Licht: 0,181716,3,6,2,09,09,4,0,0,0,1,0,1,0,0
"POINT (8.456396751000057 49.488971229000072)",Unfall 181717 (2019) Kat:3, Licht: 0,181717,3,7,0,09,10,4,0,0,1,1,0,0,0,0
"POINT (8.472747937000065 49.497076848000063)",Unfall 181771 (2019) Kat:3, Licht: 0,181771,3,7,0,09,16,3,0,0,0,1,1,0,0,0
"POINT (8.473443466000049 49.491945061000081)",Unfall 181772 (2019) Kat:3, Licht: 0,181772,3,3,5,09,13,3,0,0,1,1,0,0,0,0
"POINT (8.512089809000031 49.522900493000066)",Unfall 181773 (2019) Kat:3, Licht: 0,181773,3,5,1,09,15,3,0,0,1,1,0,0,0,0
"POINT (8.485264763000032 49.530172145000051)",Unfall 181774 (2019) Kat:3, Licht: 0,181774,3,6,3,09,10,3,0,0,0,1,0,0,1,0
"POINT (8.482785165000053 49.513353419000055)",Unfall 181775 (2019) Kat:3, Licht: 0,181775,3,2,5,09,14,3,0,0,0,1,0,0,0,0
"POINT (8.494258866000052 49.507766452000055)",Unfall 181813 (2019) Kat:3, Licht: 0,181813,3,3,5,09,17,2,0,0,1,1,0,0,0,0
"POINT (8.471854459000042 49.482120872000053)",Unfall 181866 (2019) Kat:3, Licht: 2,181866,3,1,0,09,02,7,0,2,0,0,0,0,0,1
"POINT (8.476712157000065 49.497171501000025)",Unfall 181867 (2019) Kat:3, Licht: 2,181867,3,4,6,09,21,7,1,2,0,1,1,1,0,0
"POINT (8.569126013000073 49.460879824000074)",Unfall 181869 (2019) Kat:2, Licht: 0,181869,2,7,1,09,13,7,1,0,0,1,0,0,0,1
"POINT (8.467782564000061 49.486113007000029)",Unfall 181897 (2019) Kat:3, Licht: 0,181897,3,7,0,09,18,6,0,0,0,0,0,1,0,0
"POINT (8.546654946000047 49.514457062000076)",Unfall 181898 (2019) Kat:3, Licht: 0,181898,3,6,1,09,17,6,0,0,0,1,0,0,0,0
"POINT (8.478028743000039 49.499465335000082)",Unfall 181940 (2019) Kat:3, Licht: 0,181940,3,5,5,09,17,3,0,0,1,0,0,0,0,1
"POINT (8.486419959000045 49.496628179000027)",Unfall 181942 (2019) Kat:3, Licht: 0,181942,3,7,1,09,09,3,0,0,0,1,0,1,0,0
"POINT (8.469275531000051 49.493582011000058)",Unfall 181943 (2019) Kat:3, Licht: 0,181943,3,2,3,09,16,3,0,0,1,0,0,0,0,1
"POINT (8.492432957000062 49.481762101000072)",Unfall 181944 (2019) Kat:2, Licht: 0,181944,2,3,5,09,13,3,0,0,0,1,0,0,0,0
"POINT (8.481066461000069 49.547023010000032)",Unfall 182006 (2019) Kat:3, Licht: 0,182006,3,6,1,09,17,2,0,0,0,1,0,0,0,0
"POINT (8.447985734000042 49.542903632000048)",Unfall 182083 (2019) Kat:3, Licht: 0,182083,3,6,6,09,18,7,0,0,1,0,1,0,0,0
"POINT (8.456752309000024 49.516511906000062)",Unfall 182084 (2019) Kat:3, Licht: 0,182084,3,5,5,09,10,7,0,0,0,1,0,1,0,0
"POINT (8.471618798000066 49.492696667000075)",Unfall 182085 (2019) Kat:2, Licht: 0,182085,2,3,5,09,12,7,0,0,1,0,0,1,0,0
"POINT (8.467667878000043 49.499236259000043)",Unfall 182086 (2019) Kat:3, Licht: 2,182086,3,7,1,09,22,7,0,2,0,1,0,0,0,0
"POINT (8.474401071000045 49.480972728000040)",Unfall 182194 (2019) Kat:3, Licht: 2,182194,3,7,0,09,00,1,0,2,1,0,0,0,0,0
"POINT (8.480186218000029 49.509035462000043)",Unfall 182288 (2019) Kat:3, Licht: 0,182288,3,6,2,09,15,6,0,0,0,1,0,0,0,0
"POINT (8.471255649000057 49.510910706000061)",Unfall 182289 (2019) Kat:3, Licht: 0,182289,3,7,6,09,17,6,0,0,1,0,1,0,0,0
"POINT (8.525385640000025 49.492019912000046)",Unfall 182291 (2019) Kat:3, Licht: 0,182291,3,3,5,09,07,6,0,0,0,1,0,1,0,0
"POINT (8.470804114000032 49.492878435000080)",Unfall 182292 (2019) Kat:3, Licht: 0,182292,3,6,1,09,13,6,0,0,0,1,0,1,0,0
"POINT (8.498328280000067 49.450686252000025)",Unfall 182340 (2019) Kat:3, Licht: 0,182340,3,6,3,09,12,5,0,0,0,1,0,1,0,0
"POINT (8.472307143000023 49.469129048000070)",Unfall 182341 (2019) Kat:3, Licht: 0,182341,3,6,2,09,16,5,0,0,0,1,0,0,0,0
"POINT (8.478510590000042 49.460277708000035)",Unfall 182394 (2019) Kat:3, Licht: 0,182394,3,3,5,09,09,4,0,0,1,1,0,0,0,0
"POINT (8.520668514000022 49.447228576000043)",Unfall 182421 (2019) Kat:3, Licht: 0,182421,3,6,3,09,11,2,0,0,1,1,0,0,0,0
"POINT (8.501936511000054 49.503791140000033)",Unfall 182498 (2019) Kat:3, Licht: 2,182498,3,7,1,09,22,7,0,2,0,1,0,1,0,0
"POINT (8.510397489000070 49.446633398000074)",Unfall 182499 (2019) Kat:3, Licht: 0,182499,3,3,5,09,13,7,0,0,1,1,0,0,0,0
"POINT (8.502921037000021 49.475129078000066)",Unfall 182531 (2019) Kat:3, Licht: 0,182531,3,3,5,09,18,6,0,0,0,1,0,0,0,0
"POINT (8.467867278000028 49.491038574000072)",Unfall 182532 (2019) Kat:3, Licht: 0,182532,3,3,5,09,11,6,0,0,1,1,0,0,0,0
"POINT (8.482060767000064 49.453790065000078)",Unfall 182533 (2019) Kat:3, Licht: 0,182533,3,6,2,09,17,6,0,0,0,1,0,0,0,0
"POINT (8.456740432000061 49.492267141000070)",Unfall 182534 (2019) Kat:3, Licht: 0,182534,3,2,6,09,13,6,1,0,0,1,1,0,0,0
"POINT (8.569223563000037 49.442400339000073)",Unfall 182582 (2019) Kat:3, Licht: 1,182582,3,2,0,09,06,5,1,1,0,0,0,1,0,0
"POINT (8.490757549000023 49.460781342000075)",Unfall 182611 (2019) Kat:3, Licht: 1,182611,3,4,6,09,07,4,0,1,0,0,1,0,0,1
"POINT (8.523911229000021 49.421488033000060)",Unfall 182612 (2019) Kat:3, Licht: 0,182612,3,7,0,09,12,4,1,0,1,0,0,0,0,0
"POINT (8.481066461000069 49.547023010000032)",Unfall 182649 (2019) Kat:3, Licht: 0,182649,3,2,5,09,17,3,0,0,0,1,0,0,0,0
"POINT (8.506953424000074 49.464882111000065)",Unfall 182650 (2019) Kat:3, Licht: 0,182650,3,3,5,09,09,3,0,0,1,1,0,0,0,0
"POINT (8.514729854000052 49.514558970000053)",Unfall 182651 (2019) Kat:3, Licht: 0,182651,3,4,6,09,15,3,0,0,1,0,1,0,0,0
"POINT (8.481777395000052 49.487023669000052)",Unfall 182687 (2019) Kat:3, Licht: 0,182687,3,6,1,10,11,3,1,0,0,1,0,0,0,0
"POINT (8.462842544000068 49.485608304000039)",Unfall 182688 (2019) Kat:3, Licht: 2,182688,3,3,5,10,05,3,1,2,1,1,0,0,0,0
"POINT (8.457539311000062 49.549286237000047)",Unfall 182732 (2019) Kat:3, Licht: 1,182732,3,5,5,10,17,2,0,1,0,1,0,0,0,0
"POINT (8.469533729000034 49.472098360000075)",Unfall 182733 (2019) Kat:3, Licht: 0,182733,3,5,1,10,12,2,0,0,1,1,0,0,0,0
"POINT (8.508697621000067 49.513918069000056)",Unfall 182734 (2019) Kat:3, Licht: 0,182734,3,6,1,10,14,2,0,0,0,1,0,0,0,0
"POINT (8.548167905000071 49.499699570000075)",Unfall 182735 (2019) Kat:2, Licht: 0,182735,2,2,6,10,13,2,0,0,0,1,1,0,0,0
"POINT (8.492166814000029 49.506768233000059)",Unfall 182770 (2019) Kat:3, Licht: 2,182770,3,1,5,10,00,1,0,2,0,1,0,0,0,0
"POINT (8.465739628000051 49.488772243000028)",Unfall 182797 (2019) Kat:3, Licht: 1,182797,3,4,0,10,19,7,0,1,0,1,1,0,0,0
"POINT (8.472916079000072 49.495139954000081)",Unfall 182817 (2019) Kat:3, Licht: 0,182817,3,6,3,10,11,6,1,0,0,1,0,1,0,0
"POINT (8.484295985000074 49.480818187000068)",Unfall 182818 (2019) Kat:2, Licht: 2,182818,2,6,1,10,19,6,1,2,0,1,0,0,0,0
"POINT (8.466415654000059 49.487678859000027)",Unfall 182820 (2019) Kat:3, Licht: 2,182820,3,7,6,10,20,6,1,2,0,0,1,0,0,1
"POINT (8.579320905000031 49.431633304000059)",Unfall 182878 (2019) Kat:3, Licht: 0,182878,3,6,6,10,18,4,0,0,0,1,1,0,0,0
"POINT (8.482074840000053 49.478815190000034)",Unfall 182879 (2019) Kat:3, Licht: 0,182879,3,1,0,10,17,4,0,0,1,0,0,0,0,0
"POINT (8.476480917000060 49.474341286000026)",Unfall 182880 (2019) Kat:3, Licht: 0,182880,3,3,5,10,13,4,0,0,0,1,0,1,0,0
"POINT (8.519745309000030 49.516199673000074)",Unfall 182881 (2019) Kat:3, Licht: 0,182881,3,6,1,10,15,4,0,0,0,1,0,0,0,0
"POINT (8.492230253000059 49.458698544000072)",Unfall 182930 (2019) Kat:3, Licht: 0,182930,3,3,5,10,15,3,0,0,1,1,0,0,0,0
"POINT (8.462678369000059 49.490080454000065)",Unfall 183002 (2019) Kat:3, Licht: 0,183002,3,3,5,10,11,2,0,0,0,1,0,0,0,0
"POINT (8.467937299000028 49.529519189000041)",Unfall 183023 (2019) Kat:3, Licht: 0,183023,3,7,0,10,13,7,0,0,1,0,0,0,0,0
"POINT (8.472721184000022 49.536610119000045)",Unfall 183025 (2019) Kat:2, Licht: 0,183025,2,5,3,10,17,7,0,0,0,1,0,0,0,1
"POINT (8.493767248000040 49.511723227000061)",Unfall 183078 (2019) Kat:3, Licht: 2,183078,3,2,5,10,05,6,0,2,0,1,0,1,0,0
"POINT (8.538471622000031 49.482951831000037)",Unfall 183079 (2019) Kat:3, Licht: 0,183079,3,3,5,10,13,6,0,0,1,1,0,0,0,0
"POINT (8.470093694000070 49.493482708000045)",Unfall 183080 (2019) Kat:3, Licht: 2,183080,3,3,5,10,06,6,0,2,1,0,0,0,0,1
"POINT (8.472587780000026 49.499639730000069)",Unfall 183130 (2019) Kat:3, Licht: 2,183130,3,5,1,10,21,5,1,2,1,1,0,0,0,0
"POINT (8.468459407000069 49.475954624000053)",Unfall 183131 (2019) Kat:3, Licht: 1,183131,3,3,5,10,07,5,1,1,1,1,0,0,0,0
"POINT (8.482111712000062 49.481685659000050)",Unfall 183189 (2019) Kat:3, Licht: 2,183189,3,6,2,10,20,4,1,2,0,1,0,0,0,0
"POINT (8.493693424000071 49.511781140000039)",Unfall 183252 (2019) Kat:2, Licht: 2,183252,2,2,5,10,05,4,1,2,0,1,0,1,0,0
"POINT (8.469838981000066 49.505720496000038)",Unfall 183259 (2019) Kat:3, Licht: 0,183259,3,2,5,10,17,6,1,0,1,1,0,0,0,0
"POINT (8.467198075000056 49.470118350000064)",Unfall 183264 (2019) Kat:3, Licht: 0,183264,3,3,5,10,13,6,1,0,0,1,0,0,0,0
"POINT (8.462759298000037 49.499201269000082)",Unfall 183291 (2019) Kat:3, Licht: 2,183291,3,6,0,10,19,3,1,2,1,0,0,0,0,1
"POINT (8.492468370000040 49.452992252000058)",Unfall 183295 (2019) Kat:3, Licht: 0,183295,3,1,0,10,08,5,1,0,0,0,0,1,0,0
"POINT (8.468900193000025 49.491938287000039)",Unfall 183308 (2019) Kat:3, Licht: 0,183308,3,2,3,10,09,4,0,0,1,1,0,0,0,0
"POINT (8.467091105000066 49.487408037000080)",Unfall 183350 (2019) Kat:3, Licht: 2,183350,3,7,6,10,22,5,1,2,0,1,1,0,0,0
"POINT (8.465988218000064 49.486805264000054)",Unfall 183373 (2019) Kat:3, Licht: 0,183373,3,4,6,10,15,6,0,0,0,1,1,0,0,0
"POINT (8.448891046000028 49.505555938000043)",Unfall 183392 (2019) Kat:3, Licht: 0,183392,3,6,4,10,17,5,1,0,0,1,0,0,0,0
"POINT (8.463923074000036 49.488647205000063)",Unfall 183406 (2019) Kat:3, Licht: 0,183406,3,7,4,10,12,3,0,0,0,1,0,0,0,0
"POINT (8.527919915000041 49.514191388000029)",Unfall 183422 (2019) Kat:3, Licht: 0,183422,3,6,6,10,08,4,0,0,1,0,1,0,0,0
"POINT (8.538247251000030 49.455476900000065)",Unfall 183432 (2019) Kat:3, Licht: 2,183432,3,6,2,10,20,6,0,2,1,1,0,0,0,0
"POINT (8.506416575000060 49.508565738000073)",Unfall 183462 (2019) Kat:3, Licht: 0,183462,3,3,5,10,10,5,0,0,1,1,0,0,0,0
"POINT (8.494804920000036 49.453758273000062)",Unfall 183484 (2019) Kat:2, Licht: 0,183484,2,3,1,10,12,6,0,0,1,0,0,0,0,0
"POINT (8.456858098000055 49.490468644000032)",Unfall 183534 (2019) Kat:3, Licht: 0,183534,3,6,1,10,11,6,0,0,0,1,0,0,0,1
"POINT (8.454344660000061 49.495740170000033)",Unfall 183535 (2019) Kat:3, Licht: 0,183535,3,6,2,10,13,6,0,0,0,0,0,0,1,1
"POINT (8.564339914000072 49.466312630000061)",Unfall 183568 (2019) Kat:3, Licht: 0,183568,3,6,2,10,14,5,0,0,0,1,0,0,0,0
"POINT (8.489888388000054 49.474682019000056)",Unfall 183603 (2019) Kat:3, Licht: 0,183603,3,5,1,10,08,4,0,0,1,1,0,0,0,0
"POINT (8.485114361000058 49.524308501000064)",Unfall 183651 (2019) Kat:3, Licht: 0,183651,3,5,1,10,10,3,0,0,1,1,0,0,0,0
"POINT (8.471225768000068 49.500165208000055)",Unfall 183652 (2019) Kat:3, Licht: 0,183652,3,2,3,10,08,3,0,0,1,0,0,0,0,1
"POINT (8.524347798000065 49.440172677000078)",Unfall 183653 (2019) Kat:2, Licht: 0,183653,2,2,5,10,10,3,0,0,1,1,0,0,0,0
"POINT (8.453082739000024 49.510850479000055)",Unfall 183654 (2019) Kat:2, Licht: 0,183654,2,1,0,10,13,3,0,0,0,0,0,1,0,0
"POINT (8.471492787000045 49.487536560000080)",Unfall 183696 (2019) Kat:3, Licht: 1,183696,3,3,5,10,18,3,0,1,0,1,0,0,0,0
"POINT (8.474814643000059 49.483403480000050)",Unfall 183722 (2019) Kat:3, Licht: 0,183722,3,7,0,10,15,2,0,0,0,0,0,1,0,0
"POINT (8.471161472000063 49.474032098000066)",Unfall 183723 (2019) Kat:3, Licht: 0,183723,3,3,5,10,11,2,0,0,1,1,0,0,0,0
"POINT (8.462692050000044 49.493913474000067)",Unfall 183724 (2019) Kat:3, Licht: 0,183724,3,6,1,10,15,2,0,0,0,1,0,0,0,0
"POINT (8.465934141000048 49.491169067000044)",Unfall 183726 (2019) Kat:3, Licht: 2,183726,3,5,1,10,20,2,0,2,0,1,0,0,0,0
"POINT (8.470610597000075 49.500934186000052)",Unfall 183742 (2019) Kat:3, Licht: 0,183742,3,4,6,11,11,7,0,0,0,1,1,0,0,0
"POINT (8.455185710000023 49.524146190000067)",Unfall 183752 (2019) Kat:3, Licht: 0,183752,3,1,4,11,13,7,1,0,0,1,0,0,0,0
"POINT (8.461467214000038 49.482739274000039)",Unfall 183764 (2019) Kat:2, Licht: 0,183764,2,4,6,11,15,7,0,0,0,0,1,0,0,1
"POINT (8.471559469000056 49.493670423000026)",Unfall 183783 (2019) Kat:3, Licht: 2,183783,3,7,9,11,23,6,1,2,0,1,0,0,0,1
"POINT (8.462277301000029 49.492193111000063)",Unfall 183803 (2019) Kat:2, Licht: 1,183803,2,6,2,10,17,5,0,1,0,1,0,1,0,0
"POINT (8.469397944000036 49.487358574000041)",Unfall 183804 (2019) Kat:2, Licht: 0,183804,2,1,0,10,11,5,0,0,1,0,0,0,0,0
"POINT (8.494524129000070 49.454971016000059)",Unfall 183842 (2019) Kat:3, Licht: 0,183842,3,3,5,10,13,4,0,0,0,1,0,1,0,0
"POINT (8.513112184000022 49.478436388000034)",Unfall 183881 (2019) Kat:3, Licht: 2,183881,3,3,5,10,18,3,0,2,0,1,0,1,0,0
"POINT (8.456936819000021 49.493308107000075)",Unfall 183882 (2019) Kat:3, Licht: 0,183882,3,2,3,10,15,3,0,0,0,1,0,1,0,0
"POINT (8.496292804000063 49.502080592000027)",Unfall 183917 (2019) Kat:3, Licht: 2,183917,3,1,0,10,18,2,0,2,0,0,0,1,0,0
"POINT (8.463767446000077 49.485136710000063)",Unfall 183918 (2019) Kat:3, Licht: 1,183918,3,4,6,10,18,2,0,1,0,1,1,0,0,0
"POINT (8.467400857000030 49.490326475000074)",Unfall 183919 (2019) Kat:3, Licht: 0,183919,3,5,1,10,15,2,0,0,1,1,0,0,0,0
"POINT (8.495981825000058 49.499252006000063)",Unfall 183949 (2019) Kat:3, Licht: 0,183949,3,2,5,10,14,1,0,0,1,1,0,0,0,0
"POINT (8.458151647000022 49.504386379000039)",Unfall 183986 (2019) Kat:2, Licht: 0,183986,2,2,4,10,13,7,0,0,0,1,0,0,0,0
"POINT (8.513850845000036 49.450865542000031)",Unfall 183998 (2019) Kat:3, Licht: 0,183998,3,3,5,11,15,7,0,0,0,1,0,0,0,1
"POINT (8.506712315000073 49.514166204000048)",Unfall 184036 (2019) Kat:3, Licht: 2,184036,3,7,4,11,17,6,1,2,0,1,0,0,0,0
"POINT (8.469775229000049 49.471465167000076)",Unfall 184037 (2019) Kat:3, Licht: 0,184037,3,6,3,11,15,6,1,0,1,0,0,0,0,0
"POINT (8.539924219000056 49.463749108000059)",Unfall 184070 (2019) Kat:3, Licht: 0,184070,3,6,3,11,10,5,1,0,0,1,0,0,0,1
"POINT (8.479090749000022 49.490970496000045)",Unfall 184076 (2019) Kat:3, Licht: 0,184076,3,6,1,11,12,5,1,0,0,1,0,0,0,0
"POINT (8.511112807000075 49.518557276000081)",Unfall 184077 (2019) Kat:3, Licht: 2,184077,3,6,1,11,18,5,1,2,0,1,0,0,0,0
"POINT (8.470061111000064 49.493159527000046)",Unfall 184078 (2019) Kat:3, Licht: 2,184078,3,7,0,11,19,5,0,2,1,0,0,0,0,0
"POINT (8.485249475000046 49.476681495000037)",Unfall 184080 (2019) Kat:3, Licht: 0,184080,3,4,6,11,08,5,0,0,0,0,1,0,0,1
"POINT (8.493136380000067 49.499527189000048)",Unfall 184081 (2019) Kat:3, Licht: 1,184081,3,3,5,11,06,5,0,1,0,1,0,1,0,0
"POINT (8.459916717000056 49.518583841000066)",Unfall 184116 (2019) Kat:3, Licht: 0,184116,3,7,0,11,11,4,0,0,1,0,0,0,0,0
"POINT (8.456743063000033 49.492281078000076)",Unfall 184117 (2019) Kat:3, Licht: 0,184117,3,2,5,11,07,4,1,0,0,1,0,1,0,0
"POINT (8.474514755000030 49.484484471000030)",Unfall 184118 (2019) Kat:3, Licht: 2,184118,3,6,3,11,18,4,0,2,1,1,0,0,0,0
"POINT (8.482207835000054 49.523489120000079)",Unfall 184164 (2019) Kat:3, Licht: 2,184164,3,7,0,11,06,3,1,2,0,0,0,1,0,1
"POINT (8.476024965000022 49.473536233000061)",Unfall 184165 (2019) Kat:3, Licht: 1,184165,3,2,5,11,17,3,0,1,0,1,0,0,0,0
"POINT (8.479547910000065 49.455237243000056)",Unfall 184166 (2019) Kat:3, Licht: 0,184166,3,7,6,11,15,3,0,0,0,1,1,0,0,0
"POINT (8.457967383000039 49.498221616000080)",Unfall 184167 (2019) Kat:3, Licht: 0,184167,3,3,5,11,16,3,0,0,0,1,0,1,0,0
"POINT (8.491109309000024 49.476926426000034)",Unfall 184211 (2019) Kat:3, Licht: 0,184211,3,2,5,11,10,2,1,0,0,1,0,0,0,0
"POINT (8.481075580000038 49.456817871000055)",Unfall 184212 (2019) Kat:2, Licht: 0,184212,2,3,5,11,10,2,1,0,1,1,0,0,0,0
"POINT (8.508448783000063 49.513340098000072)",Unfall 184213 (2019) Kat:3, Licht: 0,184213,3,6,2,11,14,2,1,0,0,1,0,1,0,0
"POINT (8.571076265000045 49.442518775000053)",Unfall 184247 (2019) Kat:3, Licht: 1,184247,3,6,2,11,17,1,1,1,0,1,0,0,0,0
"POINT (8.579359728000043 49.439987655000039)",Unfall 184248 (2019) Kat:3, Licht: 0,184248,3,3,5,11,08,1,1,0,0,1,0,0,0,0
"POINT (8.507158830000037 49.517785187000072)",Unfall 184249 (2019) Kat:2, Licht: 0,184249,2,3,2,11,10,1,0,0,0,1,0,1,0,0
"POINT (8.466854411000043 49.499540391000039)",Unfall 184258 (2019) Kat:3, Licht: 2,184258,3,2,6,11,02,1,0,2,0,1,1,0,0,0
"POINT (8.524925379000024 49.520464435000065)",Unfall 184259 (2019) Kat:3, Licht: 2,184259,3,7,8,11,05,1,0,2,0,1,0,0,0,0
"POINT (8.480512622000049 49.489872781000031)",Unfall 184319 (2019) Kat:3, Licht: 0,184319,3,6,2,11,09,6,1,0,0,1,0,1,0,0