WKT,Name,OBJECTID,UKATEGORIE,UTYP1,UART,UMONAT,USTUNDE,UWOCHENTAG,STRZUSTAND,ULICHTVERH,ISTRAD,ISTPKW,ISTFUSS,ISTKRAD,ISTGKFZ,ISTSONSTIG
"POINT (8.476309795000077 49.503919962000055)",Unfall 184353 (2019) Kat:2, Licht: 0,184353,2,4,6,11,10,5,0,0,0,1,1,0,0,0
"POINT (8.475663445000066 49.473556915000074)",Unfall 184389 (2019) Kat:3, Licht: 0,184389,3,2,4,11,14,4,0,0,1,1,0,0,0,0
"POINT (8.509502585000064 49.445920327000067)",Unfall 184390 (2019) Kat:3, Licht: 0,184390,3,3,5,11,08,4,1,0,0,1,0,0,0,0
"POINT (8.487491153000065 49.464577815000041)",Unfall 184391 (2019) Kat:3, Licht: 2,184391,3,5,5,11,06,4,0,2,1,1,0,0,0,0
"POINT (8.469675491000032 49.482948953000061)",Unfall 184392 (2019) Kat:3, Licht: 0,184392,3,7,0,11,08,4,0,0,0,0,1,0,0,1
"POINT (8.453211514000032 49.543826086000081)",Unfall 184433 (2019) Kat:3, Licht: 2,184433,3,6,2,11,17,3,1,2,0,1,0,0,0,0
"POINT (8.507192269000029 49.505159463000041)",Unfall 184434 (2019) Kat:3, Licht: 0,184434,3,2,6,11,07,3,0,0,0,1,1,0,0,0
"POINT (8.453495823000026 49.536050467000052)",Unfall 184463 (2019) Kat:3, Licht: 2,184463,3,2,2,11,06,2,1,2,1,1,0,0,0,0
"POINT (8.464588665000065 49.489227126000060)",Unfall 184484 (2019) Kat:3, Licht: 0,184484,3,7,3,11,13,1,0,0,1,1,0,0,0,1
"POINT (8.500164973000040 49.501532973000053)",Unfall 184516 (2019) Kat:3, Licht: 0,184516,3,6,2,11,13,3,1,0,0,1,0,0,0,0
"POINT (8.454573219000054 49.499552453000035)",Unfall 184545 (2019) Kat:3, Licht: 1,184545,3,2,5,11,16,2,1,1,0,1,0,0,0,0
"POINT (8.500799711000070 49.505148619000067)",Unfall 184580 (2019) Kat:3, Licht: 2,184580,3,1,8,11,00,7,0,2,0,1,0,0,0,0
"POINT (8.499863828000059 49.501370931000054)",Unfall 184642 (2019) Kat:3, Licht: 2,184642,3,6,2,11,17,5,0,2,0,1,0,0,0,0
"POINT (8.490689121000060 49.522277712000061)",Unfall 184674 (2019) Kat:3, Licht: 0,184674,3,3,5,11,14,4,0,0,1,1,0,0,0,0
"POINT (8.469856462000053 49.493562891000067)",Unfall 184675 (2019) Kat:3, Licht: 0,184675,3,6,3,11,08,4,0,0,0,0,0,1,0,1
"POINT (8.488788719000070 49.528763817000026)",Unfall 184718 (2019) Kat:3, Licht: 2,184718,3,4,6,11,19,3,0,2,0,1,1,0,0,0
"POINT (8.477620942000044 49.484305485000050)",Unfall 184719 (2019) Kat:3, Licht: 2,184719,3,3,5,11,06,3,0,2,1,1,0,0,0,0
"POINT (8.519616166000049 49.421432464000077)",Unfall 184720 (2019) Kat:3, Licht: 1,184720,3,3,5,11,17,3,0,1,0,0,0,0,1,0
"POINT (8.481608193000056 49.531634101000066)",Unfall 184721 (2019) Kat:3, Licht: 0,184721,3,6,2,11,14,3,0,0,0,1,0,0,0,0
"POINT (8.471456421000028 49.493308128000081)",Unfall 184765 (2019) Kat:3, Licht: 0,184765,3,3,5,11,14,2,0,0,0,1,0,0,0,1
"POINT (8.528392905000032 49.507507012000076)",Unfall 184766 (2019) Kat:3, Licht: 2,184766,3,6,1,11,18,2,0,2,0,1,0,0,0,0
"POINT (8.509860130000050 49.517008602000033)",Unfall 184767 (2019) Kat:2, Licht: 0,184767,2,7,8,11,07,2,0,0,0,1,0,0,0,1
"POINT (8.481685315000050 49.455858481000064)",Unfall 184768 (2019) Kat:1, Licht: 0,184768,1,3,5,11,13,2,0,0,1,0,0,0,0,1
"POINT (8.534057879000045 49.473633028000052)",Unfall 184804 (2019) Kat:3, Licht: 0,184804,3,3,5,12,10,3,0,0,0,1,0,1,0,0
"POINT (8.524364246000062 49.439999911000029)",Unfall 184805 (2019) Kat:3, Licht: 2,184805,3,3,5,12,06,3,1,2,0,1,0,0,0,0
"POINT (8.500241605000042 49.530300126000043)",Unfall 184807 (2019) Kat:2, Licht: 0,184807,2,4,0,12,15,3,0,0,0,1,1,0,0,0
"POINT (8.507221710000067 49.505254123000043)",Unfall 184808 (2019) Kat:3, Licht: 1,184808,3,4,0,12,07,3,1,1,0,0,1,0,0,1
"POINT (8.480739374000052 49.489292398000032)",Unfall 184847 (2019) Kat:2, Licht: 2,184847,2,1,8,12,23,2,1,2,0,0,0,1,0,0
"POINT (8.492996796000057 49.499453633000030)",Unfall 184848 (2019) Kat:3, Licht: 2,184848,3,3,5,12,06,2,0,2,0,1,0,0,0,1
"POINT (8.459475347000023 49.492350030000068)",Unfall 184849 (2019) Kat:3, Licht: 2,184849,3,6,1,12,21,2,1,2,0,1,0,0,0,0
"POINT (8.463682483000071 49.485271882000063)",Unfall 184850 (2019) Kat:2, Licht: 2,184850,2,3,5,12,17,2,0,2,0,1,1,0,0,1
"POINT (8.494096926000054 49.453650049000032)",Unfall 184870 (2019) Kat:3, Licht: 2,184870,3,6,2,12,18,1,0,2,0,1,0,0,0,0
"POINT (8.478514657000062 49.460278597000070)",Unfall 184871 (2019) Kat:3, Licht: 0,184871,3,3,5,12,10,1,0,0,1,1,0,0,0,0
"POINT (8.495685856000023 49.533374681000055)",Unfall 184920 (2019) Kat:3, Licht: 0,184920,3,1,0,11,09,6,1,0,1,0,0,0,0,0
"POINT (8.475299650000068 49.546809614000040)",Unfall 184921 (2019) Kat:3, Licht: 0,184921,3,3,5,11,11,6,0,0,1,1,0,0,0,0
"POINT (8.471731678000026 49.483296737000046)",Unfall 184922 (2019) Kat:3, Licht: 0,184922,3,7,6,11,16,6,0,0,0,1,1,0,0,0
"POINT (8.504877457000021 49.457120622000048)",Unfall 184923 (2019) Kat:3, Licht: 0,184923,3,7,0,11,15,6,0,0,0,1,0,0,0,0
"POINT (8.484168988000022 49.498824023000054)",Unfall 184924 (2019) Kat:3, Licht: 2,184924,3,3,5,11,22,6,0,2,0,1,0,0,0,0
"POINT (8.477629941000032 49.478322661000050)",Unfall 184925 (2019) Kat:3, Licht: 2,184925,3,1,0,11,19,6,1,2,1,1,0,0,0,0
"POINT (8.495107528000062 49.453509369000074)",Unfall 184926 (2019) Kat:3, Licht: 0,184926,3,6,2,11,13,6,1,0,0,1,0,0,0,1
"POINT (8.507115687000066 49.505187386000046)",Unfall 184927 (2019) Kat:3, Licht: 2,184927,3,2,4,11,06,6,1,2,0,1,0,0,0,1
"POINT (8.473689491000073 49.483825198000034)",Unfall 184968 (2019) Kat:3, Licht: 2,184968,3,4,6,11,17,5,0,2,0,1,1,0,0,0
"POINT (8.507394574000045 49.441784008000070)",Unfall 184969 (2019) Kat:3, Licht: 0,184969,3,3,5,11,15,5,0,0,1,0,0,0,1,0
"POINT (8.514040571000066 49.509014064000041)",Unfall 184970 (2019) Kat:3, Licht: 0,184970,3,7,6,11,14,5,0,0,0,1,1,0,0,0
"POINT (8.482067179000069 49.480347932000029)",Unfall 185009 (2019) Kat:3, Licht: 1,185009,3,3,5,11,16,4,1,1,1,1,0,0,0,0
"POINT (8.497362172000067 49.497715142000061)",Unfall 185010 (2019) Kat:3, Licht: 0,185010,3,2,4,11,13,4,0,0,0,1,0,0,0,0
"POINT (8.510403920000044 49.446630174000063)",Unfall 185011 (2019) Kat:3, Licht: 2,185011,3,3,5,11,17,4,1,2,0,1,0,0,0,0
"POINT (8.511133554000026 49.455790156000035)",Unfall 185012 (2019) Kat:3, Licht: 0,185012,3,6,3,11,07,4,1,0,0,1,0,0,1,0
"POINT (8.492130410000073 49.453014725000060)",Unfall 185013 (2019) Kat:3, Licht: 0,185013,3,1,8,11,12,4,1,0,0,0,0,0,0,1
"POINT (8.468422508000060 49.490172146000077)",Unfall 185014 (2019) Kat:3, Licht: 2,185014,3,6,2,11,05,4,1,2,0,1,0,0,0,1
"POINT (8.496784207000076 49.525753097000063)",Unfall 185065 (2019) Kat:3, Licht: 0,185065,3,2,5,12,11,3,0,0,1,1,0,0,0,0
"POINT (8.479896341000028 49.484354730000064)",Unfall 185066 (2019) Kat:2, Licht: 0,185066,2,3,5,12,12,3,1,0,1,1,0,0,0,0
"POINT (8.479688377000059 49.482707030000029)",Unfall 185067 (2019) Kat:3, Licht: 0,185067,3,6,2,12,15,3,0,0,1,1,0,0,0,0
"POINT (8.507860938000022 49.512298757000053)",Unfall 185068 (2019) Kat:3, Licht: 0,185068,3,3,5,12,15,3,0,0,1,1,0,0,0,0
"POINT (8.475917593000077 49.488073602000043)",Unfall 185069 (2019) Kat:3, Licht: 0,185069,3,4,6,12,12,3,0,0,0,1,1,0,0,0
"POINT (8.552543432000050 49.510109057000079)",Unfall 185115 (2019) Kat:3, Licht: 0,185115,3,3,5,12,10,2,0,0,1,1,0,0,0,0
"POINT (8.472806155000058 49.486050807000026)",Unfall 185116 (2019) Kat:3, Licht: 0,185116,3,6,3,12,10,2,1,0,1,1,0,0,0,0
"POINT (8.503051657000071 49.494999046000032)",Unfall 185117 (2019) Kat:3, Licht: 0,185117,3,5,5,12,16,2,1,0,0,1,0,0,0,0
"POINT (8.474049838000042 49.546692074000077)",Unfall 185174 (2019) Kat:3, Licht: 2,185174,3,6,2,12,20,7,0,2,0,1,0,0,0,1
"POINT (8.472123204000070 49.504427769000074)",Unfall 185175 (2019) Kat:3, Licht: 2,185175,3,4,6,12,16,7,1,2,0,1,1,0,0,0
"POINT (8.476257032000035 49.484730755000044)",Unfall 185216 (2019) Kat:3, Licht: 0,185216,3,4,6,12,15,6,0,0,0,1,1,0,0,0
"POINT (8.475058308000030 49.490641257000050)",Unfall 185305 (2019) Kat:3, Licht: 2,185305,3,2,3,12,22,4,0,2,1,1,0,0,0,0
"POINT (8.484123987000032 49.496311716000037)",Unfall 185345 (2019) Kat:3, Licht: 1,185345,3,3,5,12,07,3,0,1,0,1,0,0,0,0
"POINT (8.511102169000026 49.518544196000050)",Unfall 185388 (2019) Kat:3, Licht: 1,185388,3,6,2,12,16,2,0,1,0,1,0,0,0,0
"POINT (8.449501378000036 49.505060421000053)",Unfall 185389 (2019) Kat:3, Licht: 0,185389,3,3,3,12,16,2,0,0,1,0,0,0,0,1
"POINT (8.487735327000053 49.479493802000036)",Unfall 185392 (2019) Kat:3, Licht: 0,185392,3,3,5,12,15,4,0,0,1,1,0,0,0,0
"POINT (8.468392990000041 49.491383294000059)",Unfall 185438 (2019) Kat:3, Licht: 2,185438,3,5,1,12,18,7,0,2,1,1,0,0,0,0
"POINT (8.469151236000073 49.498423982000077)",Unfall 185439 (2019) Kat:3, Licht: 2,185439,3,3,5,12,21,7,0,2,0,1,0,0,0,0
"POINT (8.480316332000029 49.495150833000082)",Unfall 185470 (2019) Kat:3, Licht: 0,185470,3,3,5,12,10,6,1,0,0,1,0,0,0,0
"POINT (8.552645012000028 49.500596471000051)",Unfall 185471 (2019) Kat:3, Licht: 1,185471,3,6,3,12,08,6,1,1,1,1,0,0,0,0
"POINT (8.473600947000023 49.484814759000074)",Unfall 185512 (2019) Kat:3, Licht: 0,185512,3,1,6,12,11,4,0,0,0,0,1,0,0,1
"POINT (8.488989647000039 49.495519091000062)",Unfall 185527 (2019) Kat:3, Licht: 0,185527,3,1,0,12,11,5,1,0,1,0,0,0,0,0
"POINT (8.490498593000041 49.460804364000069)",Unfall 185528 (2019) Kat:3, Licht: 2,185528,3,2,6,12,19,5,1,2,0,1,1,0,0,0
"POINT (8.500788200000045 49.474447409000049)",Unfall 185529 (2019) Kat:3, Licht: 0,185529,3,6,2,12,09,5,1,0,0,1,0,0,0,0
"POINT (8.487467662000029 49.484864587000061)",Unfall 185562 (2019) Kat:3, Licht: 2,185562,3,3,5,12,02,4,0,2,0,1,0,0,0,0
"POINT (8.462727118000032 49.489074094000046)",Unfall 185564 (2019) Kat:3, Licht: 2,185564,3,4,6,12,17,4,1,2,0,0,1,0,0,1
"POINT (8.483964422000042 49.480948879000039)",Unfall 185617 (2019) Kat:3, Licht: 0,185617,3,3,5,12,11,2,0,0,0,1,0,0,0,0
"POINT (8.519737913000029 49.447405025000080)",Unfall 185618 (2019) Kat:3, Licht: 2,185618,3,2,6,12,22,2,1,2,0,1,1,0,0,0
"POINT (8.498325587000068 49.450454697000055)",Unfall 185619 (2019) Kat:3, Licht: 2,185619,3,6,1,12,20,2,0,2,0,1,0,0,0,0
"POINT (8.463752251000074 49.487590312000066)",Unfall 185669 (2019) Kat:2, Licht: 2,185669,2,3,5,12,01,5,0,2,0,1,0,0,0,0
"POINT (8.511571515000071 49.454232071000035)",Unfall 185724 (2019) Kat:3, Licht: 2,185724,3,2,4,12,18,1,1,2,0,1,0,0,0,0
"POINT (8.523885619000055 49.488408398000047)",Unfall 185739 (2019) Kat:2, Licht: 0,185739,2,2,4,12,12,7,0,0,0,1,0,1,0,0
"POINT (8.490583888000060 49.483023693000064)",Unfall 185769 (2019) Kat:3, Licht: 0,185769,3,3,5,12,14,6,1,0,0,1,0,0,0,0
"POINT (8.475669449000066 49.499664206000034)",Unfall 185770 (2019) Kat:2, Licht: 2,185770,2,3,5,12,23,6,1,2,0,1,0,0,0,0
"POINT (8.498930766000058 49.453784132000067)",Unfall 185771 (2019) Kat:3, Licht: 0,185771,3,3,5,12,12,6,1,0,1,0,0,0,0,1
"POINT (8.464495345000046 49.487382893000074)",Unfall 185803 (2019) Kat:3, Licht: 0,185803,3,4,6,12,12,5,0,0,0,1,1,0,0,0
"POINT (8.471486471000048 49.483388558000058)",Unfall 185845 (2019) Kat:3, Licht: 0,185845,3,2,2,12,14,4,0,0,0,0,0,1,0,1
"POINT (8.479715205000048 49.487824001000035)",Unfall 185846 (2019) Kat:3, Licht: 0,185846,3,4,6,12,11,4,1,0,0,1,1,0,0,0
"POINT (8.544611868000061 49.482895872000029)",Unfall 5403 (2020) Kat:3, Licht: 2,5403,3,3,5,01,07,5,0,2,0,1,0,0,0,0
"POINT (8.539708745000041 49.460920557000065)",Unfall 6563 (2020) Kat:3, Licht: 2,6563,3,6,2,01,17,4,1,2,0,1,0,0,0,0
"POINT (8.501243825000074 49.489414202000034)",Unfall 6566 (2020) Kat:3, Licht: 0,6566,3,6,1,01,12,4,1,0,0,1,0,0,0,0
"POINT (8.537610699000027 49.479225760000077)",Unfall 6567 (2020) Kat:2, Licht: 2,6567,2,6,4,01,18,4,1,2,0,1,0,0,0,0
"POINT (8.473120314000028 49.482709352000029)",Unfall 6601 (2020) Kat:3, Licht: 2,6601,3,6,1,01,17,3,0,2,1,1,0,0,0,0
"POINT (8.518083235000063 49.467872046000082)",Unfall 6602 (2020) Kat:3, Licht: 2,6602,3,6,1,01,17,3,0,2,0,1,0,0,0,0
"POINT (8.516282813000032 49.488590966000061)",Unfall 6645 (2020) Kat:3, Licht: 2,6645,3,3,5,01,17,2,1,2,0,1,0,0,0,0
"POINT (8.490394000000038 49.470188806000067)",Unfall 6666 (2020) Kat:3, Licht: 0,6666,3,3,5,01,11,1,0,0,0,1,0,0,0,0
"POINT (8.515630677000047 49.464344299000061)",Unfall 6687 (2020) Kat:3, Licht: 0,6687,3,6,2,01,15,7,0,0,0,1,0,0,0,0
"POINT (8.516229641000052 49.465053728000044)",Unfall 6688 (2020) Kat:3, Licht: 0,6688,3,6,1,01,16,7,0,0,0,1,0,0,0,0
"POINT (8.517609786000037 49.488044896000076)",Unfall 6689 (2020) Kat:3, Licht: 0,6689,3,6,3,01,10,7,1,0,0,1,0,0,0,1
"POINT (8.471265601000027 49.477064904000031)",Unfall 6827 (2020) Kat:3, Licht: 0,6827,3,3,5,01,09,5,0,0,0,1,0,0,0,0
"POINT (8.516636454000036 49.488726406000069)",Unfall 6828 (2020) Kat:3, Licht: 0,6828,3,2,6,01,14,5,0,0,0,1,1,0,0,0
"POINT (8.496887258000072 49.478417432000072)",Unfall 6972 (2020) Kat:2, Licht: 2,6972,2,4,6,01,18,1,1,2,0,1,1,0,0,0
"POINT (8.460529986000040 49.493809524000028)",Unfall 7020 (2020) Kat:3, Licht: 0,7020,3,2,2,01,15,3,1,0,0,1,1,0,0,0
"POINT (8.466328868000062 49.479623863000029)",Unfall 7060 (2020) Kat:2, Licht: 2,7060,2,6,2,01,19,3,1,2,0,1,0,0,1,0
"POINT (8.518596618000061 49.441830835000076)",Unfall 7091 (2020) Kat:3, Licht: 2,7091,3,1,8,01,21,7,0,2,0,1,0,0,0,0
"POINT (8.522718445000066 49.473673039000062)",Unfall 7139 (2020) Kat:3, Licht: 0,7139,3,6,1,01,09,6,1,0,0,1,0,0,0,0
"POINT (8.457191720000026 49.545098434000067)",Unfall 7283 (2020) Kat:3, Licht: 0,7283,3,2,4,01,08,3,0,0,0,1,0,0,1,0
"POINT (8.523460174000036 49.438259807000065)",Unfall 7339 (2020) Kat:3, Licht: 2,7339,3,5,0,01,19,2,0,2,0,1,0,1,0,0
"POINT (8.460878978000039 49.499618325000029)",Unfall 7561 (2020) Kat:3, Licht: 2,7561,3,1,9,01,03,5,0,2,0,1,0,0,0,0
"POINT (8.491295990000026 49.469883568000057)",Unfall 7715 (2020) Kat:1, Licht: 0,7715,1,1,8,02,15,7,0,0,0,1,0,0,0,0
"POINT (8.511138814000049 49.518463887000053)",Unfall 7765 (2020) Kat:3, Licht: 2,7765,3,3,5,02,04,6,0,2,0,1,0,0,0,0
"POINT (8.451799262000066 49.491622909000057)",Unfall 7766 (2020) Kat:3, Licht: 0,7766,3,6,2,02,15,6,0,0,0,1,0,0,0,0
"POINT (8.466606825000042 49.508091520000050)",Unfall 7767 (2020) Kat:3, Licht: 0,7767,3,7,3,02,16,6,0,0,0,1,0,0,0,0
"POINT (8.522719127000073 49.473674517000063)",Unfall 7825 (2020) Kat:3, Licht: 0,7825,3,6,1,02,17,5,0,0,0,1,0,0,0,0
"POINT (8.512864730000047 49.460618985000053)",Unfall 7826 (2020) Kat:3, Licht: 2,7826,3,6,2,02,21,5,0,2,0,1,0,0,0,0
"POINT (8.512176596000074 49.444936165000058)",Unfall 7906 (2020) Kat:3, Licht: 2,7906,3,6,2,02,06,3,1,2,0,1,0,0,1,0
"POINT (8.519708724000054 49.467426589000070)",Unfall 7979 (2020) Kat:3, Licht: 0,7979,3,6,2,02,13,7,0,0,0,1,0,0,0,0
"POINT (8.476176294000027 49.487215023000033)",Unfall 8020 (2020) Kat:3, Licht: 0,8020,3,6,1,02,12,6,0,0,0,1,0,0,1,0
"POINT (8.492854256000044 49.478889331000062)",Unfall 8078 (2020) Kat:3, Licht: 2,8078,3,6,2,02,07,5,0,2,0,1,0,0,0,0
"POINT (8.501554956000064 49.489556611000069)",Unfall 8079 (2020) Kat:3, Licht: 2,8079,3,5,1,02,19,5,1,2,0,1,0,0,0,0
"POINT (8.526936567000064 49.433914158000050)",Unfall 8136 (2020) Kat:3, Licht: 0,8136,3,6,0,02,15,1,0,0,0,1,0,1,0,0
"POINT (8.522722085000055 49.473680924000064)",Unfall 8258 (2020) Kat:3, Licht: 0,8258,3,6,2,02,07,2,1,0,0,1,0,0,0,1
"POINT (8.456313735000038 49.489938690000031)",Unfall 8307 (2020) Kat:3, Licht: 0,8307,3,6,2,02,15,3,0,0,0,1,0,0,0,0
"POINT (8.465065996000021 49.506990424000037)",Unfall 8432 (2020) Kat:3, Licht: 1,8432,3,6,3,02,18,7,0,1,0,1,0,0,0,0
"POINT (8.506785795000042 49.463561947000073)",Unfall 8526 (2020) Kat:3, Licht: 2,8526,3,1,9,02,22,5,1,2,0,1,0,0,0,0
"POINT (8.492577166000046 49.478587380000079)",Unfall 8620 (2020) Kat:3, Licht: 0,8620,3,3,5,02,07,3,0,0,1,1,0,0,0,0
"POINT (8.542229724000038 49.520293599000070)",Unfall 8788 (2020) Kat:3, Licht: 2,8788,3,2,5,03,22,6,1,2,0,1,0,0,0,0
"POINT (8.512548115000072 49.518005456000026)",Unfall 8858 (2020) Kat:2, Licht: 2,8858,2,1,8,03,21,1,1,2,0,1,0,0,0,0
"POINT (8.514179445000025 49.462566809000066)",Unfall 8892 (2020) Kat:3, Licht: 0,8892,3,6,2,03,15,6,1,0,0,1,0,0,0,0
"POINT (8.523551006000048 49.438446046000081)",Unfall 8903 (2020) Kat:3, Licht: 0,8903,3,6,1,02,11,7,0,0,0,1,0,1,0,0
"POINT (8.514224784000021 49.462624023000046)",Unfall 9033 (2020) Kat:2, Licht: 0,9033,2,6,2,03,15,6,1,0,0,1,0,0,0,0
"POINT (8.524095220000049 49.475984679000078)",Unfall 9210 (2020) Kat:3, Licht: 2,9210,3,3,5,03,19,4,0,2,0,1,0,0,0,0
"POINT (8.569303692000062 49.439766136000060)",Unfall 9280 (2020) Kat:3, Licht: 2,9280,3,2,4,03,19,3,1,2,0,1,0,0,0,0
"POINT (8.445824242000072 49.557709616000068)",Unfall 9469 (2020) Kat:2, Licht: 2,9469,2,1,0,03,01,7,0,2,0,1,0,0,0,0
"POINT (8.512077086000033 49.488861449000069)",Unfall 9470 (2020) Kat:3, Licht: 0,9470,3,6,2,03,17,7,0,0,0,1,0,0,0,0
"POINT (8.543104930000027 49.460123798000041)",Unfall 9471 (2020) Kat:2, Licht: 0,9471,2,7,8,03,11,7,0,0,0,1,0,0,0,0
"POINT (8.527787104000026 49.432810904000064)",Unfall 9473 (2020) Kat:1, Licht: 0,9473,1,4,6,03,09,7,0,0,0,0,1,0,0,1
"POINT (8.555261322000035 49.494023824000067)",Unfall 9516 (2020) Kat:3, Licht: 0,9516,3,6,3,03,12,2,0,0,0,1,0,0,0,0
"POINT (8.513533773000063 49.461513162000074)",Unfall 9640 (2020) Kat:2, Licht: 0,9640,2,6,1,03,13,5,0,0,0,1,0,0,1,0
"POINT (8.502035445000047 49.505002628000057)",Unfall 9697 (2020) Kat:3, Licht: 0,9697,3,6,2,03,13,2,0,0,0,1,0,0,0,0
"POINT (8.501197238000032 49.489415873000041)",Unfall 9764 (2020) Kat:3, Licht: 0,9764,3,6,2,04,15,4,0,0,0,1,0,0,0,0
"POINT (8.505814970000074 49.506896648000065)",Unfall 9842 (2020) Kat:3, Licht: 0,9842,3,3,5,03,16,3,0,0,0,1,0,0,0,0
"POINT (8.511207315000036 49.445044152000037)",Unfall 9871 (2020) Kat:3, Licht: 0,9871,3,6,1,03,14,4,0,0,0,1,0,0,0,0
"POINT (8.458402116000059 49.483119976000069)",Unfall 10209 (2020) Kat:3, Licht: 0,10209,3,7,0,04,18,2,1,0,0,0,0,1,0,1
"POINT (8.459933086000035 49.503227614000082)",Unfall 10437 (2020) Kat:3, Licht: 1,10437,3,1,1,04,19,4,0,1,0,1,0,0,1,1
"POINT (8.477877015000047 49.487619978000055)",Unfall 10586 (2020) Kat:3, Licht: 0,10586,3,7,0,04,14,2,0,0,1,0,0,0,0,0
"POINT (8.512176596000074 49.444936165000058)",Unfall 10817 (2020) Kat:3, Licht: 1,10817,3,6,1,04,20,6,0,1,0,1,0,0,0,0
"POINT (8.484388589000048 49.493978232000075)",Unfall 10835 (2020) Kat:3, Licht: 0,10835,3,3,5,04,18,1,0,0,1,1,0,1,0,0
"POINT (8.463624702000061 49.505958249000059)",Unfall 10885 (2020) Kat:3, Licht: 2,10885,3,2,4,04,21,5,0,2,0,1,0,0,0,0
"POINT (8.537648752000052 49.419851779000055)",Unfall 10990 (2020) Kat:2, Licht: 1,10990,2,1,9,04,20,6,0,1,0,0,0,1,0,0
"POINT (8.461837261000028 49.494490530000064)",Unfall 11227 (2020) Kat:3, Licht: 0,11227,3,6,2,04,15,5,1,0,0,1,0,0,1,0
"POINT (8.546844129000021 49.483588134000058)",Unfall 11309 (2020) Kat:3, Licht: 0,11309,3,6,2,05,14,1,0,0,0,1,0,0,0,1
"POINT (8.541016185000046 49.459313106000081)",Unfall 11346 (2020) Kat:3, Licht: 0,11346,3,6,0,05,07,3,0,0,0,1,0,0,0,0
"POINT (8.560109281000052 49.500872090000030)",Unfall 11429 (2020) Kat:2, Licht: 0,11429,2,6,3,05,13,1,0,0,0,1,0,0,0,0
"POINT (8.563272003000066 49.465512381000053)",Unfall 11466 (2020) Kat:3, Licht: 0,11466,3,6,4,05,16,3,0,0,1,0,0,0,0,1
"POINT (8.515513359000067 49.488643924000030)",Unfall 11475 (2020) Kat:3, Licht: 0,11475,3,6,2,05,07,2,1,0,0,1,0,0,1,0
"POINT (8.459190172000035 49.492269869000040)",Unfall 11581 (2020) Kat:3, Licht: 0,11581,3,6,2,05,12,3,0,0,0,1,0,0,0,0
"POINT (8.506900177000034 49.463516629000026)",Unfall 11694 (2020) Kat:3, Licht: 0,11694,3,6,2,05,12,2,0,0,0,1,0,0,1,0
"POINT (8.517362485000035 49.488531747000081)",Unfall 11696 (2020) Kat:3, Licht: 0,11696,3,6,1,05,09,2,0,0,0,1,0,0,0,1
"POINT (8.469856372000038 49.481694742000059)",Unfall 11837 (2020) Kat:3, Licht: 0,11837,3,2,5,05,09,6,0,0,1,1,0,0,0,0
"POINT (8.522813276000022 49.473447877000069)",Unfall 11926 (2020) Kat:3, Licht: 1,11926,3,6,2,05,20,6,0,1,0,1,0,0,0,0
"POINT (8.472015321000072 49.482057009000073)",Unfall 12013 (2020) Kat:3, Licht: 2,12013,3,7,0,05,00,2,0,2,1,0,0,0,0,0
"POINT (8.487472305000040 49.475224465000053)",Unfall 12163 (2020) Kat:3, Licht: 0,12163,3,2,5,05,11,2,0,0,1,1,0,0,0,0
"POINT (8.476477293000073 49.516715958000077)",Unfall 12170 (2020) Kat:2, Licht: 0,12170,2,4,6,05,12,4,0,0,0,0,1,0,0,1
"POINT (8.476536309000039 49.474398463000057)",Unfall 12306 (2020) Kat:3, Licht: 0,12306,3,6,2,06,12,4,0,0,0,1,0,0,0,0
"POINT (8.471479580000050 49.481026955000061)",Unfall 12328 (2020) Kat:3, Licht: 0,12328,3,3,0,06,18,2,0,0,1,0,0,1,0,0
"POINT (8.530901462000031 49.428823138000041)",Unfall 12389 (2020) Kat:3, Licht: 0,12389,3,3,5,06,17,6,1,0,0,1,0,0,0,0
"POINT (8.511664913000061 49.518288355000038)",Unfall 12475 (2020) Kat:3, Licht: 0,12475,3,1,8,06,20,4,1,0,0,1,0,0,0,0
"POINT (8.565983114000062 49.431553075000068)",Unfall 12583 (2020) Kat:3, Licht: 1,12583,3,1,8,06,08,7,1,1,0,1,0,0,0,0
"POINT (8.449896321000040 49.549675851000075)",Unfall 12608 (2020) Kat:2, Licht: 0,12608,2,7,2,05,12,6,0,0,0,1,0,0,1,0
"POINT (8.480536564000033 49.489351295000063)",Unfall 12613 (2020) Kat:3, Licht: 0,12613,3,2,5,05,16,6,0,0,1,1,0,0,0,0
"POINT (8.513656160000039 49.517799442000069)",Unfall 12662 (2020) Kat:3, Licht: 0,12662,3,2,2,06,15,2,0,0,0,1,0,0,0,0
"POINT (8.544214620000048 49.482476298000051)",Unfall 12675 (2020) Kat:3, Licht: 0,12675,3,6,2,06,16,2,0,0,0,1,0,0,0,0
"POINT (8.492043978000027 49.499990588000060)",Unfall 12794 (2020) Kat:3, Licht: 0,12794,3,6,2,06,18,3,0,0,0,1,0,0,0,0
"POINT (8.492596814000024 49.490085637000050)",Unfall 12894 (2020) Kat:3, Licht: 0,12894,3,6,1,06,15,6,0,0,0,1,0,1,0,0
"POINT (8.505071453000028 49.522082958000055)",Unfall 12910 (2020) Kat:3, Licht: 0,12910,3,6,2,06,18,4,0,0,0,1,0,0,0,0