WKT,Name,OBJECTID,UKATEGORIE,UTYP1,UART,UMONAT,USTUNDE,UWOCHENTAG,STRZUSTAND,ULICHTVERH,ISTRAD,ISTPKW,ISTFUSS,ISTKRAD,ISTGKFZ,ISTSONSTIG
"POINT (8.522703148000062 49.473639905000027)",Unfall 12941 (2020) Kat:3, Licht: 0,12941,3,6,2,06,12,3,1,0,0,1,0,0,0,0
"POINT (8.456706425000050 49.481367452000029)",Unfall 13008 (2020) Kat:3, Licht: 0,13008,3,6,3,06,09,2,1,0,0,1,0,0,1,0
"POINT (8.523057158000029 49.474406693000049)",Unfall 13181 (2020) Kat:3, Licht: 0,13181,3,6,2,06,14,4,1,0,0,1,0,0,0,0
"POINT (8.539528105000045 49.463136500000076)",Unfall 13273 (2020) Kat:3, Licht: 1,13273,3,6,0,06,21,6,0,1,0,1,0,0,0,0
"POINT (8.457559349000064 49.491144073000044)",Unfall 13347 (2020) Kat:3, Licht: 2,13347,3,1,0,06,22,4,0,2,0,0,0,1,0,0
"POINT (8.492056763000051 49.477831055000081)",Unfall 13676 (2020) Kat:3, Licht: 0,13676,3,6,2,07,13,4,0,0,0,1,0,0,1,0
"POINT (8.550998597000046 49.491701828000032)",Unfall 13799 (2020) Kat:3, Licht: 0,13799,3,6,1,06,08,6,0,0,0,1,0,0,0,0
"POINT (8.474456294000049 49.515268753000043)",Unfall 13853 (2020) Kat:3, Licht: 0,13853,3,6,2,07,14,5,0,0,0,1,0,0,0,0
"POINT (8.482158624000022 49.524861336000072)",Unfall 13869 (2020) Kat:3, Licht: 0,13869,3,3,0,06,14,1,0,0,1,1,0,0,0,0
"POINT (8.475978204000057 49.486291133000066)",Unfall 13941 (2020) Kat:3, Licht: 0,13941,3,6,1,07,11,7,0,0,0,1,0,0,0,0
"POINT (8.511276566000049 49.518521765000060)",Unfall 13947 (2020) Kat:3, Licht: 0,13947,3,6,0,06,11,2,0,0,0,1,0,0,1,0
"POINT (8.540992341000049 49.460461427000041)",Unfall 14078 (2020) Kat:3, Licht: 0,14078,3,6,2,07,11,3,0,0,0,1,0,0,0,0
"POINT (8.550320484000054 49.488963227000056)",Unfall 14108 (2020) Kat:3, Licht: 0,14108,3,1,0,07,16,4,1,0,0,0,0,1,0,0
"POINT (8.516412837000075 49.488581935000070)",Unfall 14169 (2020) Kat:3, Licht: 0,14169,3,6,2,07,18,2,0,0,0,1,0,0,0,0
"POINT (8.462235149000037 49.484784019000074)",Unfall 14180 (2020) Kat:3, Licht: 0,14180,3,3,5,07,07,2,0,0,1,1,0,0,0,0
"POINT (8.475342195000053 49.485106186000053)",Unfall 14344 (2020) Kat:2, Licht: 0,14344,2,3,5,07,18,7,0,0,1,1,0,0,0,0
"POINT (8.566476902000034 49.424738448000028)",Unfall 14448 (2020) Kat:3, Licht: 0,14448,3,6,1,07,07,3,0,0,0,1,0,0,0,0
"POINT (8.540433048000068 49.435867994000034)",Unfall 14566 (2020) Kat:3, Licht: 0,14566,3,6,0,07,10,5,0,0,0,1,0,0,0,0
"POINT (8.569097125000042 49.450305048000075)",Unfall 14699 (2020) Kat:2, Licht: 0,14699,2,6,2,07,14,7,0,0,0,1,0,1,0,0
"POINT (8.477395371000057 49.517416671000035)",Unfall 15249 (2020) Kat:3, Licht: 0,15249,3,3,5,07,18,4,0,0,1,1,0,0,0,0
"POINT (8.456715756000051 49.491373498000030)",Unfall 15543 (2020) Kat:1, Licht: 0,15543,1,1,0,07,16,3,0,0,1,0,0,0,0,0
"POINT (8.496646890000022 49.478509741000039)",Unfall 15623 (2020) Kat:2, Licht: 0,15623,2,2,2,08,11,2,0,0,0,1,0,1,0,0
"POINT (8.522718322000060 49.473672773000033)",Unfall 15887 (2020) Kat:3, Licht: 0,15887,3,6,1,07,09,5,0,0,0,1,0,0,0,0
"POINT (8.512831325000036 49.447603947000061)",Unfall 15908 (2020) Kat:3, Licht: 0,15908,3,6,3,08,10,2,0,0,0,1,0,0,1,0
"POINT (8.455746717000068 49.487051453000049)",Unfall 15978 (2020) Kat:3, Licht: 0,15978,3,2,5,08,13,6,0,0,0,1,0,0,0,0
"POINT (8.480522092000058 49.489330969000036)",Unfall 16093 (2020) Kat:3, Licht: 0,16093,3,6,3,08,18,4,0,0,0,1,0,1,0,0
"POINT (8.542332803000022 49.520347476000040)",Unfall 16096 (2020) Kat:3, Licht: 0,16096,3,6,2,08,09,4,0,0,0,1,0,0,0,0
"POINT (8.505552251000040 49.506809495000027)",Unfall 16099 (2020) Kat:3, Licht: 0,16099,3,6,2,08,17,4,0,0,0,1,0,0,0,0
"POINT (8.540940296000031 49.444411360000061)",Unfall 16102 (2020) Kat:3, Licht: 0,16102,3,7,0,08,11,4,0,0,0,1,0,0,0,1
"POINT (8.456013153000072 49.488437047000048)",Unfall 16287 (2020) Kat:3, Licht: 2,16287,3,6,1,08,22,7,0,2,0,1,0,0,0,0
"POINT (8.447858951000058 49.552803571000027)",Unfall 16392 (2020) Kat:2, Licht: 0,16392,2,6,3,08,16,2,0,0,0,1,0,0,1,0
"POINT (8.511313709000035 49.444995200000051)",Unfall 16794 (2020) Kat:3, Licht: 1,16794,3,6,0,08,06,5,0,1,0,1,0,1,0,0
"POINT (8.488190152000072 49.497594718000073)",Unfall 16839 (2020) Kat:3, Licht: 0,16839,3,3,5,08,19,3,0,0,1,1,0,0,0,0
"POINT (8.473055441000042 49.480322085000068)",Unfall 16909 (2020) Kat:2, Licht: 0,16909,2,3,5,08,10,6,0,0,1,1,0,0,0,0
"POINT (8.510623383000052 49.507525094000073)",Unfall 16985 (2020) Kat:2, Licht: 0,16985,2,2,5,08,17,5,0,0,0,1,0,1,0,0
"POINT (8.487078759000042 49.496337244000074)",Unfall 17339 (2020) Kat:3, Licht: 1,17339,3,2,5,09,21,3,0,1,1,1,0,0,0,0
"POINT (8.485037231000035 49.494078636000040)",Unfall 17354 (2020) Kat:3, Licht: 0,17354,3,3,0,09,16,2,0,0,1,0,0,0,0,0
"POINT (8.541744919000053 49.447324225000045)",Unfall 17568 (2020) Kat:3, Licht: 2,17568,3,1,8,08,20,2,1,2,0,1,0,0,0,0
"POINT (8.569851046000053 49.449919037000029)",Unfall 17631 (2020) Kat:3, Licht: 0,17631,3,6,2,08,15,7,0,0,0,1,0,0,0,1
"POINT (8.506839724000031 49.463540943000055)",Unfall 17673 (2020) Kat:3, Licht: 0,17673,3,5,1,09,13,2,0,0,0,1,0,0,0,0
"POINT (8.566070232000072 49.451273052000033)",Unfall 17909 (2020) Kat:2, Licht: 0,17909,2,6,2,09,17,6,0,0,0,1,0,0,0,0
"POINT (8.450061893000054 49.549561193000045)",Unfall 18037 (2020) Kat:3, Licht: 0,18037,3,6,2,09,06,5,0,0,0,1,0,0,0,0
"POINT (8.570920665000074 49.461008597000045)",Unfall 18074 (2020) Kat:3, Licht: 0,18074,3,2,5,09,18,3,0,0,1,1,0,0,0,0
"POINT (8.538857527000062 49.452912612000034)",Unfall 18150 (2020) Kat:3, Licht: 0,18150,3,2,6,09,07,4,0,0,0,1,1,0,0,0
"POINT (8.509335797000063 49.519333689000064)",Unfall 18302 (2020) Kat:3, Licht: 2,18302,3,2,5,09,05,7,0,2,0,1,0,0,0,0
"POINT (8.476218160000030 49.487511054000038)",Unfall 18375 (2020) Kat:3, Licht: 1,18375,3,7,0,09,19,6,0,1,0,0,0,0,0,1
"POINT (8.459762127000033 49.482788864000042)",Unfall 18501 (2020) Kat:3, Licht: 0,18501,3,6,4,09,08,4,0,0,1,0,0,0,0,1
"POINT (8.492026772000031 49.477842942000052)",Unfall 18502 (2020) Kat:3, Licht: 2,18502,3,3,5,09,20,4,0,2,0,1,0,0,0,1
"POINT (8.568639270000062 49.450365062000060)",Unfall 18503 (2020) Kat:3, Licht: 0,18503,3,6,2,09,15,4,0,0,0,0,0,0,0,1
"POINT (8.488782732000061 49.528766950000033)",Unfall 18533 (2020) Kat:3, Licht: 0,18533,3,3,5,09,17,4,0,0,1,1,0,0,0,0
"POINT (8.489638364000030 49.498898836000080)",Unfall 18666 (2020) Kat:3, Licht: 1,18666,3,6,2,09,05,5,0,1,0,1,0,0,0,0
"POINT (8.501228201000060 49.504672859000038)",Unfall 18710 (2020) Kat:3, Licht: 0,18710,3,6,2,09,15,3,0,0,0,1,0,0,0,0
"POINT (8.465100081000060 49.507014783000045)",Unfall 18943 (2020) Kat:3, Licht: 0,18943,3,6,2,09,18,2,0,0,0,1,0,0,0,0
"POINT (8.472851723000076 49.482893327000056)",Unfall 19019 (2020) Kat:3, Licht: 1,19019,3,7,0,09,07,6,1,1,1,0,0,0,0,0
"POINT (8.495081898000024 49.526307368000062)",Unfall 19099 (2020) Kat:2, Licht: 0,19099,2,6,2,10,09,5,0,0,0,1,0,0,0,1
"POINT (8.456957204000048 49.545243581000079)",Unfall 19220 (2020) Kat:3, Licht: 0,19220,3,6,2,10,15,7,1,0,0,1,0,1,0,0
"POINT (8.488755472000037 49.528781223000067)",Unfall 19345 (2020) Kat:3, Licht: 2,19345,3,7,5,10,22,3,1,2,1,1,0,0,0,0
"POINT (8.488196915000060 49.497602562000054)",Unfall 19433 (2020) Kat:2, Licht: 2,19433,2,3,5,10,21,6,0,2,1,1,0,0,0,0
"POINT (8.558150298000044 49.454256678000036)",Unfall 19443 (2020) Kat:3, Licht: 0,19443,3,7,8,10,08,6,0,0,0,0,0,1,1,0
"POINT (8.476013190000060 49.486373558000025)",Unfall 19617 (2020) Kat:3, Licht: 0,19617,3,6,2,10,10,7,1,0,0,1,0,0,0,0
"POINT (8.505082396000034 49.522075015000041)",Unfall 19627 (2020) Kat:3, Licht: 0,19627,3,6,2,10,15,2,0,0,0,1,0,0,0,1
"POINT (8.546286399000053 49.514926035000030)",Unfall 19706 (2020) Kat:2, Licht: 2,19706,2,3,5,10,00,6,0,2,0,1,0,0,1,0
"POINT (8.557234427000026 49.496261283000081)",Unfall 19755 (2020) Kat:3, Licht: 0,19755,3,6,2,10,13,1,0,0,0,1,0,0,0,0
"POINT (8.476592619000030 49.474369527000079)",Unfall 19838 (2020) Kat:3, Licht: 0,19838,3,3,5,10,18,3,0,0,0,1,0,0,0,0
"POINT (8.471792897000057 49.476793775000033)",Unfall 19841 (2020) Kat:3, Licht: 2,19841,3,6,3,10,20,3,0,2,0,1,0,0,0,0
"POINT (8.486629339000047 49.529783831000032)",Unfall 19865 (2020) Kat:3, Licht: 2,19865,3,6,4,10,06,6,1,2,1,0,0,0,0,0
"POINT (8.456018138000047 49.488462907000041)",Unfall 20123 (2020) Kat:3, Licht: 1,20123,3,6,3,10,07,4,0,1,0,1,0,1,0,0
"POINT (8.459099836000064 49.492306721000034)",Unfall 20144 (2020) Kat:3, Licht: 0,20144,3,6,3,10,11,3,0,0,0,1,0,0,0,1
"POINT (8.480906340000047 49.490137177000065)",Unfall 20198 (2020) Kat:3, Licht: 0,20198,3,6,3,10,16,6,1,0,0,0,0,1,0,1
"POINT (8.499748383000053 49.474486045000049)",Unfall 20288 (2020) Kat:3, Licht: 0,20288,3,6,2,10,15,4,0,0,0,1,0,0,0,0
"POINT (8.482811893000076 49.493044098000041)",Unfall 20508 (2020) Kat:3, Licht: 0,20508,3,6,1,11,15,3,0,0,0,1,0,1,0,0
"POINT (8.492323861000045 49.500135756000077)",Unfall 20685 (2020) Kat:3, Licht: 0,20685,3,3,5,11,13,5,0,0,1,0,0,0,0,1
"POINT (8.520856187000049 49.494665505000057)",Unfall 20793 (2020) Kat:3, Licht: 0,20793,3,3,5,11,10,3,0,0,0,1,0,1,0,0
"POINT (8.460273615000062 49.493172590000029)",Unfall 20953 (2020) Kat:2, Licht: 0,20953,2,6,3,11,09,4,0,0,0,1,0,1,0,0
"POINT (8.541886536000050 49.447129808000057)",Unfall 21057 (2020) Kat:3, Licht: 0,21057,3,7,0,11,14,4,0,0,0,1,0,0,0,0
"POINT (8.502432276000036 49.489513166000052)",Unfall 21215 (2020) Kat:3, Licht: 0,21215,3,6,2,11,09,7,0,0,0,1,0,0,0,0
"POINT (8.475288501000023 49.485376741000039)",Unfall 21267 (2020) Kat:3, Licht: 0,21267,3,6,2,11,12,7,0,0,0,1,0,0,0,0
"POINT (8.546285638000029 49.420805992000055)",Unfall 21422 (2020) Kat:3, Licht: 2,21422,3,6,2,11,20,6,0,2,0,1,0,0,0,0
"POINT (8.569580154000050 49.448649806000049)",Unfall 21453 (2020) Kat:3, Licht: 0,21453,3,6,2,11,09,2,1,0,0,1,0,0,0,0
"POINT (8.485396472000048 49.530168083000035)",Unfall 21633 (2020) Kat:3, Licht: 0,21633,3,1,0,11,08,6,1,0,0,0,0,1,0,0
"POINT (8.476133864000076 49.486914999000078)",Unfall 21665 (2020) Kat:3, Licht: 0,21665,3,3,5,11,08,2,0,0,1,1,0,0,0,0
"POINT (8.514397851000069 49.462409943000068)",Unfall 21750 (2020) Kat:3, Licht: 0,21750,3,1,9,11,09,5,1,0,0,1,0,0,0,0
"POINT (8.545565366000062 49.481666051000047)",Unfall 21754 (2020) Kat:3, Licht: 0,21754,3,6,3,11,12,5,0,0,0,1,0,0,0,1
"POINT (8.520714599000030 49.467524451000031)",Unfall 21768 (2020) Kat:3, Licht: 0,21768,3,1,9,11,15,1,0,0,0,1,0,0,0,0
"POINT (8.480607641000063 49.474485697000034)",Unfall 21790 (2020) Kat:3, Licht: 1,21790,3,6,2,11,17,5,0,1,0,1,0,0,0,0
"POINT (8.478849087000071 49.518557038000040)",Unfall 21870 (2020) Kat:3, Licht: 2,21870,3,6,2,12,19,7,0,2,0,1,0,0,0,0
"POINT (8.458859351000058 49.492074312000057)",Unfall 22063 (2020) Kat:3, Licht: 2,22063,3,6,2,12,17,3,0,2,0,1,0,0,0,0
"POINT (8.505873296000061 49.463880527000072)",Unfall 22153 (2020) Kat:3, Licht: 2,22153,3,3,5,12,17,5,0,2,0,1,0,0,0,0
"POINT (8.469545359000051 49.481923685000027)",Unfall 22232 (2020) Kat:3, Licht: 0,22232,3,7,0,12,16,4,0,0,1,0,0,0,0,0
"POINT (8.578094552000039 49.458952370000077)",Unfall 22263 (2020) Kat:3, Licht: 0,22263,3,6,2,12,10,2,0,0,0,1,0,0,1,0
"POINT (8.567615899000032 49.463199449000058)",Unfall 22431 (2020) Kat:3, Licht: 0,22431,3,4,6,12,08,2,1,0,0,1,1,0,0,0
"POINT (8.515508892000071 49.462313385000073)",Unfall 22581 (2020) Kat:3, Licht: 2,22581,3,1,8,12,17,4,1,2,0,1,0,0,0,0
"POINT (8.465275128000030 49.498869220000074)",Unfall 145827 (2020) Kat:3, Licht: 1,145827,3,5,1,01,16,5,0,1,0,1,0,0,0,0
"POINT (8.481077549000077 49.456818446000057)",Unfall 145832 (2020) Kat:3, Licht: 0,145832,3,3,5,01,14,6,0,0,1,1,0,0,0,0
"POINT (8.497958006000033 49.502942969000060)",Unfall 145860 (2020) Kat:3, Licht: 1,145860,3,5,5,01,17,7,0,1,1,1,0,0,0,0
"POINT (8.483516935000068 49.465446777000068)",Unfall 145875 (2020) Kat:3, Licht: 0,145875,3,7,1,01,14,5,0,0,0,1,0,0,1,0
"POINT (8.476492741000072 49.516989710000075)",Unfall 145928 (2020) Kat:2, Licht: 2,145928,2,4,6,01,17,5,0,2,0,1,1,0,0,0
"POINT (8.468354277000060 49.546631143000070)",Unfall 145934 (2020) Kat:3, Licht: 2,145934,3,3,5,01,23,6,1,2,0,1,0,0,0,0
"POINT (8.470835300000033 49.508538420000036)",Unfall 145978 (2020) Kat:3, Licht: 1,145978,3,3,5,01,07,5,0,1,0,1,0,0,0,1
"POINT (8.529928567000070 49.510221024000032)",Unfall 146026 (2020) Kat:2, Licht: 2,146026,2,2,4,01,21,5,1,2,0,1,0,0,0,0
"POINT (8.552543432000050 49.510109057000079)",Unfall 146030 (2020) Kat:3, Licht: 0,146030,3,7,0,01,08,5,2,0,1,0,0,0,0,0
"POINT (8.529175333000069 49.490547413000058)",Unfall 146091 (2020) Kat:2, Licht: 2,146091,2,1,1,01,22,1,0,2,0,1,0,0,0,0
"POINT (8.495437384000070 49.529910899000072)",Unfall 146134 (2020) Kat:3, Licht: 0,146134,3,5,1,01,12,7,0,0,1,1,0,0,0,0
"POINT (8.491151434000074 49.499643592000041)",Unfall 146135 (2020) Kat:3, Licht: 0,146135,3,7,3,01,15,7,0,0,0,1,0,0,0,1
"POINT (8.495669148000047 49.499083911000071)",Unfall 146157 (2020) Kat:2, Licht: 1,146157,2,2,6,01,16,4,0,1,0,1,1,0,0,0
"POINT (8.507157135000057 49.517783785000063)",Unfall 146161 (2020) Kat:3, Licht: 0,146161,3,3,5,01,16,4,0,0,0,1,0,1,0,0
"POINT (8.456739224000046 49.492260738000027)",Unfall 146171 (2020) Kat:3, Licht: 2,146171,3,2,4,01,17,6,0,2,0,1,0,0,0,0
"POINT (8.493079783000042 49.521809686000040)",Unfall 146232 (2020) Kat:3, Licht: 2,146232,3,2,5,01,19,5,0,2,1,1,0,0,0,0
"POINT (8.469831073000023 49.482888722000041)",Unfall 146234 (2020) Kat:3, Licht: 0,146234,3,3,5,01,13,5,0,0,0,1,0,1,0,0
"POINT (8.485307734000060 49.479038975000037)",Unfall 146250 (2020) Kat:2, Licht: 0,146250,2,5,5,01,12,2,0,0,0,1,0,1,0,0
"POINT (8.511802348000060 49.507440224000050)",Unfall 146289 (2020) Kat:3, Licht: 0,146289,3,4,6,01,10,4,0,0,0,1,1,0,0,0
"POINT (8.457861806000040 49.498072825000065)",Unfall 146290 (2020) Kat:3, Licht: 2,146290,3,5,2,01,18,4,1,2,0,1,0,0,0,0
"POINT (8.511528148000025 49.458314239000060)",Unfall 146323 (2020) Kat:2, Licht: 0,146323,2,6,2,01,12,3,0,0,0,1,0,0,0,0
"POINT (8.549387809000052 49.496082223000030)",Unfall 146324 (2020) Kat:3, Licht: 0,146324,3,5,1,01,11,6,0,0,1,1,0,0,0,0
"POINT (8.480155118000027 49.480994368000040)",Unfall 146330 (2020) Kat:3, Licht: 0,146330,3,3,5,01,14,6,0,0,1,1,0,0,0,0
"POINT (8.523976722000043 49.474664668000059)",Unfall 146363 (2020) Kat:3, Licht: 0,146363,3,6,2,01,13,2,0,0,0,1,0,0,0,0
"POINT (8.468305833000045 49.491286718000026)",Unfall 146379 (2020) Kat:3, Licht: 0,146379,3,6,2,01,09,7,0,0,1,1,0,0,0,0
"POINT (8.464391095000053 49.493954268000039)",Unfall 146462 (2020) Kat:3, Licht: 2,146462,3,1,2,01,18,5,0,2,0,1,0,0,0,0
"POINT (8.465118229000041 49.498956912000040)",Unfall 146467 (2020) Kat:2, Licht: 2,146467,2,7,0,01,02,1,1,2,1,0,0,0,0,0
"POINT (8.472557261000077 49.464763763000065)",Unfall 146487 (2020) Kat:3, Licht: 0,146487,3,3,5,01,16,7,0,0,0,1,0,0,0,0
"POINT (8.457430697000063 49.513895732000037)",Unfall 146551 (2020) Kat:3, Licht: 2,146551,3,2,3,01,22,5,0,2,1,1,0,0,0,0
"POINT (8.507488856000066 49.442165893000038)",Unfall 146556 (2020) Kat:3, Licht: 0,146556,3,6,4,01,14,5,0,0,0,1,0,0,0,1
"POINT (8.485460859000057 49.457945724000069)",Unfall 146584 (2020) Kat:2, Licht: 0,146584,2,3,5,01,10,6,1,0,0,1,0,1,0,0
"POINT (8.475572143000022 49.480017087000078)",Unfall 146640 (2020) Kat:3, Licht: 1,146640,3,7,4,01,17,5,0,1,0,1,0,1,0,0
"POINT (8.495065896000028 49.453781609000032)",Unfall 146642 (2020) Kat:3, Licht: 0,146642,3,2,0,01,10,5,0,0,0,1,0,0,0,1
"POINT (8.471586982000076 49.488552582000068)",Unfall 146644 (2020) Kat:3, Licht: 2,146644,3,6,3,01,18,5,0,2,1,1,0,0,0,0
"POINT (8.457056173000069 49.492108318000078)",Unfall 146647 (2020) Kat:3, Licht: 2,146647,3,3,5,01,22,5,1,2,0,1,0,0,0,0
"POINT (8.473372891000054 49.495383255000036)",Unfall 146667 (2020) Kat:3, Licht: 2,146667,3,3,5,02,02,1,1,2,1,1,0,0,0,0
"POINT (8.474946591000048 49.465505741000072)",Unfall 146700 (2020) Kat:3, Licht: 0,146700,3,7,0,01,09,4,0,0,1,0,0,0,0,0
"POINT (8.524661235000053 49.510213198000031)",Unfall 146702 (2020) Kat:3, Licht: 2,146702,3,2,4,01,18,4,0,2,0,1,0,0,0,0
"POINT (8.456738564000034 49.492257245000076)",Unfall 146704 (2020) Kat:3, Licht: 2,146704,3,2,5,01,18,4,0,2,0,1,0,0,0,1
"POINT (8.513344972000027 49.454243123000026)",Unfall 146757 (2020) Kat:3, Licht: 0,146757,3,2,5,02,15,7,1,0,0,1,0,0,0,0
"POINT (8.470850506000033 49.487905844000068)",Unfall 146764 (2020) Kat:3, Licht: 0,146764,3,4,6,01,12,7,0,0,0,1,1,0,0,0
"POINT (8.496783060000041 49.525751875000026)",Unfall 146766 (2020) Kat:3, Licht: 2,146766,3,3,5,01,19,3,0,2,0,1,0,0,0,0
"POINT (8.507201580000071 49.505150819000050)",Unfall 146767 (2020) Kat:3, Licht: 0,146767,3,6,2,01,15,3,1,0,0,1,0,0,0,0
"POINT (8.508283840000047 49.528552437000030)",Unfall 146769 (2020) Kat:3, Licht: 2,146769,3,7,0,01,07,7,1,2,0,0,0,0,0,1
"POINT (8.568758470000034 49.450908897000033)",Unfall 146772 (2020) Kat:2, Licht: 0,146772,2,1,8,01,16,7,1,0,0,0,0,1,0,0
"POINT (8.479046336000067 49.460448158000077)",Unfall 146831 (2020) Kat:3, Licht: 2,146831,3,3,5,01,18,2,1,2,1,1,0,0,0,0
"POINT (8.452329981000048 49.536808989000065)",Unfall 146833 (2020) Kat:3, Licht: 0,146833,3,3,5,01,08,6,1,0,0,1,0,0,0,0
"POINT (8.520815444000050 49.494328121000081)",Unfall 146834 (2020) Kat:3, Licht: 1,146834,3,6,1,01,07,2,1,1,0,1,0,0,0,0
"POINT (8.483616265000023 49.489651366000032)",Unfall 146912 (2020) Kat:3, Licht: 0,146912,3,6,3,02,16,2,0,0,1,0,0,0,0,0
"POINT (8.471603151000068 49.472004804000051)",Unfall 146917 (2020) Kat:3, Licht: 0,146917,3,5,3,02,10,2,1,0,0,1,0,0,0,0
"POINT (8.462394077000056 49.518679036000037)",Unfall 146922 (2020) Kat:2, Licht: 0,146922,2,2,5,02,07,6,0,0,0,1,0,1,0,0
"POINT (8.476118564000046 49.489239771000030)",Unfall 146923 (2020) Kat:3, Licht: 0,146923,3,2,6,02,10,3,0,0,0,1,1,0,0,0
"POINT (8.498012151000069 49.450623779000068)",Unfall 146927 (2020) Kat:3, Licht: 2,146927,3,3,5,02,18,2,1,2,0,1,0,0,1,0
"POINT (8.465412006000065 49.488167530000055)",Unfall 146965 (2020) Kat:3, Licht: 0,146965,3,2,3,02,15,3,0,0,1,1,0,0,0,0
"POINT (8.464779916000055 49.484938750000026)",Unfall 146967 (2020) Kat:3, Licht: 0,146967,3,3,5,02,09,2,1,0,0,1,0,0,0,0
"POINT (8.464745910000033 49.495509698000035)",Unfall 146976 (2020) Kat:3, Licht: 2,146976,3,3,5,02,20,3,1,2,0,1,0,0,0,0
"POINT (8.510140282000066 49.516950612000073)",Unfall 147030 (2020) Kat:3, Licht: 2,147030,3,3,5,02,05,6,0,2,0,1,0,0,0,0
"POINT (8.463648741000043 49.485285463000025)",Unfall 147031 (2020) Kat:3, Licht: 0,147031,3,3,5,02,13,3,1,0,1,1,0,0,0,0
"POINT (8.475763220000033 49.481233060000079)",Unfall 147058 (2020) Kat:3, Licht: 0,147058,3,2,5,02,18,4,0,0,1,1,0,0,0,0
"POINT (8.501740619000032 49.519590741000059)",Unfall 147060 (2020) Kat:3, Licht: 0,147060,3,2,3,02,15,4,0,0,1,1,0,0,0,0
"POINT (8.492687913000054 49.476317935000054)",Unfall 147062 (2020) Kat:3, Licht: 0,147062,3,3,5,02,17,4,0,0,1,1,0,0,0,0
"POINT (8.462027070000033 49.488337690000037)",Unfall 147080 (2020) Kat:3, Licht: 0,147080,3,2,6,02,15,3,0,0,0,1,1,0,0,0
"POINT (8.449098246000062 49.546635436000031)",Unfall 147123 (2020) Kat:3, Licht: 0,147123,3,2,8,02,08,1,0,0,0,0,0,1,0,0
"POINT (8.463493814000060 49.484852705000037)",Unfall 147152 (2020) Kat:3, Licht: 0,147152,3,4,6,02,13,3,0,0,0,0,1,0,0,1
"POINT (8.449155720000022 49.542354007000029)",Unfall 147154 (2020) Kat:3, Licht: 0,147154,3,3,5,02,17,6,0,0,0,1,0,0,0,0
"POINT (8.491055116000041 49.460089761000063)",Unfall 147160 (2020) Kat:3, Licht: 0,147160,3,7,3,02,07,6,0,0,0,1,0,0,0,1
"POINT (8.480260694000037 49.458543951000081)",Unfall 147163 (2020) Kat:2, Licht: 2,147163,2,6,2,02,01,6,0,2,0,1,0,0,0,0
"POINT (8.475987899000074 49.473564462000070)",Unfall 147278 (2020) Kat:3, Licht: 0,147278,3,2,5,02,16,2,0,0,0,1,0,0,0,0
"POINT (8.471355001000063 49.493481345000077)",Unfall 147311 (2020) Kat:3, Licht: 0,147311,3,6,2,02,09,4,0,0,0,1,0,0,0,0
"POINT (8.481094292000023 49.456939638000051)",Unfall 147376 (2020) Kat:3, Licht: 2,147376,3,2,6,03,18,2,1,2,0,1,1,0,0,0
"POINT (8.462072409000029 49.485910027000045)",Unfall 147390 (2020) Kat:3, Licht: 0,147390,3,3,5,02,15,6,0,0,0,1,0,0,0,0
"POINT (8.473402364000037 49.483528688000035)",Unfall 147400 (2020) Kat:3, Licht: 0,147400,3,7,6,02,15,2,0,0,0,1,1,0,0,0
"POINT (8.475653942000065 49.473385012000051)",Unfall 147414 (2020) Kat:3, Licht: 0,147414,3,6,1,02,15,2,0,0,0,1,0,0,0,0
"POINT (8.494388471000036 49.453690674000029)",Unfall 147425 (2020) Kat:3, Licht: 2,147425,3,5,5,02,22,2,0,2,0,1,0,1,0,0
"POINT (8.507415912000056 49.505384426000035)",Unfall 147466 (2020) Kat:3, Licht: 0,147466,3,6,3,02,16,2,0,0,0,1,0,0,1,0
"POINT (8.511842258000058 49.443369903000075)",Unfall 147469 (2020) Kat:3, Licht: 0,147469,3,7,6,02,07,2,1,0,0,0,1,0,0,1
"POINT (8.520300835000057 49.450195028000053)",Unfall 147477 (2020) Kat:3, Licht: 0,147477,3,5,5,02,12,5,0,0,0,1,0,0,0,0
"POINT (8.480627455000047 49.479870429000073)",Unfall 147486 (2020) Kat:2, Licht: 2,147486,2,7,0,03,19,2,1,2,1,0,0,0,0,0
"POINT (8.488687315000050 49.463112076000073)",Unfall 147502 (2020) Kat:3, Licht: 0,147502,3,5,5,02,13,6,0,0,1,1,0,0,0,0
"POINT (8.487223456000038 49.475011663000032)",Unfall 147552 (2020) Kat:3, Licht: 2,147552,3,2,5,02,17,5,1,2,0,1,0,0,0,0
"POINT (8.456320944000026 49.490065170000037)",Unfall 147558 (2020) Kat:3, Licht: 0,147558,3,6,2,02,15,6,0,0,0,1,0,0,0,0
"POINT (8.448855810000055 49.542816047000031)",Unfall 147590 (2020) Kat:3, Licht: 0,147590,3,2,6,02,13,5,0,0,0,1,1,0,0,0
"POINT (8.482066836000058 49.478702906000080)",Unfall 147596 (2020) Kat:3, Licht: 0,147596,3,5,1,02,12,7,0,0,1,1,0,0,0,0
"POINT (8.484127402000070 49.496606072000077)",Unfall 147597 (2020) Kat:3, Licht: 0,147597,3,5,3,02,09,6,0,0,1,1,0,0,0,0