WKT,Name,OBJECTID,UKATEGORIE,UTYP1,UART,UMONAT,USTUNDE,UWOCHENTAG,STRZUSTAND,ULICHTVERH,ISTRAD,ISTPKW,ISTFUSS,ISTKRAD,ISTGKFZ,ISTSONSTIG
"POINT (8.500619964000066 49.450366409000026)",Unfall 147614 (2020) Kat:3, Licht: 2,147614,3,1,9,02,01,6,1,2,0,1,0,0,0,0
"POINT (8.483128326000042 49.509896453000067)",Unfall 147618 (2020) Kat:2, Licht: 2,147618,2,1,9,02,21,6,0,2,0,1,0,1,0,0
"POINT (8.531316503000028 49.430685874000062)",Unfall 147642 (2020) Kat:3, Licht: 0,147642,3,3,5,02,10,5,0,0,0,1,0,0,0,0
"POINT (8.487097944000027 49.493796274000033)",Unfall 147662 (2020) Kat:3, Licht: 0,147662,3,7,6,03,09,4,1,0,0,1,1,0,0,0
"POINT (8.531854098000054 49.432320934000074)",Unfall 147684 (2020) Kat:3, Licht: 0,147684,3,3,5,03,17,7,0,0,0,1,0,0,0,0
"POINT (8.462789786000030 49.488958304000050)",Unfall 147718 (2020) Kat:3, Licht: 2,147718,3,3,5,03,20,3,1,2,0,1,0,0,0,1
"POINT (8.476167852000060 49.496099043000072)",Unfall 147724 (2020) Kat:3, Licht: 0,147724,3,6,2,03,09,2,0,0,0,1,0,0,0,0
"POINT (8.464238973000022 49.485636885000076)",Unfall 147769 (2020) Kat:3, Licht: 0,147769,3,7,0,03,10,6,1,0,1,0,0,0,0,0
"POINT (8.457235244000060 49.519947991000038)",Unfall 147778 (2020) Kat:3, Licht: 0,147778,3,6,2,03,09,2,0,0,0,1,0,0,0,0
"POINT (8.506225669000060 49.507394810000051)",Unfall 147780 (2020) Kat:3, Licht: 2,147780,3,3,5,03,20,5,0,2,1,1,0,0,0,0
"POINT (8.483737407000035 49.497370366000041)",Unfall 147789 (2020) Kat:3, Licht: 0,147789,3,3,5,03,11,5,0,0,1,1,0,0,0,0
"POINT (8.500279163000073 49.474314922000076)",Unfall 147793 (2020) Kat:3, Licht: 0,147793,3,6,2,03,13,7,0,0,0,1,0,0,0,0
"POINT (8.462901646000034 49.486656719000052)",Unfall 147804 (2020) Kat:3, Licht: 2,147804,3,3,5,03,20,5,1,2,0,1,0,0,0,0
"POINT (8.470088843000042 49.505527594000057)",Unfall 147811 (2020) Kat:3, Licht: 0,147811,3,2,5,03,16,5,1,0,0,1,0,0,0,0
"POINT (8.460884612000029 49.495070430000055)",Unfall 147847 (2020) Kat:3, Licht: 2,147847,3,3,5,03,21,7,1,2,0,1,0,0,0,0
"POINT (8.469997159000059 49.505285724000032)",Unfall 147883 (2020) Kat:2, Licht: 0,147883,2,5,0,03,11,3,0,0,1,0,0,0,0,1
"POINT (8.541755242000022 49.490107075000026)",Unfall 147887 (2020) Kat:3, Licht: 0,147887,3,6,3,03,07,3,0,0,1,1,0,0,0,0
"POINT (8.476135729000021 49.496068321000052)",Unfall 147888 (2020) Kat:3, Licht: 0,147888,3,3,5,03,15,2,0,0,0,1,0,0,0,1
"POINT (8.469481475000066 49.464757614000064)",Unfall 147889 (2020) Kat:3, Licht: 0,147889,3,3,5,03,09,5,0,0,1,1,0,0,0,0
"POINT (8.576896322000039 49.438330362000045)",Unfall 147935 (2020) Kat:3, Licht: 0,147935,3,5,1,03,17,3,0,0,0,1,0,1,0,0
"POINT (8.498532365000074 49.500655851000033)",Unfall 147989 (2020) Kat:3, Licht: 0,147989,3,5,5,03,14,6,0,0,0,1,0,0,0,0
"POINT (8.470264759000031 49.493563793000078)",Unfall 147996 (2020) Kat:3, Licht: 2,147996,3,4,6,03,19,5,0,2,0,0,1,0,0,1
"POINT (8.471406570000056 49.525075732000062)",Unfall 148006 (2020) Kat:2, Licht: 0,148006,2,6,3,03,07,1,0,0,1,1,0,0,0,0
"POINT (8.541430580000053 49.484986129000049)",Unfall 148057 (2020) Kat:2, Licht: 0,148057,2,5,1,03,15,7,0,0,1,1,0,0,0,0
"POINT (8.486929978000035 49.479804826000077)",Unfall 148063 (2020) Kat:3, Licht: 0,148063,3,5,1,03,08,2,0,0,0,1,0,0,0,0
"POINT (8.478609338000069 49.490439545000072)",Unfall 148084 (2020) Kat:3, Licht: 2,148084,3,6,2,03,19,6,0,2,0,1,0,0,0,0
"POINT (8.529650577000041 49.507896984000070)",Unfall 148091 (2020) Kat:3, Licht: 2,148091,3,3,5,03,23,5,0,2,0,1,0,1,0,0
"POINT (8.489266176000058 49.522593074000042)",Unfall 148153 (2020) Kat:3, Licht: 0,148153,3,3,5,03,11,2,0,0,1,1,0,0,0,0
"POINT (8.532285996000042 49.513021562000063)",Unfall 148239 (2020) Kat:3, Licht: 0,148239,3,7,6,03,11,5,0,0,0,1,1,0,0,0
"POINT (8.481026278000059 49.539125347000038)",Unfall 148277 (2020) Kat:3, Licht: 0,148277,3,3,5,04,17,2,0,0,1,1,0,0,0,0
"POINT (8.478705394000031 49.490609975000041)",Unfall 148291 (2020) Kat:3, Licht: 0,148291,3,6,3,04,14,5,0,0,0,1,0,0,0,0
"POINT (8.502847552000048 49.503616758000078)",Unfall 148298 (2020) Kat:3, Licht: 0,148298,3,6,1,03,15,4,0,0,0,1,0,0,0,0
"POINT (8.465991827000039 49.488672629000064)",Unfall 148304 (2020) Kat:3, Licht: 0,148304,3,6,1,03,12,4,0,0,0,1,0,0,0,0
"POINT (8.496888091000074 49.499897135000026)",Unfall 148340 (2020) Kat:3, Licht: 0,148340,3,3,5,03,15,3,0,0,0,1,0,1,0,0
"POINT (8.495676411000034 49.499087847000055)",Unfall 148362 (2020) Kat:3, Licht: 0,148362,3,2,3,03,12,2,0,0,1,0,0,0,0,1
"POINT (8.485739578000050 49.462791677000041)",Unfall 148363 (2020) Kat:3, Licht: 0,148363,3,7,0,03,16,2,0,0,0,1,0,1,0,0
"POINT (8.450625507000041 49.544221004000065)",Unfall 148384 (2020) Kat:3, Licht: 0,148384,3,3,5,03,14,1,0,0,0,1,0,0,0,0
"POINT (8.495909473000040 49.508917583000027)",Unfall 148419 (2020) Kat:3, Licht: 0,148419,3,4,0,03,13,2,0,0,0,0,1,0,0,1
"POINT (8.536286940000025 49.421624442000052)",Unfall 148428 (2020) Kat:3, Licht: 0,148428,3,2,2,04,14,2,0,0,1,0,0,0,0,1
"POINT (8.490793960000076 49.530881736000026)",Unfall 148429 (2020) Kat:3, Licht: 0,148429,3,7,3,03,14,6,0,0,1,0,0,0,0,1
"POINT (8.473536569000032 49.466952685000081)",Unfall 148431 (2020) Kat:3, Licht: 0,148431,3,6,2,03,14,6,0,0,0,1,0,0,0,0
"POINT (8.528030374000025 49.506177255000068)",Unfall 148475 (2020) Kat:3, Licht: 0,148475,3,3,5,04,19,4,0,0,0,1,0,0,0,0
"POINT (8.466153588000054 49.464988611000081)",Unfall 148488 (2020) Kat:2, Licht: 0,148488,2,5,1,04,09,5,0,0,1,1,0,0,0,0
"POINT (8.451223389000063 49.545260410000026)",Unfall 148521 (2020) Kat:3, Licht: 0,148521,3,3,5,04,10,7,0,0,1,1,0,0,0,0
"POINT (8.499684226000056 49.453930392000075)",Unfall 148526 (2020) Kat:3, Licht: 0,148526,3,3,5,04,10,5,0,0,0,1,0,0,1,0
"POINT (8.483404969000048 49.454856601000074)",Unfall 148618 (2020) Kat:3, Licht: 0,148618,3,5,1,04,13,3,0,0,0,1,0,0,0,1
"POINT (8.464273396000067 49.485673536000036)",Unfall 148659 (2020) Kat:3, Licht: 0,148659,3,5,1,04,15,3,0,0,1,1,0,0,0,0
"POINT (8.487983715000041 49.498293023000031)",Unfall 148666 (2020) Kat:2, Licht: 0,148666,2,4,6,04,10,5,0,0,0,1,1,0,0,0
"POINT (8.485846641000023 49.523577128000056)",Unfall 148673 (2020) Kat:3, Licht: 0,148673,3,3,4,04,15,7,0,0,0,1,0,1,0,0
"POINT (8.503669942000045 49.448896211000033)",Unfall 148745 (2020) Kat:3, Licht: 0,148745,3,6,1,04,13,4,0,0,0,1,0,1,0,0
"POINT (8.485963158000061 49.466395494000039)",Unfall 148804 (2020) Kat:3, Licht: 0,148804,3,2,5,04,07,5,0,0,1,0,0,0,0,1
"POINT (8.482290598000077 49.454057887000033)",Unfall 148815 (2020) Kat:2, Licht: 0,148815,2,3,5,04,18,5,0,0,1,1,0,0,0,0
"POINT (8.474126683000065 49.544417994000071)",Unfall 148822 (2020) Kat:3, Licht: 0,148822,3,7,0,04,17,6,0,0,1,0,0,0,0,0
"POINT (8.478703471000074 49.487479144000076)",Unfall 148826 (2020) Kat:3, Licht: 0,148826,3,7,1,04,10,6,0,0,0,1,0,0,0,0
"POINT (8.493864350000024 49.455825809000032)",Unfall 148831 (2020) Kat:3, Licht: 0,148831,3,3,5,04,17,6,0,0,1,1,0,0,0,0
"POINT (8.513883830000054 49.454225186000031)",Unfall 148857 (2020) Kat:2, Licht: 0,148857,2,2,5,04,16,2,0,0,0,1,0,1,0,0
"POINT (8.493503137000062 49.534143831000051)",Unfall 148858 (2020) Kat:3, Licht: 0,148858,3,3,5,04,14,2,0,0,0,1,0,0,0,0
"POINT (8.558251638000058 49.469628023000041)",Unfall 148909 (2020) Kat:3, Licht: 0,148909,3,6,3,04,13,1,0,0,1,1,0,0,0,0
"POINT (8.493865485000072 49.455825983000068)",Unfall 148943 (2020) Kat:3, Licht: 0,148943,3,3,5,04,14,7,0,0,0,1,0,0,0,1
"POINT (8.471581451000077 49.493483050000066)",Unfall 148976 (2020) Kat:3, Licht: 0,148976,3,7,0,04,08,2,1,0,1,0,0,0,0,1
"POINT (8.474030509000045 49.516014636000079)",Unfall 148980 (2020) Kat:3, Licht: 0,148980,3,6,2,04,13,4,0,0,0,1,0,0,1,0
"POINT (8.448284735000073 49.542573521000065)",Unfall 149011 (2020) Kat:3, Licht: 0,149011,3,7,6,05,10,7,0,0,0,1,1,0,0,0
"POINT (8.486129671000072 49.526416138000059)",Unfall 149030 (2020) Kat:3, Licht: 0,149030,3,3,5,04,16,4,0,0,0,1,0,0,0,0
"POINT (8.535785790000034 49.455002193000041)",Unfall 149038 (2020) Kat:3, Licht: 2,149038,3,7,0,04,21,5,0,2,0,0,1,1,0,0
"POINT (8.556470613000045 49.511523526000076)",Unfall 149084 (2020) Kat:3, Licht: 1,149084,3,3,5,04,21,2,0,1,0,1,0,0,0,0
"POINT (8.480905152000048 49.547044855000081)",Unfall 149120 (2020) Kat:3, Licht: 0,149120,3,2,6,05,16,7,0,0,0,1,1,0,0,0
"POINT (8.498010542000031 49.502970802000050)",Unfall 149122 (2020) Kat:3, Licht: 0,149122,3,3,5,04,17,6,0,0,0,1,0,0,0,0
"POINT (8.496759573000077 49.452071046000071)",Unfall 149140 (2020) Kat:2, Licht: 0,149140,2,6,3,04,05,4,0,0,1,1,0,0,0,0
"POINT (8.506863033000059 49.447350871000026)",Unfall 149147 (2020) Kat:3, Licht: 0,149147,3,7,3,04,10,5,0,0,0,1,0,0,0,1
"POINT (8.476221324000051 49.463970787000051)",Unfall 149172 (2020) Kat:2, Licht: 0,149172,2,7,0,04,10,2,0,0,0,1,0,0,0,0
"POINT (8.481219130000056 49.479524987000048)",Unfall 149193 (2020) Kat:3, Licht: 0,149193,3,5,0,04,20,7,0,0,1,0,0,0,0,0
"POINT (8.533615919000056 49.435533698000029)",Unfall 149326 (2020) Kat:3, Licht: 0,149326,3,1,1,05,17,2,0,0,0,1,0,0,0,0
"POINT (8.550945916000046 49.498070726000037)",Unfall 149328 (2020) Kat:1, Licht: 2,149328,1,4,6,05,21,2,0,2,0,0,1,0,0,1
"POINT (8.473606013000051 49.518358196000065)",Unfall 149379 (2020) Kat:3, Licht: 0,149379,3,6,3,05,07,4,0,0,1,1,0,0,0,0
"POINT (8.483487602000025 49.500066746000073)",Unfall 149381 (2020) Kat:3, Licht: 1,149381,3,5,1,05,20,4,0,1,1,1,0,0,0,0
"POINT (8.466303974000027 49.490620917000058)",Unfall 149382 (2020) Kat:3, Licht: 2,149382,3,3,5,05,00,4,0,2,1,1,0,0,0,0
"POINT (8.506863033000059 49.447350871000026)",Unfall 149383 (2020) Kat:3, Licht: 0,149383,3,7,3,05,17,4,0,0,0,1,0,0,0,1
"POINT (8.487958484000046 49.458420136000029)",Unfall 149445 (2020) Kat:3, Licht: 1,149445,3,3,4,05,20,3,0,1,1,1,0,0,0,0
"POINT (8.468506484000045 49.480878036000036)",Unfall 149460 (2020) Kat:3, Licht: 0,149460,3,5,1,05,15,3,0,0,1,1,0,0,0,0
"POINT (8.511323590000075 49.518506056000035)",Unfall 149465 (2020) Kat:3, Licht: 0,149465,3,6,1,05,12,3,0,0,0,1,0,0,0,0
"POINT (8.536046944000077 49.420135055000060)",Unfall 149487 (2020) Kat:3, Licht: 0,149487,3,2,5,05,11,5,0,0,0,1,0,0,0,0
"POINT (8.470902098000067 49.450282035000043)",Unfall 149630 (2020) Kat:3, Licht: 0,149630,3,3,5,05,18,7,0,0,0,1,0,1,0,0
"POINT (8.486582055000042 49.513182451000034)",Unfall 149652 (2020) Kat:3, Licht: 0,149652,3,6,2,05,16,4,0,0,0,1,0,0,0,0
"POINT (8.575718404000043 49.440503457000034)",Unfall 149681 (2020) Kat:2, Licht: 0,149681,2,5,5,05,18,1,0,0,1,1,0,0,0,0
"POINT (8.532385167000030 49.506245962000037)",Unfall 149697 (2020) Kat:3, Licht: 0,149697,3,4,0,05,18,7,0,0,0,0,1,0,0,1
"POINT (8.456494539000062 49.491124120000052)",Unfall 149698 (2020) Kat:3, Licht: 0,149698,3,6,2,05,17,6,0,0,0,1,0,0,0,0
"POINT (8.533992990000058 49.424660684000060)",Unfall 149762 (2020) Kat:2, Licht: 0,149762,2,7,0,05,14,5,0,0,1,0,0,0,0,0
"POINT (8.484180883000022 49.470995049000067)",Unfall 149824 (2020) Kat:2, Licht: 0,149824,2,1,0,05,15,4,0,0,0,0,0,1,0,0
"POINT (8.482371041000022 49.485668488000044)",Unfall 149851 (2020) Kat:3, Licht: 0,149851,3,3,5,05,06,2,0,0,0,1,0,1,0,0
"POINT (8.480905152000048 49.547044855000081)",Unfall 149885 (2020) Kat:3, Licht: 0,149885,3,3,5,05,10,6,0,0,1,1,0,0,0,0
"POINT (8.464710557000046 49.487405159000048)",Unfall 150022 (2020) Kat:3, Licht: 0,150022,3,6,0,05,12,5,0,0,1,1,0,0,0,0
"POINT (8.489942395000071 49.457769173000031)",Unfall 150057 (2020) Kat:3, Licht: 0,150057,3,5,1,05,13,4,0,0,1,1,0,0,0,0
"POINT (8.453631723000058 49.550525003000075)",Unfall 150071 (2020) Kat:3, Licht: 0,150071,3,3,5,05,15,5,0,0,0,1,0,0,0,1
"POINT (8.581682152000042 49.442973824000035)",Unfall 150105 (2020) Kat:3, Licht: 0,150105,3,3,5,05,19,1,0,0,1,1,0,0,0,0
"POINT (8.533461809000073 49.473593456000060)",Unfall 150167 (2020) Kat:3, Licht: 0,150167,3,6,0,05,14,4,0,0,1,1,0,0,0,0
"POINT (8.514330249000068 49.433793793000063)",Unfall 150183 (2020) Kat:2, Licht: 2,150183,2,1,0,05,23,5,0,2,1,0,0,0,0,0
"POINT (8.476607704000060 49.502743504000080)",Unfall 150219 (2020) Kat:3, Licht: 0,150219,3,5,5,05,13,7,0,0,1,1,0,0,0,0
"POINT (8.502845197000056 49.475020378000067)",Unfall 150245 (2020) Kat:3, Licht: 0,150245,3,6,4,06,16,5,0,0,0,1,0,1,0,0
"POINT (8.471551013000067 49.493246035000027)",Unfall 150251 (2020) Kat:3, Licht: 0,150251,3,7,0,06,13,5,1,0,1,0,0,0,0,0
"POINT (8.479264040000032 49.482449129000031)",Unfall 150297 (2020) Kat:3, Licht: 2,150297,3,3,5,06,23,7,0,2,0,1,0,0,0,0
"POINT (8.488010577000068 49.527160920000028)",Unfall 150332 (2020) Kat:3, Licht: 0,150332,3,5,0,06,09,4,0,0,1,1,0,0,0,0
"POINT (8.484523475000060 49.468078985000034)",Unfall 150333 (2020) Kat:3, Licht: 0,150333,3,3,5,06,17,4,0,0,1,1,0,0,0,0
"POINT (8.459125920000076 49.492044867000061)",Unfall 150334 (2020) Kat:3, Licht: 0,150334,3,6,3,06,20,4,0,0,0,1,0,0,1,0
"POINT (8.479541422000068 49.475359181000044)",Unfall 150335 (2020) Kat:2, Licht: 0,150335,2,3,5,06,08,4,0,0,1,1,0,0,0,0
"POINT (8.489840435000076 49.453658862000054)",Unfall 150447 (2020) Kat:3, Licht: 0,150447,3,5,0,06,16,3,0,0,1,1,0,0,0,0
"POINT (8.482287007000025 49.454048242000056)",Unfall 150451 (2020) Kat:3, Licht: 0,150451,3,4,6,06,16,3,0,0,0,0,1,0,0,1
"POINT (8.514418056000068 49.433751153000060)",Unfall 150453 (2020) Kat:3, Licht: 0,150453,3,6,3,06,06,3,0,0,1,0,0,0,1,0
"POINT (8.551196672000060 49.511207930000069)",Unfall 150455 (2020) Kat:2, Licht: 0,150455,2,6,1,06,14,3,0,0,0,1,0,0,0,0
"POINT (8.473422260000064 49.518533314000081)",Unfall 150456 (2020) Kat:3, Licht: 0,150456,3,7,0,06,12,3,0,0,0,0,0,1,0,0
"POINT (8.509421616000054 49.443493508000074)",Unfall 150457 (2020) Kat:3, Licht: 0,150457,3,6,9,06,06,3,0,0,0,1,0,0,0,0
"POINT (8.479144846000054 49.452953937000075)",Unfall 150460 (2020) Kat:3, Licht: 0,150460,3,2,3,06,12,7,0,0,1,1,0,0,0,0
"POINT (8.510269384000026 49.516918179000072)",Unfall 150502 (2020) Kat:3, Licht: 0,150502,3,7,6,06,12,5,0,0,0,1,1,0,0,0
"POINT (8.471167138000055 49.546717470000033)",Unfall 150524 (2020) Kat:3, Licht: 0,150524,3,3,5,06,20,2,0,0,1,1,0,0,0,0
"POINT (8.497344362000035 49.450589818000026)",Unfall 150528 (2020) Kat:3, Licht: 0,150528,3,2,0,06,11,2,0,0,1,1,0,0,0,0
"POINT (8.501151368000024 49.514721623000071)",Unfall 150531 (2020) Kat:3, Licht: 0,150531,3,6,3,06,14,2,1,0,0,1,0,1,0,0
"POINT (8.468186802000048 49.479774574000032)",Unfall 150552 (2020) Kat:2, Licht: 1,150552,2,7,6,06,18,3,0,1,1,0,1,0,0,0
"POINT (8.472131585000057 49.494080622000070)",Unfall 150584 (2020) Kat:3, Licht: 0,150584,3,6,2,06,17,2,1,0,0,1,0,0,0,0
"POINT (8.464737704000072 49.486008990000073)",Unfall 150622 (2020) Kat:3, Licht: 0,150622,3,2,6,06,15,4,0,0,0,1,1,0,0,0
"POINT (8.477296812000077 49.499534444000062)",Unfall 150625 (2020) Kat:3, Licht: 0,150625,3,7,5,06,12,6,0,0,1,1,0,0,0,0
"POINT (8.471137112000065 49.480755565000038)",Unfall 150627 (2020) Kat:3, Licht: 2,150627,3,1,0,06,02,5,0,2,0,0,0,0,0,1
"POINT (8.492222882000021 49.458707651000054)",Unfall 150650 (2020) Kat:3, Licht: 0,150650,3,3,5,06,10,2,0,0,1,1,0,0,0,0
"POINT (8.519215303000067 49.423009335000074)",Unfall 150655 (2020) Kat:3, Licht: 0,150655,3,2,3,06,05,3,0,0,1,0,0,0,1,0
"POINT (8.483713194000075 49.495837975000029)",Unfall 150665 (2020) Kat:3, Licht: 0,150665,3,5,1,06,10,7,0,0,1,1,0,0,0,0
"POINT (8.482891283000072 49.468212949000076)",Unfall 150749 (2020) Kat:3, Licht: 0,150749,3,3,5,06,16,2,0,0,1,0,0,1,0,0
"POINT (8.489760373000024 49.493141416000071)",Unfall 150754 (2020) Kat:3, Licht: 0,150754,3,4,6,06,13,3,0,0,0,1,1,0,0,0
"POINT (8.458328654000070 49.545797535000077)",Unfall 150807 (2020) Kat:2, Licht: 0,150807,2,3,5,06,18,3,0,0,1,1,0,0,0,0
"POINT (8.515119458000072 49.507469835000052)",Unfall 150813 (2020) Kat:3, Licht: 0,150813,3,6,3,06,15,3,1,0,1,1,0,0,0,0
"POINT (8.564467375000049 49.466159468000058)",Unfall 150818 (2020) Kat:3, Licht: 0,150818,3,6,0,06,07,3,0,0,1,1,0,0,0,0
"POINT (8.525640561000046 49.510120082000071)",Unfall 150820 (2020) Kat:3, Licht: 0,150820,3,6,2,06,17,3,0,0,0,1,0,0,0,0
"POINT (8.540920233000065 49.490149960000053)",Unfall 150823 (2020) Kat:3, Licht: 0,150823,3,7,6,06,13,3,1,0,0,1,1,0,0,0
"POINT (8.507735212000057 49.511621446000049)",Unfall 150900 (2020) Kat:3, Licht: 1,150900,3,5,1,06,06,5,0,1,0,1,0,0,0,0
"POINT (8.534653466000066 49.423874045000048)",Unfall 150903 (2020) Kat:3, Licht: 1,150903,3,2,3,06,21,5,0,1,0,1,0,1,0,0
"POINT (8.475445304000061 49.465107544000034)",Unfall 150919 (2020) Kat:3, Licht: 1,150919,3,3,5,06,21,7,0,1,0,1,0,1,0,0
"POINT (8.509152094000058 49.478575759000080)",Unfall 150976 (2020) Kat:3, Licht: 0,150976,3,6,2,06,13,4,1,0,0,1,0,0,0,1
"POINT (8.483672684000055 49.510090868000077)",Unfall 151068 (2020) Kat:3, Licht: 0,151068,3,2,5,06,20,3,0,0,0,1,0,0,0,0
"POINT (8.480999270000041 49.544576837000079)",Unfall 151071 (2020) Kat:3, Licht: 0,151071,3,2,4,06,17,5,0,0,0,1,0,1,0,0
"POINT (8.469978799000046 49.486277257000040)",Unfall 151079 (2020) Kat:3, Licht: 0,151079,3,4,6,06,13,2,0,0,0,0,1,0,0,1
"POINT (8.460230804000048 49.519133199000066)",Unfall 151104 (2020) Kat:3, Licht: 0,151104,3,3,5,06,15,3,0,0,1,1,0,0,0,0
"POINT (8.525510939000071 49.423097056000074)",Unfall 151107 (2020) Kat:3, Licht: 0,151107,3,7,0,06,10,5,0,0,1,0,0,0,0,0
"POINT (8.490542222000045 49.530576901000074)",Unfall 151172 (2020) Kat:2, Licht: 0,151172,2,2,4,06,13,3,0,0,0,1,0,1,0,0
"POINT (8.481066461000069 49.547023010000032)",Unfall 151225 (2020) Kat:3, Licht: 0,151225,3,2,5,06,05,4,0,0,0,1,0,1,0,0
"POINT (8.474239049000062 49.517717955000080)",Unfall 151232 (2020) Kat:3, Licht: 0,151232,3,6,2,06,16,4,0,0,0,1,0,0,0,0
"POINT (8.491554359000077 49.454425420000064)",Unfall 151233 (2020) Kat:3, Licht: 0,151233,3,3,5,06,10,4,0,0,1,1,0,0,0,0
"POINT (8.485142051000025 49.458034268000063)",Unfall 151236 (2020) Kat:3, Licht: 0,151236,3,7,6,06,12,4,0,0,0,1,1,0,0,0
"POINT (8.495387546000075 49.521362646000057)",Unfall 151260 (2020) Kat:3, Licht: 0,151260,3,7,6,06,14,3,0,0,1,0,1,0,0,0
"POINT (8.467080743000054 49.471983769000076)",Unfall 151275 (2020) Kat:3, Licht: 0,151275,3,2,6,06,17,1,0,0,0,1,1,0,0,0
"POINT (8.524813339000048 49.436417324000047)",Unfall 151350 (2020) Kat:3, Licht: 0,151350,3,4,6,06,11,1,0,0,0,1,1,0,0,0
"POINT (8.473995939000076 49.496129025000073)",Unfall 151366 (2020) Kat:3, Licht: 0,151366,3,6,1,06,19,3,0,0,0,1,0,1,0,0
"POINT (8.474775177000026 49.496503964000055)",Unfall 151373 (2020) Kat:3, Licht: 0,151373,3,6,3,07,13,4,0,0,0,1,0,1,0,0
"POINT (8.488285112000028 49.463617450000072)",Unfall 151446 (2020) Kat:2, Licht: 0,151446,2,7,3,06,10,2,0,0,0,0,0,0,1,1
"POINT (8.454983741000035 49.521534766000059)",Unfall 151478 (2020) Kat:3, Licht: 0,151478,3,1,0,07,11,4,0,0,1,0,0,0,0,0
"POINT (8.466161764000049 49.490676528000051)",Unfall 151533 (2020) Kat:3, Licht: 0,151533,3,7,6,06,21,2,0,0,1,0,1,0,0,0
"POINT (8.480888698000058 49.547046144000035)",Unfall 151541 (2020) Kat:3, Licht: 1,151541,3,3,5,07,21,5,0,1,1,1,0,0,0,0
"POINT (8.477927682000029 49.480823583000074)",Unfall 151543 (2020) Kat:3, Licht: 0,151543,3,2,2,07,14,5,0,0,0,1,0,1,0,0
"POINT (8.491311933000077 49.510584145000053)",Unfall 151545 (2020) Kat:3, Licht: 0,151545,3,1,8,07,20,2,0,0,0,1,0,0,0,0
"POINT (8.459869725000033 49.495020744000044)",Unfall 151548 (2020) Kat:3, Licht: 0,151548,3,6,3,07,19,1,0,0,1,1,0,0,0,0
"POINT (8.456018840000070 49.483885934000057)",Unfall 151550 (2020) Kat:3, Licht: 0,151550,3,7,0,07,19,1,0,0,0,0,0,0,0,1
"POINT (8.478518164000036 49.460279364000030)",Unfall 151553 (2020) Kat:3, Licht: 0,151553,3,3,5,07,10,5,0,0,1,1,0,0,0,0
"POINT (8.457208151000032 49.494216648000076)",Unfall 151555 (2020) Kat:3, Licht: 0,151555,3,2,6,07,19,5,0,0,0,1,1,0,0,0
"POINT (8.536046944000077 49.420135055000060)",Unfall 151610 (2020) Kat:3, Licht: 0,151610,3,2,3,07,10,2,0,0,1,0,0,0,0,1
"POINT (8.479658421000067 49.501334837000059)",Unfall 151619 (2020) Kat:3, Licht: 0,151619,3,2,5,07,14,7,0,0,1,1,0,0,0,0
"POINT (8.491582944000072 49.510529725000026)",Unfall 151701 (2020) Kat:3, Licht: 2,151701,3,3,5,07,01,2,0,2,0,1,0,0,0,0
"POINT (8.466168948000075 49.470396493000067)",Unfall 151814 (2020) Kat:3, Licht: 0,151814,3,6,4,07,17,5,0,0,1,1,0,0,0,0
"POINT (8.479672107000056 49.479412706000062)",Unfall 151826 (2020) Kat:3, Licht: 0,151826,3,2,4,07,14,3,0,0,1,1,0,0,0,0
"POINT (8.529268165000076 49.412227417000054)",Unfall 151831 (2020) Kat:3, Licht: 0,151831,3,7,0,07,18,3,0,0,0,0,0,1,0,0
"POINT (8.480469933000052 49.462880539000025)",Unfall 151835 (2020) Kat:3, Licht: 2,151835,3,1,0,07,23,3,0,2,0,0,0,1,0,0
"POINT (8.466183259000047 49.473559545000057)",Unfall 151838 (2020) Kat:3, Licht: 0,151838,3,2,1,07,13,4,0,0,1,1,0,0,0,0
"POINT (8.523969360000024 49.433235745000047)",Unfall 151841 (2020) Kat:3, Licht: 0,151841,3,7,0,07,13,3,0,0,1,1,0,0,0,0
"POINT (8.467889222000054 49.498744054000042)",Unfall 151846 (2020) Kat:3, Licht: 0,151846,3,7,0,07,13,3,0,0,0,0,1,0,0,1
"POINT (8.528333106000048 49.491666934000079)",Unfall 151891 (2020) Kat:2, Licht: 0,151891,2,5,1,07,19,5,0,0,1,1,0,0,0,0
"POINT (8.492520669000044 49.506959292000033)",Unfall 151916 (2020) Kat:3, Licht: 0,151916,3,7,1,07,16,5,0,0,1,1,0,0,0,0
"POINT (8.470804693000048 49.490292279000073)",Unfall 151966 (2020) Kat:3, Licht: 0,151966,3,6,3,07,16,5,0,0,1,1,0,0,0,0
"POINT (8.450027591000037 49.549680567000053)",Unfall 151970 (2020) Kat:3, Licht: 0,151970,3,6,2,07,16,6,0,0,0,1,0,0,0,0
"POINT (8.471953988000053 49.492926991000047)",Unfall 151990 (2020) Kat:3, Licht: 0,151990,3,4,6,07,18,4,0,0,0,1,1,0,0,0