WKT,Name,OBJECTID,UKATEGORIE,UTYP1,UART,UMONAT,USTUNDE,UWOCHENTAG,STRZUSTAND,ULICHTVERH,ISTRAD,ISTPKW,ISTFUSS,ISTKRAD,ISTGKFZ,ISTSONSTIG
"POINT (8.474031446000026 49.482360357000061)",Unfall 152042 (2020) Kat:3, Licht: 0,152042,3,3,0,07,16,5,0,0,1,1,0,0,0,0
"POINT (8.519375023000066 49.505494898000052)",Unfall 152054 (2020) Kat:3, Licht: 0,152054,3,7,0,07,14,2,0,0,1,0,0,0,1,0
"POINT (8.566608462000033 49.456920850000074)",Unfall 152059 (2020) Kat:3, Licht: 0,152059,3,6,5,07,18,3,0,0,1,0,0,0,0,0
"POINT (8.473208907000071 49.481464212000049)",Unfall 152099 (2020) Kat:3, Licht: 0,152099,3,7,4,07,15,3,0,0,1,0,0,1,0,0
"POINT (8.507384117000072 49.505361911000080)",Unfall 152104 (2020) Kat:3, Licht: 0,152104,3,6,1,07,07,2,0,0,0,1,0,1,0,0
"POINT (8.519167207000066 49.490234340000029)",Unfall 152105 (2020) Kat:3, Licht: 0,152105,3,3,5,07,08,1,0,0,1,1,0,0,0,0
"POINT (8.455150163000042 49.544177038000043)",Unfall 152107 (2020) Kat:3, Licht: 0,152107,3,7,1,07,17,2,0,0,0,1,0,1,0,0
"POINT (8.527292056000022 49.513907905000053)",Unfall 152111 (2020) Kat:2, Licht: 0,152111,2,3,5,07,15,3,0,0,1,0,0,1,0,0
"POINT (8.470403767000050 49.507562969000048)",Unfall 152112 (2020) Kat:3, Licht: 0,152112,3,4,6,07,15,5,0,0,1,0,1,0,0,0
"POINT (8.449863240000070 49.510000304000073)",Unfall 152151 (2020) Kat:3, Licht: 0,152151,3,2,4,07,15,3,0,0,0,1,0,1,0,0
"POINT (8.460077650000073 49.493072808000079)",Unfall 152212 (2020) Kat:3, Licht: 0,152212,3,3,0,07,16,2,0,0,1,1,0,0,0,0
"POINT (8.562721541000030 49.467206026000042)",Unfall 152219 (2020) Kat:2, Licht: 0,152219,2,6,0,07,17,3,0,0,1,1,0,0,0,0
"POINT (8.477809138000055 49.480798474000039)",Unfall 152256 (2020) Kat:3, Licht: 2,152256,3,1,0,07,03,4,1,2,1,0,0,0,0,0
"POINT (8.493684452000025 49.500808890000030)",Unfall 152259 (2020) Kat:3, Licht: 0,152259,3,3,5,07,13,3,0,0,1,1,0,0,0,0
"POINT (8.469243665000022 49.476926737000042)",Unfall 152267 (2020) Kat:3, Licht: 0,152267,3,3,5,07,09,2,0,0,0,1,0,0,0,0
"POINT (8.504714953000075 49.448077452000064)",Unfall 152277 (2020) Kat:3, Licht: 0,152277,3,7,5,07,12,7,0,0,0,1,0,1,0,0
"POINT (8.548249060000046 49.502226770000050)",Unfall 152281 (2020) Kat:3, Licht: 0,152281,3,3,0,07,16,7,0,0,1,1,0,0,0,0
"POINT (8.484265635000043 49.456052221000050)",Unfall 152297 (2020) Kat:3, Licht: 0,152297,3,3,5,07,16,4,0,0,0,1,0,1,0,0
"POINT (8.492656730000022 49.533091054000067)",Unfall 152352 (2020) Kat:3, Licht: 0,152352,3,6,2,07,16,1,0,0,1,1,0,0,0,0
"POINT (8.467838750000055 49.490781961000039)",Unfall 152361 (2020) Kat:3, Licht: 0,152361,3,4,6,07,11,7,0,0,1,0,1,0,0,0
"POINT (8.551112342000067 49.511183703000029)",Unfall 152362 (2020) Kat:3, Licht: 0,152362,3,6,2,07,08,3,0,0,0,1,0,0,1,0
"POINT (8.484161670000049 49.498798706000059)",Unfall 152470 (2020) Kat:3, Licht: 1,152470,3,3,5,07,05,3,0,1,0,1,0,1,0,0
"POINT (8.483625606000032 49.509087519000047)",Unfall 152475 (2020) Kat:3, Licht: 0,152475,3,1,0,07,14,6,0,0,0,1,0,0,0,0
"POINT (8.478754931000026 49.546929506000026)",Unfall 152478 (2020) Kat:3, Licht: 0,152478,3,2,5,07,14,6,0,0,1,1,0,0,0,0
"POINT (8.477309723000076 49.497383403000072)",Unfall 152511 (2020) Kat:3, Licht: 2,152511,3,3,5,07,23,1,0,2,1,1,0,0,0,0
"POINT (8.491153662000045 49.499642974000039)",Unfall 152522 (2020) Kat:3, Licht: 0,152522,3,3,5,07,14,3,0,0,1,0,0,0,0,1
"POINT (8.510446707000028 49.446608725000033)",Unfall 152525 (2020) Kat:3, Licht: 0,152525,3,3,5,07,14,2,0,0,1,1,0,0,0,0
"POINT (8.524738754000055 49.421538740000074)",Unfall 152575 (2020) Kat:3, Licht: 0,152575,3,1,0,07,13,1,0,0,1,0,0,0,0,0
"POINT (8.476276767000059 49.488715818000060)",Unfall 152595 (2020) Kat:2, Licht: 0,152595,2,3,5,07,19,2,0,0,1,1,0,0,0,0
"POINT (8.512214548000031 49.489082091000057)",Unfall 152638 (2020) Kat:2, Licht: 0,152638,2,3,5,07,15,7,0,0,1,1,0,0,0,0
"POINT (8.463169290000053 49.484515894000026)",Unfall 152704 (2020) Kat:3, Licht: 0,152704,3,6,1,07,12,2,0,0,0,1,0,1,0,0
"POINT (8.483198585000025 49.496575017000055)",Unfall 152718 (2020) Kat:3, Licht: 0,152718,3,3,5,07,06,6,0,0,0,1,0,0,0,0
"POINT (8.471973575000050 49.485442469000077)",Unfall 152743 (2020) Kat:3, Licht: 0,152743,3,5,0,07,12,4,0,0,1,1,0,0,0,0
"POINT (8.449214846000075 49.541187925000031)",Unfall 152910 (2020) Kat:3, Licht: 0,152910,3,7,6,07,17,3,0,0,1,0,1,0,0,0
"POINT (8.463536395000062 49.487353184000028)",Unfall 153040 (2020) Kat:3, Licht: 0,153040,3,5,1,07,13,4,0,0,1,1,0,0,0,0
"POINT (8.470826062000072 49.482514839000032)",Unfall 153060 (2020) Kat:3, Licht: 0,153060,3,2,1,07,18,5,0,0,1,1,0,0,0,0
"POINT (8.481581938000034 49.474828218000027)",Unfall 153064 (2020) Kat:3, Licht: 0,153064,3,7,6,07,11,5,0,0,0,1,1,0,0,0
"POINT (8.508920403000047 49.428478408000046)",Unfall 153070 (2020) Kat:3, Licht: 0,153070,3,7,1,07,17,5,0,0,0,1,0,0,0,0
"POINT (8.500520349000055 49.526302783000062)",Unfall 153072 (2020) Kat:2, Licht: 0,153072,2,3,5,07,14,5,0,0,1,1,0,0,0,0
"POINT (8.468372801000044 49.475941751000050)",Unfall 153079 (2020) Kat:3, Licht: 0,153079,3,3,5,07,18,5,0,0,0,1,0,0,0,1
"POINT (8.471336528000052 49.479420857000036)",Unfall 153105 (2020) Kat:3, Licht: 0,153105,3,7,0,08,17,3,0,0,1,0,0,0,0,0
"POINT (8.527703081000027 49.443826909000052)",Unfall 153181 (2020) Kat:3, Licht: 0,153181,3,5,3,08,19,1,0,0,1,1,0,0,0,0
"POINT (8.478445588000056 49.514365897000062)",Unfall 153184 (2020) Kat:3, Licht: 0,153184,3,6,2,08,18,4,0,0,0,1,0,0,0,0
"POINT (8.483224058000076 49.532110545000080)",Unfall 153189 (2020) Kat:3, Licht: 0,153189,3,3,5,08,20,1,0,0,0,1,0,0,0,0
"POINT (8.491966391000062 49.469780174000050)",Unfall 153223 (2020) Kat:3, Licht: 0,153223,3,6,1,08,09,2,0,0,0,1,0,0,0,0
"POINT (8.461953676000064 49.489355251000063)",Unfall 153236 (2020) Kat:3, Licht: 0,153236,3,3,5,08,17,2,0,0,0,1,0,0,0,1
"POINT (8.477010520000022 49.515571568000041)",Unfall 153306 (2020) Kat:3, Licht: 0,153306,3,7,1,08,10,5,0,0,0,0,0,1,0,1
"POINT (8.467424365000056 49.490350928000055)",Unfall 153323 (2020) Kat:3, Licht: 2,153323,3,7,0,08,02,7,0,2,0,1,0,0,0,0
"POINT (8.498912026000028 49.477898528000026)",Unfall 153368 (2020) Kat:2, Licht: 0,153368,2,3,5,08,10,5,1,0,1,1,0,0,0,0
"POINT (8.554256175000035 49.497036528000081)",Unfall 153381 (2020) Kat:3, Licht: 0,153381,3,7,0,08,13,4,0,0,1,0,0,0,0,0
"POINT (8.468807193000032 49.487584809000055)",Unfall 153382 (2020) Kat:3, Licht: 0,153382,3,5,1,08,15,4,0,0,1,1,0,0,0,0
"POINT (8.476937015000033 49.503945126000076)",Unfall 153383 (2020) Kat:3, Licht: 0,153383,3,2,4,08,13,4,0,0,1,1,0,0,0,0
"POINT (8.477474991000065 49.485882413000070)",Unfall 153402 (2020) Kat:3, Licht: 0,153402,3,5,1,08,13,7,0,0,1,1,0,0,0,0
"POINT (8.477913437000041 49.497593161000054)",Unfall 153471 (2020) Kat:3, Licht: 0,153471,3,5,5,08,06,5,0,0,1,1,0,0,0,0
"POINT (8.468487940000046 49.544274768000037)",Unfall 153519 (2020) Kat:3, Licht: 1,153519,3,3,5,08,05,2,0,1,0,1,0,0,0,0
"POINT (8.523506625000039 49.435925324000038)",Unfall 153521 (2020) Kat:3, Licht: 0,153521,3,5,1,08,18,2,0,0,0,1,0,0,0,1
"POINT (8.506449068000052 49.474620789000028)",Unfall 153569 (2020) Kat:3, Licht: 0,153569,3,2,3,08,09,6,0,0,1,1,0,0,0,0
"POINT (8.476327440000034 49.484809646000031)",Unfall 153573 (2020) Kat:3, Licht: 0,153573,3,3,5,08,09,5,1,0,1,0,0,0,0,0
"POINT (8.482080973000052 49.490103222000073)",Unfall 153574 (2020) Kat:3, Licht: 0,153574,3,7,0,08,10,1,0,0,1,0,0,0,0,0
"POINT (8.507465206000063 49.444611904000055)",Unfall 153623 (2020) Kat:2, Licht: 0,153623,2,5,1,08,15,3,1,0,1,1,0,0,0,0
"POINT (8.496576434000076 49.520939921000036)",Unfall 153624 (2020) Kat:3, Licht: 0,153624,3,3,5,08,12,2,0,0,0,1,0,0,0,1
"POINT (8.499146270000040 49.473178170000040)",Unfall 153628 (2020) Kat:3, Licht: 0,153628,3,3,5,08,13,1,0,0,0,1,0,0,0,1
"POINT (8.488040727000055 49.463610354000082)",Unfall 153632 (2020) Kat:3, Licht: 2,153632,3,2,5,08,21,5,0,2,1,1,0,0,0,0
"POINT (8.503560319000030 49.492807667000079)",Unfall 153667 (2020) Kat:3, Licht: 0,153667,3,2,2,08,07,6,0,0,0,1,0,0,0,0
"POINT (8.462769591000040 49.521102412000062)",Unfall 153683 (2020) Kat:3, Licht: 0,153683,3,7,1,08,18,1,0,0,1,0,0,0,1,0
"POINT (8.466347390000067 49.490395323000030)",Unfall 153738 (2020) Kat:2, Licht: 0,153738,2,7,0,08,12,1,0,0,0,0,0,1,0,0
"POINT (8.469376498000031 49.487366780000059)",Unfall 153766 (2020) Kat:3, Licht: 0,153766,3,4,0,08,17,6,0,0,1,1,1,0,0,0
"POINT (8.493966183000055 49.511665464000032)",Unfall 153774 (2020) Kat:2, Licht: 1,153774,2,3,5,08,05,6,0,1,1,1,0,0,0,0
"POINT (8.521991273000026 49.514849322000032)",Unfall 153785 (2020) Kat:3, Licht: 1,153785,3,1,0,08,20,3,1,1,0,0,0,1,0,0
"POINT (8.469946044000039 49.489187685000047)",Unfall 153791 (2020) Kat:3, Licht: 0,153791,3,3,5,08,15,5,0,0,0,1,0,1,0,0
"POINT (8.525893692000068 49.435320166000054)",Unfall 153826 (2020) Kat:3, Licht: 0,153826,3,6,4,08,17,6,0,0,0,1,0,0,0,0
"POINT (8.465833965000059 49.490804711000067)",Unfall 153843 (2020) Kat:3, Licht: 2,153843,3,7,0,08,00,1,0,2,0,0,1,0,0,1
"POINT (8.495424834000062 49.451620446000049)",Unfall 153871 (2020) Kat:2, Licht: 0,153871,2,2,5,08,18,5,0,0,1,1,0,0,0,0
"POINT (8.486362813000028 49.526423986000054)",Unfall 153879 (2020) Kat:2, Licht: 0,153879,2,2,3,08,16,6,0,0,1,1,0,0,0,0
"POINT (8.533399843000041 49.486292217000027)",Unfall 153946 (2020) Kat:2, Licht: 0,153946,2,7,6,08,11,4,0,0,0,1,1,0,0,0
"POINT (8.466167715000040 49.499689369000066)",Unfall 153970 (2020) Kat:3, Licht: 2,153970,3,7,3,08,23,6,0,2,1,1,0,0,0,0
"POINT (8.473886955000069 49.518087112000046)",Unfall 154001 (2020) Kat:3, Licht: 0,154001,3,3,5,08,19,7,0,0,1,1,0,0,0,0
"POINT (8.473638253000047 49.481377128000076)",Unfall 154018 (2020) Kat:3, Licht: 1,154018,3,5,0,08,20,3,0,1,0,1,0,0,0,1
"POINT (8.468503311000063 49.498542627000063)",Unfall 154019 (2020) Kat:3, Licht: 0,154019,3,6,4,08,09,3,0,0,0,0,0,0,0,1
"POINT (8.470058433000077 49.504580642000064)",Unfall 154021 (2020) Kat:3, Licht: 0,154021,3,7,0,08,12,3,0,0,1,0,0,0,0,1
"POINT (8.479484541000034 49.489811368000062)",Unfall 154066 (2020) Kat:3, Licht: 0,154066,3,6,2,08,14,2,0,0,0,1,0,0,0,0
"POINT (8.482114970000055 49.478783650000025)",Unfall 154067 (2020) Kat:3, Licht: 0,154067,3,3,5,08,12,2,0,0,1,1,0,0,0,0
"POINT (8.483968753000056 49.510204516000044)",Unfall 154069 (2020) Kat:3, Licht: 0,154069,3,3,5,08,13,2,0,0,1,0,0,1,0,0
"POINT (8.534312286000045 49.417616067000040)",Unfall 154070 (2020) Kat:3, Licht: 0,154070,3,5,1,08,14,2,0,0,0,1,0,0,0,0
"POINT (8.465457121000043 49.488216671000032)",Unfall 154071 (2020) Kat:3, Licht: 0,154071,3,5,3,08,12,2,0,0,1,1,0,0,0,0
"POINT (8.487023681000039 49.496420785000055)",Unfall 154074 (2020) Kat:3, Licht: 0,154074,3,7,5,08,18,2,0,0,0,0,0,0,1,1
"POINT (8.481113382000046 49.456828919000031)",Unfall 154075 (2020) Kat:2, Licht: 0,154075,2,3,5,08,07,2,0,0,1,1,0,0,0,0
"POINT (8.473482118000050 49.483609151000053)",Unfall 154076 (2020) Kat:3, Licht: 0,154076,3,7,6,08,11,6,1,0,0,0,1,1,0,0
"POINT (8.521669788000054 49.508644379000032)",Unfall 154125 (2020) Kat:3, Licht: 2,154125,3,2,3,09,21,3,0,2,1,1,0,0,0,0
"POINT (8.484357055000032 49.462308374000031)",Unfall 154143 (2020) Kat:3, Licht: 0,154143,3,3,5,09,16,5,0,0,0,1,0,1,0,0
"POINT (8.469236879000050 49.485553122000056)",Unfall 154149 (2020) Kat:2, Licht: 0,154149,2,7,0,09,09,6,0,0,0,0,0,0,0,1
"POINT (8.499847746000057 49.505842177000034)",Unfall 154161 (2020) Kat:3, Licht: 0,154161,3,6,2,09,13,4,0,0,0,1,0,0,0,0
"POINT (8.473012411000070 49.483134640000060)",Unfall 154190 (2020) Kat:3, Licht: 2,154190,3,6,3,09,20,7,1,2,0,1,0,1,0,0
"POINT (8.462090972000055 49.500171365000028)",Unfall 154210 (2020) Kat:3, Licht: 0,154210,3,7,1,09,15,4,0,0,0,1,0,0,0,0
"POINT (8.467851249000034 49.481137629000045)",Unfall 154214 (2020) Kat:3, Licht: 2,154214,3,5,5,08,21,2,1,2,1,1,0,0,0,0
"POINT (8.544632935000038 49.507130071000063)",Unfall 154218 (2020) Kat:3, Licht: 0,154218,3,7,0,08,17,2,0,0,0,0,0,0,0,1
"POINT (8.502056652000022 49.519485792000069)",Unfall 154227 (2020) Kat:3, Licht: 0,154227,3,3,5,08,15,2,0,0,0,1,0,1,0,0
"POINT (8.455323540000052 49.549528180000038)",Unfall 154237 (2020) Kat:3, Licht: 0,154237,3,3,5,08,14,2,0,0,0,1,0,0,0,0
"POINT (8.486441422000041 49.513219036000066)",Unfall 154251 (2020) Kat:3, Licht: 0,154251,3,1,0,09,16,5,0,0,0,0,0,1,0,0
"POINT (8.515046053000049 49.460411244000056)",Unfall 154258 (2020) Kat:3, Licht: 0,154258,3,7,0,09,15,6,0,0,1,0,0,0,0,0
"POINT (8.472530997000035 49.480725923000080)",Unfall 154297 (2020) Kat:3, Licht: 0,154297,3,3,5,08,19,1,1,0,1,1,0,0,0,0
"POINT (8.466711982000049 49.488387934000059)",Unfall 154299 (2020) Kat:3, Licht: 2,154299,3,7,0,09,22,7,1,2,0,0,0,0,0,1
"POINT (8.489812210000025 49.507428535000031)",Unfall 154302 (2020) Kat:3, Licht: 0,154302,3,6,4,08,16,1,0,0,0,1,0,1,0,0
"POINT (8.488577342000042 49.495282467000038)",Unfall 154319 (2020) Kat:2, Licht: 0,154319,2,6,1,09,13,4,0,0,0,1,0,1,0,0
"POINT (8.486156297000036 49.466183450000074)",Unfall 154329 (2020) Kat:3, Licht: 0,154329,3,2,5,09,10,2,0,0,1,1,0,0,0,0
"POINT (8.451209683000059 49.514917545000060)",Unfall 154379 (2020) Kat:3, Licht: 0,154379,3,7,0,09,15,3,0,0,1,0,0,0,0,0
"POINT (8.486173434000023 49.524798730000043)",Unfall 154404 (2020) Kat:3, Licht: 0,154404,3,5,1,09,10,5,0,0,1,1,0,0,0,0
"POINT (8.487064092000026 49.465097527000069)",Unfall 154406 (2020) Kat:2, Licht: 0,154406,2,1,0,09,08,5,0,0,1,0,0,0,0,0
"POINT (8.498017367000045 49.527300985000068)",Unfall 154445 (2020) Kat:3, Licht: 0,154445,3,3,5,09,11,6,0,0,0,1,0,0,0,0
"POINT (8.462722014000065 49.487702768000077)",Unfall 154447 (2020) Kat:3, Licht: 0,154447,3,5,1,09,16,6,0,0,1,1,0,0,0,0
"POINT (8.470176838000043 49.487060489000044)",Unfall 154450 (2020) Kat:3, Licht: 0,154450,3,3,5,09,17,6,0,0,1,1,0,0,0,0
"POINT (8.559213681000074 49.465761838000049)",Unfall 154488 (2020) Kat:3, Licht: 0,154488,3,5,1,09,10,7,0,0,1,1,0,0,0,0
"POINT (8.521655362000047 49.515088737000042)",Unfall 154495 (2020) Kat:2, Licht: 2,154495,2,1,0,09,21,7,0,2,0,0,0,1,0,0
"POINT (8.527450462000047 49.433477617000051)",Unfall 154503 (2020) Kat:3, Licht: 0,154503,3,3,5,09,16,4,0,0,1,1,0,0,0,0
"POINT (8.498968394000031 49.473382281000056)",Unfall 154505 (2020) Kat:3, Licht: 0,154505,3,7,6,09,15,4,0,0,0,0,1,0,0,1
"POINT (8.496933170000034 49.508200412000065)",Unfall 154507 (2020) Kat:3, Licht: 0,154507,3,2,1,09,15,4,0,0,0,1,0,1,0,0
"POINT (8.470901637000054 49.480812846000049)",Unfall 154508 (2020) Kat:3, Licht: 0,154508,3,4,6,09,12,4,0,0,0,0,1,0,0,1
"POINT (8.469907211000077 49.481603929000073)",Unfall 154571 (2020) Kat:3, Licht: 0,154571,3,2,6,09,10,3,0,0,0,1,1,0,0,0
"POINT (8.467253366000023 49.539895233000038)",Unfall 154646 (2020) Kat:3, Licht: 0,154646,3,2,1,09,07,2,0,0,0,1,0,0,0,0
"POINT (8.536285192000037 49.421630864000065)",Unfall 154648 (2020) Kat:3, Licht: 1,154648,3,3,5,09,05,2,0,1,1,1,0,0,0,0
"POINT (8.457538068000076 49.496569504000036)",Unfall 154693 (2020) Kat:3, Licht: 0,154693,3,5,5,09,11,3,0,0,0,1,0,0,0,0
"POINT (8.460390107000023 49.519177864000028)",Unfall 154732 (2020) Kat:3, Licht: 2,154732,3,2,2,09,06,4,0,2,0,1,0,0,0,0
"POINT (8.474999005000029 49.480481111000074)",Unfall 154760 (2020) Kat:3, Licht: 0,154760,3,2,4,09,18,2,0,0,0,1,0,0,0,0
"POINT (8.471421976000045 49.500082071000065)",Unfall 154794 (2020) Kat:3, Licht: 2,154794,3,1,0,09,22,2,0,2,0,0,0,0,0,1
"POINT (8.470238727000037 49.502920810000035)",Unfall 154819 (2020) Kat:2, Licht: 0,154819,2,2,5,09,17,2,0,0,1,1,0,0,0,0
"POINT (8.468458864000070 49.493924505000052)",Unfall 154838 (2020) Kat:3, Licht: 0,154838,3,2,5,09,17,5,0,0,0,1,0,1,0,0
"POINT (8.470452593000061 49.508598909000057)",Unfall 154853 (2020) Kat:3, Licht: 2,154853,3,3,5,09,03,1,0,2,0,1,0,0,0,0
"POINT (8.471971321000069 49.490464994000035)",Unfall 154858 (2020) Kat:3, Licht: 0,154858,3,3,5,09,11,3,0,0,0,1,0,1,0,0
"POINT (8.467644032000067 49.477790790000029)",Unfall 154898 (2020) Kat:3, Licht: 0,154898,3,1,0,09,18,4,0,0,1,0,0,0,0,0
"POINT (8.476740624000058 49.508396895000033)",Unfall 154956 (2020) Kat:3, Licht: 0,154956,3,6,1,09,14,4,0,0,0,1,0,0,0,0
"POINT (8.485011216000032 49.510647487000028)",Unfall 154987 (2020) Kat:3, Licht: 0,154987,3,1,0,09,13,6,0,0,1,0,0,0,0,0
"POINT (8.452640732000020 49.515692936000050)",Unfall 154989 (2020) Kat:1, Licht: 0,154989,1,7,6,09,07,6,0,0,0,1,1,0,1,0
"POINT (8.467022955000061 49.489918679000027)",Unfall 154992 (2020) Kat:1, Licht: 0,154992,1,2,3,09,11,6,0,0,1,1,0,0,0,0
"POINT (8.501941828000042 49.530440536000071)",Unfall 154993 (2020) Kat:3, Licht: 0,154993,3,2,0,09,08,2,0,0,0,0,0,0,1,0
"POINT (8.536086976000036 49.473339779000071)",Unfall 154995 (2020) Kat:3, Licht: 0,154995,3,5,5,09,11,2,0,0,0,1,0,0,0,0
"POINT (8.520296348000045 49.440571674000068)",Unfall 154996 (2020) Kat:3, Licht: 0,154996,3,3,3,09,15,2,0,0,0,1,0,0,0,0
"POINT (8.477626365000049 49.546838519000062)",Unfall 155126 (2020) Kat:3, Licht: 1,155126,3,7,0,09,18,3,0,1,0,0,1,0,0,1
"POINT (8.463285251000059 49.488883930000043)",Unfall 155136 (2020) Kat:3, Licht: 0,155136,3,5,0,09,10,4,0,0,1,1,0,0,0,0
"POINT (8.466395770000077 49.489235601000075)",Unfall 155151 (2020) Kat:3, Licht: 0,155151,3,7,6,09,13,7,0,0,1,0,1,0,0,0
"POINT (8.488952791000031 49.455923141000028)",Unfall 155230 (2020) Kat:3, Licht: 0,155230,3,7,0,09,13,6,0,0,1,0,0,0,0,0
"POINT (8.519381928000030 49.421430371000042)",Unfall 155241 (2020) Kat:3, Licht: 0,155241,3,3,5,09,15,2,0,0,0,1,0,0,1,0
"POINT (8.508963398000049 49.519265190000056)",Unfall 155257 (2020) Kat:2, Licht: 2,155257,2,1,8,09,20,5,1,2,0,1,0,0,0,0
"POINT (8.488944596000067 49.498221381000064)",Unfall 155260 (2020) Kat:3, Licht: 0,155260,3,6,2,09,12,5,0,0,0,1,0,0,0,1
"POINT (8.470131182000046 49.501860984000075)",Unfall 155274 (2020) Kat:3, Licht: 0,155274,3,4,6,09,14,7,1,0,0,1,1,0,0,0
"POINT (8.472037209000064 49.522980461000031)",Unfall 155277 (2020) Kat:2, Licht: 0,155277,2,6,3,09,07,6,1,0,0,1,0,0,0,1
"POINT (8.472800886000073 49.492353595000054)",Unfall 155290 (2020) Kat:2, Licht: 2,155290,2,7,0,09,22,2,0,2,0,0,0,0,0,1
"POINT (8.524735322000026 49.488013180000053)",Unfall 155293 (2020) Kat:3, Licht: 0,155293,3,3,5,09,10,1,0,0,0,1,0,1,0,0
"POINT (8.480259223000076 49.494986547000053)",Unfall 155318 (2020) Kat:3, Licht: 0,155318,3,2,6,09,14,3,0,0,0,1,1,0,0,0
"POINT (8.481235889000061 49.460345191000044)",Unfall 155333 (2020) Kat:2, Licht: 0,155333,2,3,5,09,09,6,0,0,1,1,0,0,0,0
"POINT (8.473352973000033 49.495368650000046)",Unfall 155378 (2020) Kat:2, Licht: 0,155378,2,4,6,09,16,7,0,0,0,1,1,0,0,0
"POINT (8.468772117000071 49.485729405000029)",Unfall 155381 (2020) Kat:3, Licht: 2,155381,3,2,3,09,20,6,1,2,0,1,0,0,0,1
"POINT (8.499817336000035 49.514894834000074)",Unfall 155394 (2020) Kat:3, Licht: 0,155394,3,2,5,09,13,2,0,0,0,1,0,1,0,0
"POINT (8.488858920000041 49.479959528000052)",Unfall 155417 (2020) Kat:3, Licht: 0,155417,3,7,1,09,12,6,0,0,0,1,0,0,0,0
"POINT (8.464118049000035 49.489214368000034)",Unfall 155444 (2020) Kat:3, Licht: 0,155444,3,3,1,09,13,1,0,0,0,1,0,0,0,1
"POINT (8.506924541000046 49.442051059000050)",Unfall 155459 (2020) Kat:3, Licht: 2,155459,3,3,5,10,21,2,0,2,0,1,0,1,0,0
"POINT (8.490469690000055 49.527208770000072)",Unfall 155460 (2020) Kat:3, Licht: 0,155460,3,3,5,10,15,2,0,0,1,1,0,0,0,0
"POINT (8.473217692000048 49.503707657000064)",Unfall 155462 (2020) Kat:3, Licht: 0,155462,3,5,5,10,15,2,0,0,1,1,0,0,0,0
"POINT (8.488109470000040 49.478999807000037)",Unfall 155506 (2020) Kat:3, Licht: 0,155506,3,6,3,10,07,1,0,0,0,1,0,0,0,0
"POINT (8.483755623000036 49.510123769000074)",Unfall 155508 (2020) Kat:2, Licht: 0,155508,2,2,5,10,18,1,0,0,0,1,0,0,0,0
"POINT (8.471174145000020 49.473978406000072)",Unfall 155514 (2020) Kat:3, Licht: 0,155514,3,3,5,10,15,3,0,0,0,1,0,0,0,0
"POINT (8.503216191000036 49.514591029000030)",Unfall 155555 (2020) Kat:3, Licht: 0,155555,3,5,1,10,18,7,0,0,0,1,0,0,0,0
"POINT (8.500521327000058 49.517053394000072)",Unfall 155557 (2020) Kat:3, Licht: 0,155557,3,3,5,10,16,7,1,0,0,1,0,0,0,0
"POINT (8.466097077000029 49.499632927000050)",Unfall 155559 (2020) Kat:3, Licht: 2,155559,3,3,5,10,20,7,0,2,1,1,0,0,0,0
"POINT (8.538745235000022 49.419914496000047)",Unfall 155609 (2020) Kat:3, Licht: 0,155609,3,7,4,10,10,6,0,0,0,1,0,0,1,0
"POINT (8.523506754000039 49.438539825000078)",Unfall 155611 (2020) Kat:3, Licht: 2,155611,3,6,1,10,19,6,0,2,0,1,0,0,0,0
"POINT (8.475683153000034 49.473414456000057)",Unfall 155613 (2020) Kat:3, Licht: 0,155613,3,3,5,10,15,6,0,0,1,1,0,0,0,0
"POINT (8.550568934000069 49.510715851000043)",Unfall 155615 (2020) Kat:3, Licht: 0,155615,3,6,2,10,10,6,0,0,0,1,0,0,1,0
"POINT (8.509483022000040 49.445929534000072)",Unfall 155616 (2020) Kat:3, Licht: 0,155616,3,6,2,10,12,3,1,0,0,1,0,0,0,1
"POINT (8.505703572000073 49.476951989000042)",Unfall 155617 (2020) Kat:3, Licht: 0,155617,3,6,2,10,15,6,0,0,0,1,0,1,0,0
"POINT (8.509567465000032 49.445804013000043)",Unfall 155618 (2020) Kat:2, Licht: 0,155618,2,3,5,10,07,6,0,0,0,0,0,0,0,1
"POINT (8.506361505000029 49.508321736000028)",Unfall 155626 (2020) Kat:3, Licht: 0,155626,3,6,3,09,15,4,0,0,0,1,0,0,0,0
"POINT (8.495439949000058 49.528176836000057)",Unfall 155664 (2020) Kat:3, Licht: 0,155664,3,3,5,10,16,3,0,0,0,1,0,1,0,0
"POINT (8.468419679000022 49.475948719000030)",Unfall 155672 (2020) Kat:3, Licht: 0,155672,3,6,2,10,08,5,0,0,1,1,0,0,0,0
"POINT (8.561693566000031 49.461373190000074)",Unfall 155673 (2020) Kat:2, Licht: 0,155673,2,7,0,10,16,5,1,0,0,0,0,0,0,1