WKT,Name,OBJECTID,UKATEGORIE,UTYP1,UART,UMONAT,USTUNDE,UWOCHENTAG,STRZUSTAND,ULICHTVERH,ISTRAD,ISTPKW,ISTFUSS,ISTKRAD,ISTGKFZ,ISTSONSTIG
"POINT (8.512607969000044 49.488756562000049)",Unfall 155675 (2020) Kat:3, Licht: 0,155675,3,3,5,10,17,5,1,0,1,1,0,0,0,0
"POINT (8.501130665000062 49.502042878000054)",Unfall 155699 (2020) Kat:3, Licht: 0,155699,3,7,0,10,17,3,1,0,1,1,0,0,0,0
"POINT (8.470829967000043 49.497778522000033)",Unfall 155701 (2020) Kat:3, Licht: 0,155701,3,3,5,10,11,2,1,0,0,1,0,0,0,1
"POINT (8.460878019000063 49.495142601000055)",Unfall 155712 (2020) Kat:3, Licht: 0,155712,3,6,1,10,11,6,1,0,0,1,0,0,0,0
"POINT (8.483298390000073 49.510689505000073)",Unfall 155736 (2020) Kat:3, Licht: 0,155736,3,7,6,10,09,5,0,0,1,0,1,0,0,0
"POINT (8.522318908000045 49.516225233000057)",Unfall 155759 (2020) Kat:3, Licht: 0,155759,3,2,3,10,07,4,0,0,1,0,0,0,1,0
"POINT (8.465167421000047 49.531291423000027)",Unfall 155796 (2020) Kat:2, Licht: 0,155796,2,6,3,10,13,3,0,0,1,0,0,0,0,0
"POINT (8.522151952000058 49.511579689000030)",Unfall 155814 (2020) Kat:2, Licht: 0,155814,2,7,0,10,13,6,1,0,1,0,0,0,0,0
"POINT (8.457056170000044 49.545139283000026)",Unfall 155840 (2020) Kat:3, Licht: 1,155840,3,6,2,10,18,5,0,1,0,1,0,0,0,0
"POINT (8.499926502000051 49.529190386000039)",Unfall 155906 (2020) Kat:3, Licht: 0,155906,3,3,5,10,14,2,1,0,0,1,0,0,0,0
"POINT (8.471613578000074 49.471949071000040)",Unfall 155916 (2020) Kat:2, Licht: 0,155916,2,3,5,10,14,7,0,0,1,1,0,0,0,0
"POINT (8.457118144000049 49.494286698000053)",Unfall 155918 (2020) Kat:3, Licht: 2,155918,3,3,6,10,23,7,0,2,0,1,1,0,0,0
"POINT (8.488998057000060 49.528745848000028)",Unfall 155919 (2020) Kat:3, Licht: 0,155919,3,2,3,10,11,6,0,0,0,1,0,0,1,0
"POINT (8.469978156000025 49.505501658000071)",Unfall 155930 (2020) Kat:3, Licht: 0,155930,3,4,6,10,13,4,0,0,0,0,1,0,0,1
"POINT (8.480752072000030 49.479818943000055)",Unfall 155945 (2020) Kat:3, Licht: 0,155945,3,7,0,10,15,2,1,0,1,0,0,0,0,0
"POINT (8.495694824000054 49.499097825000035)",Unfall 155951 (2020) Kat:3, Licht: 2,155951,3,6,3,10,20,3,0,2,0,1,0,1,0,0
"POINT (8.497938518000069 49.537844784000072)",Unfall 156017 (2020) Kat:3, Licht: 0,156017,3,7,3,10,15,7,0,0,0,1,0,1,0,0
"POINT (8.538608686000032 49.453191379000032)",Unfall 156032 (2020) Kat:3, Licht: 2,156032,3,3,5,10,20,2,0,2,1,1,0,0,0,0
"POINT (8.453631756000050 49.489199961000054)",Unfall 156050 (2020) Kat:2, Licht: 0,156050,2,3,5,10,17,3,0,0,1,0,0,0,1,0
"POINT (8.488464819000058 49.498320145000037)",Unfall 156056 (2020) Kat:3, Licht: 0,156056,3,3,5,10,07,4,0,0,0,1,0,0,0,0
"POINT (8.524284984000076 49.440052135000030)",Unfall 156111 (2020) Kat:3, Licht: 0,156111,3,4,6,10,09,6,1,0,1,0,1,0,0,0
"POINT (8.490150830000061 49.463231165000082)",Unfall 156158 (2020) Kat:3, Licht: 0,156158,3,3,5,10,14,3,0,0,0,1,0,1,0,0
"POINT (8.464886692000050 49.498168451000026)",Unfall 156188 (2020) Kat:2, Licht: 0,156188,2,3,5,10,07,2,0,0,1,1,0,0,0,0
"POINT (8.535163577000049 49.449495129000070)",Unfall 156218 (2020) Kat:3, Licht: 2,156218,3,1,0,10,19,4,1,2,1,0,0,0,0,0
"POINT (8.475793419000070 49.479836117000048)",Unfall 156254 (2020) Kat:3, Licht: 0,156254,3,5,1,10,16,3,0,0,1,1,0,0,0,0
"POINT (8.580148273000077 49.443644988000074)",Unfall 156262 (2020) Kat:3, Licht: 0,156262,3,1,0,10,15,1,0,0,0,0,0,1,0,0
"POINT (8.526452665000022 49.516732492000074)",Unfall 156263 (2020) Kat:3, Licht: 0,156263,3,7,0,10,14,1,0,0,1,0,0,0,0,0
"POINT (8.476118776000021 49.482902086000081)",Unfall 156265 (2020) Kat:3, Licht: 0,156265,3,6,2,10,12,3,0,0,0,1,0,0,0,0
"POINT (8.494227753000075 49.453668287000028)",Unfall 156304 (2020) Kat:3, Licht: 0,156304,3,5,3,10,14,3,0,0,0,1,0,0,0,0
"POINT (8.493694181000024 49.500801218000049)",Unfall 156315 (2020) Kat:3, Licht: 1,156315,3,3,5,10,18,4,0,1,1,1,0,0,0,0
"POINT (8.469079273000034 49.487480591000065)",Unfall 156449 (2020) Kat:3, Licht: 0,156449,3,7,2,10,14,5,1,0,0,1,0,0,0,0
"POINT (8.523506754000039 49.438539825000078)",Unfall 156452 (2020) Kat:3, Licht: 0,156452,3,4,6,10,16,5,0,0,0,0,1,1,0,0
"POINT (8.480968826000037 49.544576391000078)",Unfall 156498 (2020) Kat:3, Licht: 0,156498,3,6,0,11,11,3,0,0,0,1,0,1,0,0
"POINT (8.485475868000037 49.482760302000031)",Unfall 156500 (2020) Kat:3, Licht: 2,156500,3,7,0,11,18,2,0,2,1,0,0,0,0,0
"POINT (8.494030998000028 49.455749433000051)",Unfall 156502 (2020) Kat:3, Licht: 2,156502,3,3,5,10,18,7,1,2,1,1,0,0,0,0
"POINT (8.574029518000032 49.509008262000066)",Unfall 156508 (2020) Kat:3, Licht: 0,156508,3,6,4,11,14,5,0,0,0,1,0,0,0,0
"POINT (8.471249114000045 49.493414477000044)",Unfall 156538 (2020) Kat:2, Licht: 0,156538,2,7,0,11,07,6,2,0,1,0,0,0,0,0
"POINT (8.513513155000055 49.452264460000038)",Unfall 156546 (2020) Kat:3, Licht: 0,156546,3,6,1,11,12,5,0,0,0,1,0,0,0,0
"POINT (8.477991784000039 49.482959155000060)",Unfall 156548 (2020) Kat:3, Licht: 2,156548,3,1,9,10,02,6,1,2,0,1,0,0,0,0
"POINT (8.480396604000021 49.499197124000034)",Unfall 156552 (2020) Kat:3, Licht: 0,156552,3,1,0,11,14,3,0,0,0,0,0,0,0,1
"POINT (8.472554797000043 49.464619115000062)",Unfall 156554 (2020) Kat:3, Licht: 0,156554,3,2,3,10,11,6,1,0,1,1,0,0,0,0
"POINT (8.457610326000065 49.496131378000030)",Unfall 156557 (2020) Kat:3, Licht: 0,156557,3,3,5,10,10,6,1,0,0,1,0,0,1,0
"POINT (8.497104008000065 49.520885180000050)",Unfall 156562 (2020) Kat:2, Licht: 2,156562,2,4,6,10,17,6,0,2,0,1,1,0,0,0
"POINT (8.471145850000028 49.486688863000040)",Unfall 156565 (2020) Kat:3, Licht: 0,156565,3,6,2,11,10,2,0,0,0,1,0,0,0,0
"POINT (8.555671447000066 49.463128290000043)",Unfall 156596 (2020) Kat:3, Licht: 0,156596,3,3,5,11,09,5,0,0,0,1,0,1,0,0
"POINT (8.468817542000068 49.487580844000036)",Unfall 156605 (2020) Kat:3, Licht: 0,156605,3,5,1,11,08,3,1,0,1,1,0,0,0,0
"POINT (8.478133665000030 49.489883644000031)",Unfall 156607 (2020) Kat:3, Licht: 0,156607,3,3,5,11,12,2,0,0,1,1,0,0,0,0
"POINT (8.539526803000058 49.484525134000080)",Unfall 156627 (2020) Kat:3, Licht: 0,156627,3,3,5,11,07,6,0,0,1,1,0,0,0,0
"POINT (8.505399227000055 49.518615320000038)",Unfall 156659 (2020) Kat:3, Licht: 2,156659,3,2,5,11,23,2,0,2,0,1,0,0,0,0
"POINT (8.471777141000075 49.492935107000051)",Unfall 156660 (2020) Kat:3, Licht: 2,156660,3,6,3,10,17,5,1,2,0,1,0,1,0,0
"POINT (8.485941441000023 49.525722857000062)",Unfall 156661 (2020) Kat:3, Licht: 0,156661,3,3,5,11,16,3,0,0,1,1,0,0,0,0
"POINT (8.507719719000022 49.511584401000050)",Unfall 156663 (2020) Kat:2, Licht: 0,156663,2,3,5,10,16,5,1,0,1,1,0,0,0,0
"POINT (8.553455288000066 49.495828409000069)",Unfall 156664 (2020) Kat:3, Licht: 0,156664,3,3,5,11,13,5,0,0,0,1,0,0,0,0
"POINT (8.482540657000072 49.454036493000046)",Unfall 156702 (2020) Kat:3, Licht: 0,156702,3,7,5,11,12,5,0,0,1,1,0,0,0,0
"POINT (8.492350209000051 49.500032926000074)",Unfall 156710 (2020) Kat:3, Licht: 0,156710,3,3,5,11,13,3,0,0,1,1,0,0,0,0
"POINT (8.483706582000025 49.510104315000035)",Unfall 156742 (2020) Kat:3, Licht: 0,156742,3,6,2,11,16,6,0,0,0,1,0,0,0,0
"POINT (8.472402069000054 49.516100492000078)",Unfall 156803 (2020) Kat:3, Licht: 0,156803,3,7,5,11,13,7,0,0,0,1,0,0,0,0
"POINT (8.463589600000034 49.518316854000034)",Unfall 156817 (2020) Kat:2, Licht: 0,156817,2,2,5,11,09,5,0,0,0,1,0,0,0,0
"POINT (8.522393372000067 49.445871986000043)",Unfall 156865 (2020) Kat:3, Licht: 0,156865,3,6,4,11,10,4,0,0,0,1,0,0,0,1
"POINT (8.520285794000074 49.515976601000034)",Unfall 156867 (2020) Kat:3, Licht: 2,156867,3,3,4,11,06,4,0,2,1,1,0,0,0,0
"POINT (8.473290045000056 49.539312021000057)",Unfall 156899 (2020) Kat:3, Licht: 0,156899,3,3,0,11,12,7,0,0,0,0,0,0,0,1
"POINT (8.476261357000055 49.488715361000061)",Unfall 156916 (2020) Kat:3, Licht: 0,156916,3,3,5,11,09,3,0,0,1,1,0,0,0,0
"POINT (8.495983846000058 49.508862657000066)",Unfall 156918 (2020) Kat:3, Licht: 1,156918,3,7,0,11,16,3,0,1,1,0,0,0,0,0
"POINT (8.463655961000029 49.504311097000027)",Unfall 156919 (2020) Kat:2, Licht: 2,156919,2,7,1,11,22,3,0,2,0,1,0,0,0,0
"POINT (8.466526301000044 49.489494992000061)",Unfall 156920 (2020) Kat:3, Licht: 0,156920,3,3,5,11,11,3,0,0,1,1,0,0,0,0
"POINT (8.509497738000050 49.446207475000051)",Unfall 156926 (2020) Kat:3, Licht: 2,156926,3,6,2,11,18,1,0,2,0,1,0,0,0,0
"POINT (8.489552806000063 49.461824769000032)",Unfall 156960 (2020) Kat:3, Licht: 0,156960,3,6,2,11,13,7,0,0,0,1,0,0,0,0
"POINT (8.481031026000039 49.542165971000031)",Unfall 156984 (2020) Kat:2, Licht: 0,156984,2,2,4,11,07,2,0,0,0,1,0,1,0,0
"POINT (8.509498560000054 49.446207395000044)",Unfall 156987 (2020) Kat:3, Licht: 0,156987,3,6,2,11,08,2,0,0,0,1,0,0,0,0
"POINT (8.524248203000070 49.495103651000079)",Unfall 156997 (2020) Kat:1, Licht: 0,156997,1,3,5,11,13,7,0,0,1,0,0,0,0,1
"POINT (8.492194994000045 49.497207434000074)",Unfall 156999 (2020) Kat:3, Licht: 0,156999,3,1,8,11,07,1,0,0,0,1,0,0,0,0
"POINT (8.479517373000022 49.493295939000063)",Unfall 157001 (2020) Kat:3, Licht: 0,157001,3,1,0,11,15,5,0,0,0,0,0,0,0,1
"POINT (8.474317581000037 49.487464712000076)",Unfall 157006 (2020) Kat:3, Licht: 2,157006,3,6,2,11,17,5,0,2,0,1,0,0,0,0
"POINT (8.484730200000058 49.468007643000078)",Unfall 157021 (2020) Kat:3, Licht: 2,157021,3,3,5,11,21,3,0,2,1,1,0,0,0,0
"POINT (8.516316742000072 49.453707262000080)",Unfall 157067 (2020) Kat:2, Licht: 2,157067,2,3,5,11,18,6,0,2,0,1,0,0,0,0
"POINT (8.490978228000074 49.453357712000070)",Unfall 157103 (2020) Kat:3, Licht: 2,157103,3,4,6,11,17,6,1,2,0,1,1,0,0,0
"POINT (8.485646056000064 49.482694280000032)",Unfall 157108 (2020) Kat:3, Licht: 0,157108,3,7,0,11,11,2,1,0,1,0,0,0,0,0
"POINT (8.478557678000072 49.480560617000037)",Unfall 157120 (2020) Kat:3, Licht: 2,157120,3,7,0,11,17,2,1,2,0,0,0,0,0,1
"POINT (8.575316923000059 49.445482833000028)",Unfall 157127 (2020) Kat:3, Licht: 0,157127,3,5,1,11,13,2,0,0,0,1,0,0,1,0
"POINT (8.471645258000024 49.546540186000072)",Unfall 157130 (2020) Kat:3, Licht: 2,157130,3,3,5,11,05,3,1,2,0,1,0,1,0,0
"POINT (8.470807127000057 49.476367022000034)",Unfall 157174 (2020) Kat:2, Licht: 2,157174,2,1,0,11,18,6,0,2,0,0,0,1,0,0
"POINT (8.495210398000040 49.452760072000046)",Unfall 157183 (2020) Kat:2, Licht: 2,157183,2,7,0,11,17,3,0,2,1,0,0,0,0,0
"POINT (8.496073816000035 49.498843302000068)",Unfall 157231 (2020) Kat:2, Licht: 2,157231,2,1,0,11,18,4,1,2,0,0,0,1,0,0
"POINT (8.479827088000036 49.482611960000042)",Unfall 157234 (2020) Kat:3, Licht: 2,157234,3,2,3,11,18,4,0,2,1,1,0,0,0,0
"POINT (8.456576397000049 49.491496315000063)",Unfall 157240 (2020) Kat:3, Licht: 0,157240,3,2,5,11,13,3,0,0,0,1,0,0,0,0
"POINT (8.523596922000024 49.438744213000064)",Unfall 157264 (2020) Kat:3, Licht: 2,157264,3,3,3,11,05,6,1,2,0,1,0,1,0,0
"POINT (8.455073551000055 49.540157950000037)",Unfall 157292 (2020) Kat:3, Licht: 0,157292,3,3,5,11,13,2,0,0,0,1,0,0,0,0
"POINT (8.495314616000030 49.521383388000061)",Unfall 157324 (2020) Kat:3, Licht: 0,157324,3,5,1,12,15,4,0,0,1,1,0,0,0,0
"POINT (8.463650019000056 49.501199890000066)",Unfall 157325 (2020) Kat:3, Licht: 0,157325,3,3,5,11,07,6,0,0,1,1,0,0,0,0
"POINT (8.500377352000044 49.454421262000039)",Unfall 157329 (2020) Kat:3, Licht: 0,157329,3,2,4,11,15,6,0,0,1,1,0,0,0,0
"POINT (8.488176455000030 49.478900633000080)",Unfall 157384 (2020) Kat:3, Licht: 0,157384,3,3,5,11,10,1,0,0,0,1,0,0,0,0
"POINT (8.472691553000061 49.486095030000058)",Unfall 157402 (2020) Kat:3, Licht: 0,157402,3,4,6,11,09,2,0,0,1,0,1,0,0,0
"POINT (8.462927188000037 49.485575080000046)",Unfall 157417 (2020) Kat:3, Licht: 0,157417,3,6,1,12,13,6,1,0,1,1,0,0,0,0
"POINT (8.469736884000042 49.476975108000033)",Unfall 157441 (2020) Kat:2, Licht: 2,157441,2,6,3,11,17,5,1,2,1,0,0,1,0,0
"POINT (8.467953170000044 49.489664502000039)",Unfall 157443 (2020) Kat:3, Licht: 0,157443,3,4,0,11,15,5,1,0,0,0,1,0,0,1
"POINT (8.457194145000074 49.490841442000033)",Unfall 157445 (2020) Kat:3, Licht: 2,157445,3,1,9,12,18,3,1,2,0,1,0,0,0,0
"POINT (8.452872143000036 49.540574053000057)",Unfall 157511 (2020) Kat:3, Licht: 0,157511,3,4,6,11,07,2,0,0,0,1,1,0,0,0
"POINT (8.483353050000062 49.481194537000079)",Unfall 157527 (2020) Kat:3, Licht: 0,157527,3,6,3,11,15,4,0,0,1,0,0,0,0,0
"POINT (8.495699433000027 49.499100323000050)",Unfall 157528 (2020) Kat:3, Licht: 0,157528,3,4,6,11,12,4,0,0,0,1,1,0,0,0
"POINT (8.581669172000034 49.443079214000079)",Unfall 157533 (2020) Kat:3, Licht: 2,157533,3,3,5,12,17,3,0,2,0,1,0,0,0,0
"POINT (8.474816509000050 49.516521661000070)",Unfall 157534 (2020) Kat:3, Licht: 2,157534,3,2,4,12,08,2,1,2,0,1,0,0,0,0
"POINT (8.484259440000074 49.480832270000064)",Unfall 157571 (2020) Kat:3, Licht: 1,157571,3,2,3,12,17,5,0,1,1,1,0,0,0,0
"POINT (8.529927549000036 49.510182401000066)",Unfall 157573 (2020) Kat:3, Licht: 0,157573,3,6,1,12,14,2,0,0,0,1,0,0,0,1
"POINT (8.456852627000046 49.491551631000050)",Unfall 157576 (2020) Kat:3, Licht: 1,157576,3,6,2,12,17,5,0,1,0,1,0,0,0,0
"POINT (8.489068660000044 49.462641231000077)",Unfall 157615 (2020) Kat:3, Licht: 0,157615,3,6,2,12,08,3,1,0,0,1,0,1,0,0
"POINT (8.479522993000046 49.475355689000025)",Unfall 157616 (2020) Kat:3, Licht: 0,157616,3,1,0,12,10,2,1,0,0,0,0,1,0,0
"POINT (8.459632069000065 49.486930646000076)",Unfall 157627 (2020) Kat:2, Licht: 2,157627,2,7,0,12,18,3,1,2,0,0,0,0,0,1
"POINT (8.556689916000039 49.511570300000074)",Unfall 157639 (2020) Kat:3, Licht: 0,157639,3,1,0,12,14,7,1,0,0,0,0,1,0,0
"POINT (8.499149630000034 49.473181827000076)",Unfall 157685 (2020) Kat:2, Licht: 0,157685,2,3,5,12,08,2,0,0,0,1,0,0,0,1
"POINT (8.472770130000072 49.486064708000072)",Unfall 157693 (2020) Kat:3, Licht: 1,157693,3,6,3,12,07,4,0,1,1,1,0,0,0,0
"POINT (8.456735974000026 49.492243525000049)",Unfall 157719 (2020) Kat:3, Licht: 1,157719,3,2,5,12,16,6,1,1,0,1,0,0,0,0
"POINT (8.453780910000035 49.489070550000065)",Unfall 157724 (2020) Kat:3, Licht: 0,157724,3,6,2,12,12,2,0,0,0,1,0,0,1,0
"POINT (8.513227424000036 49.441517976000057)",Unfall 157730 (2020) Kat:3, Licht: 0,157730,3,2,4,12,08,3,0,0,0,1,0,1,0,0
"POINT (8.460900305000052 49.489696224000056)",Unfall 157775 (2020) Kat:2, Licht: 0,157775,2,2,5,12,15,6,0,0,0,1,0,0,0,1
"POINT (8.465393617000075 49.485748845000046)",Unfall 157842 (2020) Kat:3, Licht: 2,157842,3,3,5,12,18,1,1,2,0,1,0,0,0,1
"POINT (8.466879859000073 49.498233915000071)",Unfall 157843 (2020) Kat:3, Licht: 0,157843,3,3,0,12,09,2,1,0,0,0,0,1,0,1
"POINT (8.542029529000047 49.519933543000036)",Unfall 157844 (2020) Kat:2, Licht: 2,157844,2,1,0,12,01,6,0,2,0,0,0,1,0,0
"POINT (8.458721993000040 49.491566104000071)",Unfall 157899 (2020) Kat:3, Licht: 0,157899,3,6,0,12,16,5,0,0,0,1,0,1,0,0
"POINT (8.493703766000067 49.499005826000030)",Unfall 157903 (2020) Kat:2, Licht: 0,157903,2,7,9,12,12,5,0,0,1,1,0,0,0,0
"POINT (8.475113839000073 49.496505059000071)",Unfall 157936 (2020) Kat:3, Licht: 2,157936,3,2,6,12,17,2,1,2,0,1,1,0,0,0
"POINT (8.483503064000047 49.454696087000059)",Unfall 157958 (2020) Kat:2, Licht: 2,157958,2,6,6,12,17,4,0,2,1,0,1,0,0,0
"POINT (8.466863671000056 49.490400167000075)",Unfall 158012 (2020) Kat:3, Licht: 0,158012,3,4,6,12,13,4,0,0,0,1,1,0,0,0
"POINT (8.475446548000036 49.465106458000037)",Unfall 158022 (2020) Kat:2, Licht: 2,158022,2,3,5,12,17,2,1,2,0,1,0,0,0,0
"POINT (8.523993015000030 49.476655693000055)",Unfall 71783 (2021) Kat:3, Licht: 0,71783,3,6,0,01,14,4,0,0,0,1,0,0,0,1
"POINT (8.542090278000046 49.429310211000029)",Unfall 71793 (2021) Kat:2, Licht: 2,71793,2,6,2,02,21,6,1,2,0,1,0,0,0,0
"POINT (8.492857057000037 49.490003624000053)",Unfall 71863 (2021) Kat:3, Licht: 1,71863,3,6,2,02,16,4,1,1,0,1,0,0,0,0
"POINT (8.522710239000048 49.473655263000069)",Unfall 71880 (2021) Kat:3, Licht: 1,71880,3,6,1,01,07,5,1,1,0,1,0,0,0,0
"POINT (8.560424320000038 49.502769289000071)",Unfall 71964 (2021) Kat:3, Licht: 0,71964,3,6,3,01,09,2,1,0,0,1,0,0,1,0
"POINT (8.470759936000036 49.511065575000032)",Unfall 71966 (2021) Kat:3, Licht: 0,71966,3,7,3,02,12,2,1,0,0,1,0,0,0,0
"POINT (8.504713222000021 49.506446624000034)",Unfall 72078 (2021) Kat:3, Licht: 0,72078,3,6,2,02,08,6,1,0,0,1,0,0,0,0
"POINT (8.452544358000068 49.491911754000057)",Unfall 72103 (2021) Kat:3, Licht: 1,72103,3,6,0,01,16,5,0,1,0,1,0,0,0,1
"POINT (8.447926173000042 49.552243766000061)",Unfall 72130 (2021) Kat:2, Licht: 2,72130,2,2,5,01,04,2,2,2,0,1,0,0,0,0
"POINT (8.457251612000050 49.545060798000065)",Unfall 72221 (2021) Kat:3, Licht: 0,72221,3,6,2,02,16,5,0,0,0,1,0,0,0,0
"POINT (8.536968736000063 49.430863067000075)",Unfall 72479 (2021) Kat:3, Licht: 0,72479,3,6,2,01,08,5,0,0,0,1,0,0,0,0
"POINT (8.537394445000075 49.427702665000027)",Unfall 72483 (2021) Kat:3, Licht: 2,72483,3,6,1,02,19,2,2,2,0,1,0,0,0,0
"POINT (8.455338691000065 49.491614639000034)",Unfall 72492 (2021) Kat:2, Licht: 2,72492,2,6,2,01,20,4,0,2,0,1,0,0,0,0
"POINT (8.476614549000033 49.516814940000074)",Unfall 72512 (2021) Kat:1, Licht: 2,72512,1,3,5,02,18,1,1,2,0,1,0,0,0,0
"POINT (8.473967001000062 49.483596480000074)",Unfall 72642 (2021) Kat:3, Licht: 0,72642,3,3,5,01,09,5,1,0,0,1,0,0,0,0
"POINT (8.531195648000050 49.447286738000059)",Unfall 72649 (2021) Kat:3, Licht: 1,72649,3,1,0,01,07,4,2,1,1,0,0,0,0,0
"POINT (8.569689854000046 49.449982130000080)",Unfall 72665 (2021) Kat:3, Licht: 0,72665,3,1,8,01,09,1,2,0,0,1,0,0,0,0
"POINT (8.522831469000039 49.473485623000045)",Unfall 72721 (2021) Kat:3, Licht: 1,72721,3,6,1,02,07,2,1,1,0,1,0,0,0,1
"POINT (8.527967815000068 49.432577027000036)",Unfall 72942 (2021) Kat:3, Licht: 0,72942,3,6,1,02,13,2,1,0,0,1,0,0,0,0
"POINT (8.554388812000070 49.493034340000065)",Unfall 73078 (2021) Kat:3, Licht: 0,73078,3,6,3,02,12,5,0,0,0,1,0,0,0,0
"POINT (8.488017276000051 49.475850956000045)",Unfall 73128 (2021) Kat:3, Licht: 2,73128,3,2,4,02,06,5,0,2,1,0,0,0,0,1
"POINT (8.447935796000024 49.552215790000048)",Unfall 73226 (2021) Kat:2, Licht: 0,73226,2,6,3,02,15,4,0,0,0,1,0,1,0,0
"POINT (8.514960726000027 49.462517929000057)",Unfall 73255 (2021) Kat:2, Licht: 0,73255,2,1,8,03,09,2,1,0,0,1,0,0,0,0
"POINT (8.447179045000041 49.565026181000064)",Unfall 73446 (2021) Kat:3, Licht: 0,73446,3,6,1,02,16,6,0,0,0,1,0,0,0,0
"POINT (8.518142487000034 49.467336138000064)",Unfall 73494 (2021) Kat:2, Licht: 0,73494,2,6,2,02,10,7,0,0,0,1,0,0,0,0
"POINT (8.537046331000056 49.461132741000029)",Unfall 73733 (2021) Kat:3, Licht: 1,73733,3,6,8,02,06,2,0,1,0,1,0,0,0,0
"POINT (8.513120594000043 49.462937179000050)",Unfall 73770 (2021) Kat:2, Licht: 0,73770,2,1,0,03,10,3,1,0,0,0,0,1,0,0
"POINT (8.475082996000026 49.484778103000053)",Unfall 73802 (2021) Kat:3, Licht: 0,73802,3,5,3,02,14,5,0,0,1,1,0,0,0,0
"POINT (8.487434826000026 49.475183792000053)",Unfall 73921 (2021) Kat:3, Licht: 0,73921,3,5,5,02,17,3,0,0,1,1,0,0,0,0
"POINT (8.525156016000039 49.440938432000053)",Unfall 74062 (2021) Kat:2, Licht: 2,74062,2,5,1,03,19,3,1,2,0,1,0,0,0,0
"POINT (8.485452191000036 49.471508395000058)",Unfall 74089 (2021) Kat:3, Licht: 1,74089,3,6,2,03,06,5,0,1,0,1,0,0,0,0
"POINT (8.452554593000059 49.587276639000038)",Unfall 74313 (2021) Kat:3, Licht: 2,74313,3,7,1,04,05,3,0,2,0,1,0,0,0,0
"POINT (8.474939306000067 49.515606280000043)",Unfall 74327 (2021) Kat:3, Licht: 2,74327,3,6,4,04,05,2,1,2,1,0,0,0,0,0
"POINT (8.492604529000062 49.490083148000053)",Unfall 74465 (2021) Kat:3, Licht: 0,74465,3,2,5,04,11,5,0,0,1,1,0,0,0,0
"POINT (8.551009350000072 49.491708731000074)",Unfall 74500 (2021) Kat:3, Licht: 0,74500,3,6,1,04,12,7,0,0,0,1,0,0,0,0
"POINT (8.479765653000072 49.488318186000072)",Unfall 74528 (2021) Kat:3, Licht: 0,74528,3,3,5,03,17,1,0,0,0,1,0,0,0,1
"POINT (8.524383698000065 49.440022556000031)",Unfall 74551 (2021) Kat:3, Licht: 0,74551,3,3,5,03,17,4,0,0,0,1,0,1,0,0
"POINT (8.555773784000053 49.509296053000071)",Unfall 74562 (2021) Kat:3, Licht: 0,74562,3,2,5,04,17,6,0,0,0,1,0,0,0,0
"POINT (8.521603113000026 49.515277329000071)",Unfall 74608 (2021) Kat:3, Licht: 0,74608,3,2,0,04,11,7,1,0,0,0,0,1,0,0
"POINT (8.476008645000036 49.486362851000081)",Unfall 74718 (2021) Kat:3, Licht: 0,74718,3,6,1,04,15,2,0,0,0,1,0,0,0,0
"POINT (8.538259780000033 49.422054361000050)",Unfall 74727 (2021) Kat:3, Licht: 0,74727,3,3,3,04,16,2,0,0,0,1,0,1,0,0
"POINT (8.477693327000054 49.476420821000033)",Unfall 74841 (2021) Kat:3, Licht: 0,74841,3,6,1,04,18,5,0,0,0,1,0,1,0,0
"POINT (8.449609219000024 49.549880904000076)",Unfall 74945 (2021) Kat:3, Licht: 0,74945,3,2,3,03,17,5,0,0,1,1,0,0,0,0
"POINT (8.530132482000056 49.496385193000037)",Unfall 74984 (2021) Kat:3, Licht: 0,74984,3,1,0,04,07,6,0,0,0,0,0,1,0,0
"POINT (8.524393345000021 49.439674880000041)",Unfall 75065 (2021) Kat:2, Licht: 0,75065,2,7,0,03,13,4,0,0,0,1,0,0,1,0
"POINT (8.486325282000053 49.495880076000049)",Unfall 75121 (2021) Kat:3, Licht: 0,75121,3,2,3,03,09,3,0,0,1,0,0,0,0,1
"POINT (8.471084742000073 49.481191007000064)",Unfall 75203 (2021) Kat:2, Licht: 2,75203,2,1,0,03,20,3,0,2,0,0,0,1,0,0
"POINT (8.444633400000043 49.559887211000046)",Unfall 75322 (2021) Kat:1, Licht: 0,75322,1,2,0,04,12,4,0,0,1,1,0,0,0,0
"POINT (8.480331344000035 49.495053182000049)",Unfall 75365 (2021) Kat:3, Licht: 0,75365,3,3,5,04,13,6,0,0,0,1,0,0,0,1
"POINT (8.471637847000068 49.477045223000061)",Unfall 75417 (2021) Kat:3, Licht: 0,75417,3,6,2,04,13,5,0,0,0,1,0,0,0,0
"POINT (8.459530724000047 49.485816364000073)",Unfall 75479 (2021) Kat:3, Licht: 2,75479,3,7,8,04,20,6,0,2,0,0,0,0,0,1
"POINT (8.555404623000072 49.494186332000027)",Unfall 75494 (2021) Kat:3, Licht: 2,75494,3,1,9,03,21,5,0,2,0,1,0,0,0,0