WKT,Name,OBJECTID,UKATEGORIE,UTYP1,UART,UMONAT,USTUNDE,UWOCHENTAG,STRZUSTAND,ULICHTVERH,ISTRAD,ISTPKW,ISTFUSS,ISTKRAD,ISTGKFZ,ISTSONSTIG
"POINT (8.525001522000025 49.436414398000068)",Unfall 75503 (2021) Kat:3, Licht: 0,75503,3,6,1,04,12,5,0,0,0,1,0,0,0,0
"POINT (8.538837446000059 49.461635508000029)",Unfall 75504 (2021) Kat:3, Licht: 0,75504,3,6,2,03,09,2,0,0,0,1,0,0,1,0
"POINT (8.550694601000032 49.519956065000031)",Unfall 75546 (2021) Kat:2, Licht: 0,75546,2,7,0,03,14,2,0,0,0,0,0,0,1,0
"POINT (8.476888708000047 49.516791584000032)",Unfall 75641 (2021) Kat:3, Licht: 0,75641,3,6,0,04,13,7,0,0,0,0,0,1,0,0
"POINT (8.459312630000056 49.485894972000040)",Unfall 75706 (2021) Kat:3, Licht: 0,75706,3,7,8,03,11,6,0,0,0,1,0,0,0,0
"POINT (8.516914155000052 49.465651708000053)",Unfall 75946 (2021) Kat:2, Licht: 0,75946,2,7,2,04,09,4,0,0,0,1,0,0,1,0
"POINT (8.511822814000027 49.461519818000056)",Unfall 75977 (2021) Kat:3, Licht: 0,75977,3,6,2,03,18,1,0,0,0,0,0,1,0,0
"POINT (8.546458427000061 49.420415426000034)",Unfall 75990 (2021) Kat:3, Licht: 0,75990,3,6,2,04,18,6,0,0,0,1,0,0,1,0
"POINT (8.515959648000035 49.507635708000066)",Unfall 76028 (2021) Kat:3, Licht: 0,76028,3,6,2,04,15,3,0,0,0,1,0,0,0,0
"POINT (8.475219458000026 49.515591278000045)",Unfall 76030 (2021) Kat:3, Licht: 0,76030,3,6,3,03,14,3,0,0,0,1,0,0,0,0
"POINT (8.456966496000064 49.545237900000075)",Unfall 76165 (2021) Kat:3, Licht: 0,76165,3,6,1,05,18,6,0,0,0,1,0,0,0,0
"POINT (8.483016890000044 49.493347338000035)",Unfall 76183 (2021) Kat:2, Licht: 2,76183,2,6,1,06,03,1,0,2,0,1,0,0,0,0
"POINT (8.527301335000061 49.464780354000027)",Unfall 76361 (2021) Kat:2, Licht: 2,76361,2,1,8,06,01,1,0,2,0,1,0,0,0,0
"POINT (8.459771518000025 49.492708928000070)",Unfall 76432 (2021) Kat:3, Licht: 0,76432,3,6,2,05,15,1,0,0,0,1,0,0,0,0
"POINT (8.575042727000039 49.448502808000057)",Unfall 76462 (2021) Kat:3, Licht: 0,76462,3,1,8,06,19,3,0,0,0,1,0,0,0,0
"POINT (8.545317241000021 49.518626793000067)",Unfall 76504 (2021) Kat:3, Licht: 0,76504,3,1,8,05,14,3,0,0,0,1,0,0,0,0
"POINT (8.556437577000054 49.454891039000074)",Unfall 76657 (2021) Kat:3, Licht: 0,76657,3,6,1,06,17,2,0,0,0,1,0,0,0,1
"POINT (8.460051913000029 49.492898603000071)",Unfall 76699 (2021) Kat:3, Licht: 0,76699,3,6,2,06,09,5,0,0,0,1,0,1,0,0
"POINT (8.551168322000024 49.491578199000060)",Unfall 76900 (2021) Kat:3, Licht: 0,76900,3,6,2,05,17,5,1,0,0,1,0,0,1,0
"POINT (8.543140949000076 49.455588232000082)",Unfall 77070 (2021) Kat:2, Licht: 0,77070,2,7,0,06,14,7,0,0,0,0,0,1,0,0
"POINT (8.482062480000025 49.525580448000028)",Unfall 77094 (2021) Kat:3, Licht: 0,77094,3,2,3,06,10,4,0,0,1,0,0,0,0,0
"POINT (8.478167882000037 49.495337415000051)",Unfall 77100 (2021) Kat:3, Licht: 2,77100,3,5,1,05,03,7,1,2,0,1,0,0,0,0
"POINT (8.551070022000033 49.491625171000067)",Unfall 77212 (2021) Kat:3, Licht: 0,77212,3,6,1,06,06,4,1,0,0,1,0,0,0,0
"POINT (8.503070289000050 49.505526427000063)",Unfall 77276 (2021) Kat:3, Licht: 0,77276,3,6,2,05,13,6,0,0,0,1,0,0,0,0
"POINT (8.558775580000031 49.454134632000034)",Unfall 77321 (2021) Kat:2, Licht: 0,77321,2,7,9,06,13,6,0,0,0,0,0,0,0,1
"POINT (8.468362032000073 49.482379229000060)",Unfall 77329 (2021) Kat:3, Licht: 0,77329,3,6,2,06,17,6,0,0,0,1,0,0,0,0
"POINT (8.540160160000028 49.467377857000031)",Unfall 77369 (2021) Kat:2, Licht: 0,77369,2,7,0,06,16,1,0,0,0,1,0,0,0,0
"POINT (8.455997586000024 49.488356291000059)",Unfall 77604 (2021) Kat:3, Licht: 0,77604,3,2,5,06,16,3,0,0,0,1,0,0,0,0
"POINT (8.555043596000075 49.521531268000047)",Unfall 77664 (2021) Kat:3, Licht: 2,77664,3,1,8,06,01,1,0,2,0,1,0,0,0,0
"POINT (8.552385468000068 49.456505137000079)",Unfall 77736 (2021) Kat:2, Licht: 0,77736,2,1,0,06,15,1,0,0,0,0,0,1,0,0
"POINT (8.569937955000057 49.449808277000045)",Unfall 77763 (2021) Kat:3, Licht: 0,77763,3,6,1,06,14,7,0,0,0,1,0,0,0,0
"POINT (8.568802786000049 49.450305588000049)",Unfall 77854 (2021) Kat:3, Licht: 0,77854,3,6,1,06,09,4,0,0,0,1,0,0,0,1
"POINT (8.479645332000075 49.475153374000058)",Unfall 77899 (2021) Kat:3, Licht: 2,77899,3,1,9,05,04,5,0,2,0,1,0,0,0,0
"POINT (8.456320007000045 49.491755184000056)",Unfall 77919 (2021) Kat:3, Licht: 0,77919,3,6,2,05,18,4,0,0,0,1,0,0,0,0
"POINT (8.455969472000049 49.487380505000033)",Unfall 78091 (2021) Kat:3, Licht: 0,78091,3,6,2,05,16,2,0,0,0,1,0,1,0,0
"POINT (8.542072703000031 49.429356017000032)",Unfall 78172 (2021) Kat:3, Licht: 0,78172,3,7,3,05,13,7,0,0,0,1,0,0,0,0
"POINT (8.519607309000037 49.467388814000060)",Unfall 78183 (2021) Kat:3, Licht: 0,78183,3,3,5,06,16,5,0,0,0,1,0,0,0,1
"POINT (8.456214175000071 49.488649958000053)",Unfall 78225 (2021) Kat:3, Licht: 0,78225,3,6,1,06,08,4,0,0,0,1,0,0,0,0
"POINT (8.479433062000055 49.488185083000076)",Unfall 78260 (2021) Kat:3, Licht: 0,78260,3,2,5,05,10,5,0,0,0,1,0,0,0,1
"POINT (8.560425633000023 49.510742720000053)",Unfall 78332 (2021) Kat:3, Licht: 0,78332,3,6,3,05,17,6,0,0,0,1,0,0,0,0
"POINT (8.456858737000061 49.481439152000064)",Unfall 78344 (2021) Kat:3, Licht: 0,78344,3,6,2,05,15,4,1,0,0,1,0,0,0,0
"POINT (8.511866899000040 49.461598850000030)",Unfall 78352 (2021) Kat:2, Licht: 0,78352,2,3,5,06,15,4,0,0,0,1,0,0,0,0
"POINT (8.475893460000066 49.487129519000064)",Unfall 78389 (2021) Kat:3, Licht: 0,78389,3,6,8,05,19,4,1,0,0,1,0,0,0,0
"POINT (8.446880886000031 49.490324007000027)",Unfall 78423 (2021) Kat:3, Licht: 0,78423,3,6,2,06,16,7,1,0,0,1,0,0,0,0
"POINT (8.522766831000069 49.466439637000065)",Unfall 78555 (2021) Kat:3, Licht: 0,78555,3,6,3,07,17,5,0,0,0,1,0,0,1,0
"POINT (8.471570271000076 49.512320748000036)",Unfall 78782 (2021) Kat:2, Licht: 0,78782,2,3,5,07,16,3,0,0,1,0,0,0,0,0
"POINT (8.573304426000050 49.453262254000038)",Unfall 78861 (2021) Kat:3, Licht: 0,78861,3,1,1,07,07,4,0,0,0,0,0,0,1,1
"POINT (8.487615808000044 49.475380199000028)",Unfall 78912 (2021) Kat:3, Licht: 0,78912,3,3,5,07,17,3,0,0,1,1,0,0,0,0
"POINT (8.581747904000053 49.442996383000036)",Unfall 78960 (2021) Kat:3, Licht: 0,78960,3,3,5,07,16,2,0,0,0,1,0,1,0,0
"POINT (8.523906405000048 49.465974680000045)",Unfall 79188 (2021) Kat:2, Licht: 0,79188,2,6,2,07,09,3,0,0,0,1,0,0,0,0
"POINT (8.459289318000060 49.492475056000046)",Unfall 79200 (2021) Kat:2, Licht: 0,79200,2,4,6,07,08,1,0,0,0,1,1,0,0,0
"POINT (8.462732651000067 49.505250267000065)",Unfall 79231 (2021) Kat:2, Licht: 0,79231,2,5,5,06,18,4,0,0,1,1,0,0,0,0
"POINT (8.519639115000075 49.467429808000077)",Unfall 79244 (2021) Kat:3, Licht: 0,79244,3,6,1,07,16,4,1,0,0,1,0,0,0,0
"POINT (8.504770039000050 49.522127784000077)",Unfall 79266 (2021) Kat:3, Licht: 0,79266,3,6,2,07,16,4,0,0,0,1,0,0,0,0
"POINT (8.532135544000027 49.463392885000076)",Unfall 79285 (2021) Kat:3, Licht: 0,79285,3,1,8,06,09,4,1,0,0,1,0,0,0,0
"POINT (8.560173752000026 49.516029577000040)",Unfall 79529 (2021) Kat:3, Licht: 2,79529,3,1,8,06,22,4,1,2,0,1,0,0,0,0
"POINT (8.497382850000065 49.475748293000038)",Unfall 79536 (2021) Kat:3, Licht: 0,79536,3,7,2,07,15,7,0,0,0,1,0,1,0,0
"POINT (8.554626546000065 49.521385070000065)",Unfall 79653 (2021) Kat:3, Licht: 0,79653,3,1,3,07,17,2,0,0,0,1,0,0,0,0
"POINT (8.542013165000071 49.414523964000068)",Unfall 79908 (2021) Kat:2, Licht: 0,79908,2,6,3,08,17,4,0,0,0,1,0,1,0,0
"POINT (8.512176596000074 49.444936165000058)",Unfall 79988 (2021) Kat:3, Licht: 0,79988,3,2,5,08,06,5,0,0,0,1,0,0,0,1
"POINT (8.505700468000043 49.506858664000049)",Unfall 79996 (2021) Kat:3, Licht: 0,79996,3,1,0,07,20,7,0,0,1,0,0,0,0,0
"POINT (8.515094060000024 49.507651850000059)",Unfall 80016 (2021) Kat:3, Licht: 0,80016,3,6,1,07,07,6,0,0,0,1,0,0,0,0
"POINT (8.560173691000045 49.516030765000039)",Unfall 80157 (2021) Kat:3, Licht: 0,80157,3,6,2,08,14,5,0,0,0,1,0,0,0,0
"POINT (8.484671821000063 49.493722527000045)",Unfall 80220 (2021) Kat:3, Licht: 0,80220,3,7,0,08,09,3,1,0,0,0,0,1,0,0
"POINT (8.447220391000030 49.575282592000065)",Unfall 80313 (2021) Kat:3, Licht: 2,80313,3,7,0,08,05,5,0,2,0,1,0,0,0,0
"POINT (8.527384402000052 49.464830326000026)",Unfall 80338 (2021) Kat:3, Licht: 0,80338,3,6,1,07,18,4,0,0,0,1,0,0,0,0
"POINT (8.560238095000045 49.512245027000063)",Unfall 80360 (2021) Kat:3, Licht: 0,80360,3,6,3,08,12,5,0,0,0,1,0,0,0,1
"POINT (8.544510359000071 49.482924117000039)",Unfall 80365 (2021) Kat:2, Licht: 0,80365,2,3,5,07,15,5,0,0,0,1,0,0,0,0
"POINT (8.426037177000069 49.551499630000080)",Unfall 80531 (2021) Kat:3, Licht: 0,80531,3,6,2,08,16,6,0,0,0,1,0,0,0,0
"POINT (8.448876717000076 49.550470934000032)",Unfall 80552 (2021) Kat:3, Licht: 0,80552,3,6,2,08,09,4,0,0,0,1,0,0,1,0
"POINT (8.549787257000048 49.488209688000040)",Unfall 80810 (2021) Kat:3, Licht: 0,80810,3,6,2,08,16,1,1,0,0,1,0,0,0,0
"POINT (8.466438502000074 49.507971237000049)",Unfall 81079 (2021) Kat:3, Licht: 0,81079,3,7,0,07,15,7,0,0,1,0,1,0,0,0
"POINT (8.487379772000054 49.475124046000076)",Unfall 81168 (2021) Kat:3, Licht: 0,81168,3,3,5,08,16,5,0,0,1,1,0,0,0,0
"POINT (8.545305571000029 49.473801396000056)",Unfall 81269 (2021) Kat:3, Licht: 0,81269,3,3,1,07,09,5,0,0,0,1,0,1,0,0
"POINT (8.464358586000060 49.506484879000027)",Unfall 81487 (2021) Kat:3, Licht: 0,81487,3,6,2,07,06,3,0,0,0,1,0,0,0,0
"POINT (8.522696293000024 49.473625056000060)",Unfall 81598 (2021) Kat:3, Licht: 0,81598,3,6,2,08,14,1,1,0,0,1,0,0,0,0
"POINT (8.501057911000032 49.477987994000046)",Unfall 81690 (2021) Kat:3, Licht: 0,81690,3,2,3,08,16,5,0,0,1,1,0,0,0,0
"POINT (8.551493387000050 49.490283320000060)",Unfall 81796 (2021) Kat:3, Licht: 0,81796,3,6,2,08,17,3,0,0,0,1,0,0,0,1
"POINT (8.539511687000072 49.465045438000061)",Unfall 81883 (2021) Kat:3, Licht: 0,81883,3,6,2,09,16,5,0,0,0,1,0,0,0,0
"POINT (8.481817420000027 49.525172446000056)",Unfall 81966 (2021) Kat:3, Licht: 1,81966,3,3,0,09,18,5,0,1,1,0,0,0,0,1
"POINT (8.511185559000069 49.457419180000045)",Unfall 81978 (2021) Kat:3, Licht: 0,81978,3,6,3,09,16,7,0,0,0,1,0,0,0,0
"POINT (8.458310918000052 49.483578506000072)",Unfall 82108 (2021) Kat:3, Licht: 0,82108,3,6,2,09,09,5,0,0,0,1,0,0,0,0
"POINT (8.460659289000034 49.503765174000080)",Unfall 82179 (2021) Kat:3, Licht: 1,82179,3,6,1,09,06,7,0,1,0,1,0,0,0,0
"POINT (8.488763191000032 49.498202343000059)",Unfall 82286 (2021) Kat:3, Licht: 0,82286,3,6,2,10,12,4,0,0,0,1,0,0,0,1
"POINT (8.487019866000026 49.474959432000048)",Unfall 82323 (2021) Kat:3, Licht: 0,82323,3,2,3,09,11,4,0,0,0,1,0,0,0,1
"POINT (8.504928410000048 49.522018150000065)",Unfall 82342 (2021) Kat:3, Licht: 0,82342,3,2,5,09,07,3,0,0,0,1,0,0,0,0
"POINT (8.474776239000050 49.484428069000046)",Unfall 82434 (2021) Kat:3, Licht: 0,82434,3,6,3,09,11,5,0,0,1,0,0,0,0,1
"POINT (8.489905306000026 49.499039687000050)",Unfall 82529 (2021) Kat:2, Licht: 0,82529,2,4,6,10,09,7,0,0,0,1,1,0,0,0
"POINT (8.475354514000060 49.515909119000071)",Unfall 82607 (2021) Kat:3, Licht: 0,82607,3,7,2,09,11,4,0,0,0,1,0,0,0,0
"POINT (8.552615800000069 49.510165718000053)",Unfall 82693 (2021) Kat:3, Licht: 2,82693,3,3,5,09,05,2,0,2,0,1,0,1,0,0
"POINT (8.497063583000056 49.502877890000036)",Unfall 82814 (2021) Kat:3, Licht: 0,82814,3,4,6,10,15,7,0,0,1,0,1,0,0,0
"POINT (8.537775509000028 49.421212196000056)",Unfall 82973 (2021) Kat:3, Licht: 0,82973,3,7,8,09,13,7,0,0,0,0,0,1,0,0
"POINT (8.482363191000047 49.531386104000035)",Unfall 83123 (2021) Kat:2, Licht: 0,83123,2,6,3,09,16,6,0,0,0,1,0,1,0,0
"POINT (8.460514637000074 49.493761429000074)",Unfall 83140 (2021) Kat:3, Licht: 1,83140,3,3,5,09,06,6,0,1,1,0,0,0,0,1
"POINT (8.459456609000028 49.482687843000065)",Unfall 83154 (2021) Kat:3, Licht: 1,83154,3,3,5,09,06,2,0,1,1,0,0,0,0,0
"POINT (8.515574906000040 49.488639688000035)",Unfall 83159 (2021) Kat:3, Licht: 0,83159,3,6,1,10,15,6,0,0,0,1,0,1,0,0
"POINT (8.477700217000063 49.495440799000050)",Unfall 83205 (2021) Kat:3, Licht: 2,83205,3,6,1,09,19,4,0,2,0,1,0,0,0,0
"POINT (8.557192743000030 49.508697758000039)",Unfall 83372 (2021) Kat:3, Licht: 0,83372,3,3,5,10,15,6,0,0,1,1,0,0,0,0
"POINT (8.457128778000026 49.545137985000054)",Unfall 83413 (2021) Kat:3, Licht: 2,83413,3,3,5,09,05,3,0,2,0,1,0,0,1,0
"POINT (8.485981374000062 49.494338529000061)",Unfall 83453 (2021) Kat:3, Licht: 0,83453,3,6,2,09,16,4,0,0,0,1,0,0,0,0
"POINT (8.477097977000028 49.495643980000068)",Unfall 83485 (2021) Kat:3, Licht: 0,83485,3,6,1,10,10,6,0,0,0,1,0,1,0,0
"POINT (8.488997627000060 49.494388258000072)",Unfall 83540 (2021) Kat:2, Licht: 0,83540,2,6,2,09,18,6,0,0,0,1,0,1,0,0
"POINT (8.544027428000049 49.424991044000080)",Unfall 83542 (2021) Kat:3, Licht: 0,83542,3,6,2,09,16,5,0,0,0,1,0,0,0,0
"POINT (8.447822669000061 49.552339554000071)",Unfall 84057 (2021) Kat:3, Licht: 1,84057,3,7,5,09,06,5,1,1,0,1,0,0,1,0
"POINT (8.560517041000026 49.513042147000078)",Unfall 84060 (2021) Kat:3, Licht: 0,84060,3,6,2,09,14,5,0,0,0,1,0,0,0,0
"POINT (8.459512235000034 49.485823029000073)",Unfall 84081 (2021) Kat:2, Licht: 0,84081,2,2,3,09,16,4,0,0,0,1,0,1,0,0
"POINT (8.460635419000027 49.494154334000029)",Unfall 84105 (2021) Kat:3, Licht: 0,84105,3,6,2,09,17,4,0,0,1,1,0,0,0,0
"POINT (8.548808807000057 49.486990692000063)",Unfall 84208 (2021) Kat:3, Licht: 0,84208,3,6,2,10,16,5,0,0,0,1,0,0,0,0
"POINT (8.537810461000049 49.420877836000045)",Unfall 84365 (2021) Kat:3, Licht: 0,84365,3,1,8,10,10,4,0,0,0,1,0,0,0,0
"POINT (8.560589040000025 49.502609770000049)",Unfall 84420 (2021) Kat:3, Licht: 0,84420,3,6,3,10,09,3,1,0,0,1,0,0,1,0
"POINT (8.460599894000040 49.494036200000039)",Unfall 84443 (2021) Kat:3, Licht: 0,84443,3,6,1,10,07,6,0,0,0,1,0,0,0,0
"POINT (8.538499858000023 49.422153626000068)",Unfall 84511 (2021) Kat:3, Licht: 0,84511,3,6,2,10,18,6,0,0,0,1,0,0,0,1
"POINT (8.480625945000043 49.522293183000045)",Unfall 84575 (2021) Kat:3, Licht: 0,84575,3,6,2,10,07,4,0,0,0,1,0,1,0,0
"POINT (8.522710775000064 49.473656425000058)",Unfall 84584 (2021) Kat:3, Licht: 0,84584,3,6,1,10,15,2,0,0,0,1,0,0,0,0
"POINT (8.551194956000074 49.491592827000034)",Unfall 84588 (2021) Kat:2, Licht: 2,84588,2,3,5,10,19,5,0,2,0,1,0,0,0,0
"POINT (8.509552908000046 49.488988671000072)",Unfall 84600 (2021) Kat:3, Licht: 0,84600,3,6,3,10,17,6,0,0,0,1,0,0,0,0
"POINT (8.511558122000054 49.444880781000052)",Unfall 84604 (2021) Kat:3, Licht: 2,84604,3,2,4,10,07,3,1,2,0,0,0,0,1,1
"POINT (8.488963053000020 49.498490168000046)",Unfall 84622 (2021) Kat:3, Licht: 0,84622,3,7,5,10,10,1,0,0,0,1,0,0,0,0
"POINT (8.487602739000067 49.475366017000056)",Unfall 84701 (2021) Kat:3, Licht: 0,84701,3,3,5,10,17,5,0,0,1,1,0,0,0,0
"POINT (8.538727731000051 49.461203425000065)",Unfall 84745 (2021) Kat:3, Licht: 0,84745,3,3,3,10,11,2,0,0,0,1,0,0,0,1
"POINT (8.454334725000024 49.546846311000081)",Unfall 84784 (2021) Kat:3, Licht: 0,84784,3,6,2,10,07,3,1,0,0,1,0,0,0,0
"POINT (8.519842850000032 49.515935542000079)",Unfall 84872 (2021) Kat:3, Licht: 1,84872,3,6,1,11,17,3,1,1,0,1,0,0,0,0
"POINT (8.540497780000067 49.441217853000069)",Unfall 85043 (2021) Kat:3, Licht: 0,85043,3,6,2,11,17,6,0,0,0,1,0,0,0,0
"POINT (8.447462930000029 49.574526246000062)",Unfall 85061 (2021) Kat:3, Licht: 0,85061,3,1,8,10,17,1,0,0,0,1,0,0,0,0
"POINT (8.560537322000073 49.512590191000072)",Unfall 85068 (2021) Kat:2, Licht: 2,85068,2,6,8,11,21,7,0,2,0,1,0,0,0,1
"POINT (8.448651849000044 49.550728599000081)",Unfall 85257 (2021) Kat:3, Licht: 0,85257,3,6,3,10,15,6,0,0,0,1,0,0,1,0
"POINT (8.425854584000035 49.551445077000039)",Unfall 85268 (2021) Kat:3, Licht: 0,85268,3,6,2,10,16,5,0,0,0,1,0,0,0,0
"POINT (8.487165658000038 49.496444265000036)",Unfall 85395 (2021) Kat:3, Licht: 0,85395,3,2,5,10,17,1,0,0,0,1,0,0,0,1
"POINT (8.566015122000067 49.451293811000028)",Unfall 85451 (2021) Kat:3, Licht: 2,85451,3,6,2,11,18,1,1,2,0,1,0,0,0,0
"POINT (8.551341101000048 49.459874331000037)",Unfall 85508 (2021) Kat:2, Licht: 0,85508,2,4,6,12,09,5,1,0,0,1,1,0,0,0
"POINT (8.489808850000031 49.498988793000080)",Unfall 85534 (2021) Kat:3, Licht: 1,85534,3,1,3,11,17,2,0,1,1,0,0,0,0,1
"POINT (8.482244812000033 49.474107183000058)",Unfall 85614 (2021) Kat:3, Licht: 2,85614,3,6,2,11,18,2,0,2,0,1,0,0,0,0
"POINT (8.456990066000060 49.545223488000033)",Unfall 85686 (2021) Kat:3, Licht: 1,85686,3,6,2,11,16,2,0,1,0,1,0,0,0,1
"POINT (8.484023206000074 49.473964247000026)",Unfall 85717 (2021) Kat:3, Licht: 0,85717,3,2,5,11,11,6,0,0,1,1,0,0,0,0
"POINT (8.524854740000023 49.481614325000066)",Unfall 85748 (2021) Kat:3, Licht: 0,85748,3,6,0,11,08,3,0,0,0,1,0,0,1,1
"POINT (8.508982518000039 49.519396342000050)",Unfall 85761 (2021) Kat:3, Licht: 0,85761,3,6,2,11,08,5,1,0,0,1,0,0,0,0
"POINT (8.460137712000062 49.503399299000080)",Unfall 85986 (2021) Kat:3, Licht: 1,85986,3,6,2,12,07,3,1,1,0,1,0,0,0,0
"POINT (8.499929394000048 49.524585586000057)",Unfall 86101 (2021) Kat:3, Licht: 0,86101,3,3,0,11,13,6,0,0,1,1,0,0,0,0
"POINT (8.475786911000057 49.486480899000071)",Unfall 86142 (2021) Kat:3, Licht: 0,86142,3,3,6,11,09,6,0,0,0,1,1,0,0,0
"POINT (8.542601319000028 49.413764120000053)",Unfall 86143 (2021) Kat:3, Licht: 1,86143,3,6,2,12,16,6,0,1,0,1,0,0,1,0
"POINT (8.541406879000021 49.456129918000045)",Unfall 86166 (2021) Kat:3, Licht: 2,86166,3,6,2,11,19,4,0,2,0,1,0,0,0,1
"POINT (8.475167497000029 49.485219098000073)",Unfall 86228 (2021) Kat:3, Licht: 0,86228,3,2,3,11,10,5,0,0,0,1,0,0,1,0
"POINT (8.480272485000057 49.489247457000033)",Unfall 86231 (2021) Kat:3, Licht: 0,86231,3,5,1,12,11,5,0,0,1,1,0,0,0,0
"POINT (8.530709624000053 49.463856900000053)",Unfall 86280 (2021) Kat:3, Licht: 2,86280,3,6,2,12,17,3,0,2,0,1,0,0,0,1
"POINT (8.519647311000028 49.467428675000065)",Unfall 86441 (2021) Kat:3, Licht: 0,86441,3,3,5,12,08,2,0,0,0,1,0,0,0,0
"POINT (8.505068132000076 49.522085368000035)",Unfall 86443 (2021) Kat:3, Licht: 2,86443,3,6,2,11,21,5,0,2,0,1,0,0,0,0
"POINT (8.560778834000075 49.507116999000061)",Unfall 86656 (2021) Kat:3, Licht: 0,86656,3,6,3,12,14,7,0,0,0,1,0,1,0,1
"POINT (8.521043320000047 49.493891820000044)",Unfall 86697 (2021) Kat:3, Licht: 1,86697,3,4,6,12,17,2,1,1,0,1,1,0,0,0
"POINT (8.546287027000062 49.420803124000031)",Unfall 86707 (2021) Kat:3, Licht: 1,86707,3,6,1,12,16,2,0,1,0,1,0,0,0,0
"POINT (8.556487018000041 49.454872728000055)",Unfall 86723 (2021) Kat:3, Licht: 2,86723,3,6,2,11,18,6,0,2,0,1,0,0,0,0
"POINT (8.525136466000049 49.512696176000077)",Unfall 86731 (2021) Kat:3, Licht: 1,86731,3,6,1,12,16,3,1,1,0,1,0,0,0,0
"POINT (8.489200395000069 49.494406151000078)",Unfall 86737 (2021) Kat:3, Licht: 1,86737,3,1,8,11,16,3,0,1,0,1,0,0,0,0
"POINT (8.488937014000044 49.528848994000043)",Unfall 86773 (2021) Kat:2, Licht: 2,86773,2,3,5,12,19,5,0,2,0,1,0,0,0,1
"POINT (8.482154528000024 49.524880983000060)",Unfall 86845 (2021) Kat:3, Licht: 2,86845,3,3,5,11,19,6,0,2,1,1,0,0,0,0
"POINT (8.517509986000050 49.466855300000077)",Unfall 86951 (2021) Kat:3, Licht: 0,86951,3,1,0,11,12,7,1,0,0,0,0,1,0,0
"POINT (8.493669446000069 49.500853018000043)",Unfall 87010 (2021) Kat:3, Licht: 2,87010,3,3,5,11,21,2,0,2,1,1,0,0,0,0
"POINT (8.550984453000069 49.491692747000059)",Unfall 87023 (2021) Kat:3, Licht: 0,87023,3,6,1,12,07,3,0,0,0,1,0,0,0,0
"POINT (8.538147656000035 49.452231735000055)",Unfall 87058 (2021) Kat:3, Licht: 0,87058,3,6,4,12,07,2,0,0,0,1,0,0,0,0
"POINT (8.547183875000030 49.513379056000076)",Unfall 87143 (2021) Kat:1, Licht: 2,87143,1,4,6,12,16,2,0,2,0,1,1,0,0,0
"POINT (8.515007639000032 49.517426318000048)",Unfall 87241 (2021) Kat:3, Licht: 0,87241,3,6,3,12,12,6,0,0,0,1,0,0,1,0
"POINT (8.539646354000070 49.461289897000029)",Unfall 87263 (2021) Kat:3, Licht: 2,87263,3,6,3,11,18,4,0,2,0,1,0,0,1,0
"POINT (8.491770717000065 49.477944037000043)",Unfall 88074 (2021) Kat:3, Licht: 2,88074,3,3,5,12,16,7,1,2,0,1,0,0,0,0
"POINT (8.510181788000068 49.454376195000066)",Unfall 178545 (2021) Kat:3, Licht: 1,178545,3,6,2,01,17,2,0,1,0,1,0,0,0,0
"POINT (8.467658078000056 49.489338281000073)",Unfall 178566 (2021) Kat:2, Licht: 0,178566,2,4,6,01,11,3,0,0,0,0,1,0,0,1
"POINT (8.513635596000029 49.517852267000080)",Unfall 178568 (2021) Kat:3, Licht: 2,178568,3,4,6,02,18,2,1,2,0,1,1,0,0,0
"POINT (8.505027366000036 49.456046612000080)",Unfall 178589 (2021) Kat:3, Licht: 0,178589,3,6,2,01,16,7,0,0,0,1,0,0,0,0
"POINT (8.511470427000063 49.524692191000042)",Unfall 178654 (2021) Kat:3, Licht: 0,178654,3,6,2,01,15,4,0,0,0,1,0,0,0,1
"POINT (8.492171197000062 49.451586279000026)",Unfall 178658 (2021) Kat:3, Licht: 0,178658,3,2,4,02,11,2,1,0,1,1,0,0,0,0
"POINT (8.476153577000048 49.484769096000036)",Unfall 178685 (2021) Kat:3, Licht: 2,178685,3,1,0,02,00,3,2,2,0,0,0,0,0,1
"POINT (8.466222410000057 49.499732665000067)",Unfall 178713 (2021) Kat:3, Licht: 2,178713,3,3,0,01,19,5,1,2,0,1,0,1,0,0
"POINT (8.479315878000023 49.480340126000044)",Unfall 178716 (2021) Kat:3, Licht: 2,178716,3,1,0,01,18,5,1,2,1,0,0,0,0,0
"POINT (8.468917139000041 49.473801221000031)",Unfall 178738 (2021) Kat:3, Licht: 2,178738,3,7,0,01,17,4,1,2,1,0,0,0,0,0
"POINT (8.511647627000059 49.461943300000030)",Unfall 178799 (2021) Kat:3, Licht: 0,178799,3,6,1,01,12,1,1,0,0,1,0,0,0,0
"POINT (8.489731342000027 49.493129953000050)",Unfall 178813 (2021) Kat:2, Licht: 2,178813,2,4,6,01,06,5,1,2,0,1,1,0,0,0
"POINT (8.450551582000060 49.496534815000075)",Unfall 178838 (2021) Kat:2, Licht: 0,178838,2,7,4,01,12,6,0,0,1,0,0,0,0,1
"POINT (8.488977401000056 49.478662275000033)",Unfall 178853 (2021) Kat:3, Licht: 0,178853,3,6,3,01,16,2,0,0,0,1,0,0,0,1