WKT,Name,OBJECTID,UKATEGORIE,UTYP1,UART,UMONAT,USTUNDE,UWOCHENTAG,STRZUSTAND,ULICHTVERH,ISTRAD,ISTPKW,ISTFUSS,ISTKRAD,ISTGKFZ,ISTSONSTIG
"POINT (8.509937109000020 49.446258036000074)",Unfall 178856 (2021) Kat:2, Licht: 0,178856,2,1,8,01,16,2,1,0,0,0,0,1,0,0
"POINT (8.525900873000069 49.435322433000067)",Unfall 178862 (2021) Kat:3, Licht: 1,178862,3,3,5,01,07,6,1,1,0,1,0,0,0,0
"POINT (8.488918313000056 49.475021297000069)",Unfall 178880 (2021) Kat:3, Licht: 0,178880,3,3,5,01,14,7,1,0,0,1,0,0,0,0
"POINT (8.471661878000020 49.499373134000052)",Unfall 178885 (2021) Kat:3, Licht: 0,178885,3,6,2,02,13,7,1,0,0,1,0,0,0,0
"POINT (8.510060483000075 49.454246163000050)",Unfall 178922 (2021) Kat:3, Licht: 1,178922,3,3,5,01,17,7,1,1,0,1,0,0,0,0
"POINT (8.493732990000069 49.520487458000048)",Unfall 178932 (2021) Kat:3, Licht: 0,178932,3,7,1,01,19,6,0,0,0,1,0,0,0,0
"POINT (8.483757395000055 49.468969097000070)",Unfall 178976 (2021) Kat:3, Licht: 0,178976,3,6,2,01,12,6,0,0,0,1,0,0,0,0
"POINT (8.500580295000077 49.448162463000074)",Unfall 178996 (2021) Kat:3, Licht: 0,178996,3,1,7,02,14,1,1,0,1,0,0,0,0,0
"POINT (8.493147446000023 49.566031468000062)",Unfall 179003 (2021) Kat:3, Licht: 0,179003,3,1,4,01,08,3,2,0,0,1,0,0,0,0
"POINT (8.457709419000025 49.496745075000035)",Unfall 179007 (2021) Kat:3, Licht: 2,179007,3,3,5,01,05,6,1,2,1,1,0,0,0,0
"POINT (8.504252653000037 49.476127696000049)",Unfall 179021 (2021) Kat:3, Licht: 0,179021,3,6,4,01,15,3,0,0,0,1,0,0,0,0
"POINT (8.496856807000029 49.525830510000048)",Unfall 179087 (2021) Kat:3, Licht: 2,179087,3,6,2,01,18,2,1,2,0,1,0,0,0,0
"POINT (8.506817446000071 49.509415280000042)",Unfall 179127 (2021) Kat:2, Licht: 2,179127,2,6,2,01,18,7,1,2,0,1,0,1,0,0
"POINT (8.466892335000068 49.510746436000034)",Unfall 179144 (2021) Kat:3, Licht: 0,179144,3,3,5,01,10,6,0,0,0,1,0,0,1,0
"POINT (8.507912400000066 49.512289474000056)",Unfall 179265 (2021) Kat:3, Licht: 1,179265,3,3,5,01,06,6,1,1,0,1,0,1,0,0
"POINT (8.525905393000073 49.435323860000040)",Unfall 179271 (2021) Kat:3, Licht: 0,179271,3,4,6,01,11,6,1,0,0,1,1,0,0,0
"POINT (8.469919308000044 49.504757138000059)",Unfall 179302 (2021) Kat:3, Licht: 2,179302,3,4,6,02,19,3,1,2,0,1,1,0,0,0
"POINT (8.482082035000076 49.478710162000027)",Unfall 179345 (2021) Kat:3, Licht: 2,179345,3,3,0,01,17,2,0,2,1,0,0,0,0,1
"POINT (8.535656029000052 49.422631196000054)",Unfall 179362 (2021) Kat:2, Licht: 2,179362,2,6,1,02,18,7,1,2,0,1,0,1,0,0
"POINT (8.491445694000049 49.477695252000046)",Unfall 179368 (2021) Kat:3, Licht: 0,179368,3,6,2,01,15,4,1,0,0,1,0,0,0,0
"POINT (8.505813943000021 49.506728174000045)",Unfall 179396 (2021) Kat:3, Licht: 0,179396,3,6,1,02,16,4,1,0,0,1,0,0,1,0
"POINT (8.558367065000027 49.499106045000076)",Unfall 179416 (2021) Kat:3, Licht: 0,179416,3,6,1,02,08,3,2,0,0,1,0,0,0,0
"POINT (8.508659204000026 49.503820660000031)",Unfall 179452 (2021) Kat:3, Licht: 0,179452,3,3,5,01,13,6,0,0,0,1,0,0,0,0
"POINT (8.501488400000028 49.523627642000065)",Unfall 179466 (2021) Kat:3, Licht: 0,179466,3,3,5,02,16,2,1,0,0,1,0,0,0,1
"POINT (8.467983958000048 49.499632890000044)",Unfall 179506 (2021) Kat:3, Licht: 0,179506,3,7,6,01,15,7,0,0,0,0,1,0,0,1
"POINT (8.525848835000033 49.437662629000044)",Unfall 179527 (2021) Kat:3, Licht: 0,179527,3,7,0,02,10,7,1,0,0,1,0,0,0,0
"POINT (8.474940735000075 49.490820924000047)",Unfall 179546 (2021) Kat:3, Licht: 0,179546,3,3,1,01,10,6,0,0,0,1,0,0,0,1
"POINT (8.472198227000035 49.497698366000066)",Unfall 179553 (2021) Kat:2, Licht: 0,179553,2,6,0,01,15,7,0,0,0,0,0,1,0,0
"POINT (8.495224325000038 49.510548814000060)",Unfall 179599 (2021) Kat:3, Licht: 2,179599,3,6,1,01,06,3,2,2,0,1,0,0,0,0
"POINT (8.484302371000069 49.498720933000072)",Unfall 179607 (2021) Kat:2, Licht: 0,179607,2,2,4,03,07,4,0,0,1,1,0,0,0,0
"POINT (8.515215122000029 49.507406969000044)",Unfall 179619 (2021) Kat:3, Licht: 2,179619,3,3,5,03,01,6,1,2,1,0,0,0,0,1
"POINT (8.490712782000060 49.460770535000051)",Unfall 179623 (2021) Kat:3, Licht: 0,179623,3,3,5,02,13,4,0,0,0,1,0,0,0,1
"POINT (8.488012819000062 49.453962964000027)",Unfall 179625 (2021) Kat:3, Licht: 0,179625,3,6,1,03,11,4,1,0,0,1,0,0,0,0
"POINT (8.462723859000050 49.500402150000070)",Unfall 179642 (2021) Kat:3, Licht: 2,179642,3,1,0,03,01,1,1,2,0,0,0,0,0,1
"POINT (8.500915572000054 49.450067967000052)",Unfall 179662 (2021) Kat:3, Licht: 0,179662,3,5,5,02,15,3,0,0,1,1,0,0,0,0
"POINT (8.471986166000022 49.469468889000041)",Unfall 179729 (2021) Kat:3, Licht: 0,179729,3,3,5,02,16,3,0,0,1,1,0,0,0,0
"POINT (8.471693539000057 49.500253417000067)",Unfall 179764 (2021) Kat:3, Licht: 0,179764,3,5,1,02,12,6,0,0,1,0,0,0,0,1
"POINT (8.461518015000024 49.490439411000068)",Unfall 179765 (2021) Kat:3, Licht: 0,179765,3,4,6,02,15,6,0,0,0,1,1,0,0,0
"POINT (8.484309671000062 49.472115679000069)",Unfall 179771 (2021) Kat:3, Licht: 0,179771,3,6,3,02,15,7,0,0,1,0,0,0,0,1
"POINT (8.478983467000035 49.460425197000063)",Unfall 179789 (2021) Kat:3, Licht: 0,179789,3,3,5,03,17,3,0,0,1,1,0,0,0,0
"POINT (8.479594651000070 49.487871269000038)",Unfall 179800 (2021) Kat:3, Licht: 0,179800,3,6,2,03,13,3,0,0,0,1,0,0,0,0
"POINT (8.472804034000035 49.468284664000066)",Unfall 179818 (2021) Kat:3, Licht: 0,179818,3,6,2,02,14,1,0,0,0,1,0,0,0,0
"POINT (8.471813574000066 49.493736460000036)",Unfall 179855 (2021) Kat:3, Licht: 0,179855,3,7,0,03,07,6,1,0,1,0,0,0,0,0
"POINT (8.459392644000047 49.515287075000060)",Unfall 179929 (2021) Kat:3, Licht: 2,179929,3,1,8,03,20,7,0,2,0,1,0,0,0,0
"POINT (8.509944087000065 49.485153687000036)",Unfall 179930 (2021) Kat:3, Licht: 0,179930,3,6,4,02,15,3,0,0,1,0,0,0,0,0
"POINT (8.470212368000034 49.493415948000063)",Unfall 179953 (2021) Kat:3, Licht: 0,179953,3,6,1,03,10,2,1,0,0,1,0,0,0,0
"POINT (8.467281415000059 49.493878140000049)",Unfall 179958 (2021) Kat:3, Licht: 0,179958,3,6,2,03,13,2,0,0,0,1,0,0,0,1
"POINT (8.508721829000024 49.513841556000045)",Unfall 179986 (2021) Kat:3, Licht: 0,179986,3,3,5,02,12,1,0,0,0,1,0,0,0,0
"POINT (8.493484015000035 49.453564661000030)",Unfall 180005 (2021) Kat:3, Licht: 0,180005,3,6,2,02,13,1,0,0,0,1,0,0,0,0
"POINT (8.457160245000068 49.490973037000060)",Unfall 180056 (2021) Kat:3, Licht: 2,180056,3,1,9,02,19,1,1,2,0,1,0,0,0,0
"POINT (8.472383815000057 49.484269070000039)",Unfall 180060 (2021) Kat:3, Licht: 0,180060,3,5,2,03,17,1,0,0,0,1,0,0,0,0
"POINT (8.499125246000062 49.520323832000031)",Unfall 180079 (2021) Kat:3, Licht: 0,180079,3,3,5,03,09,7,0,0,0,1,0,0,0,1
"POINT (8.471302410000021 49.510628863000079)",Unfall 180086 (2021) Kat:3, Licht: 0,180086,3,6,1,03,14,2,0,0,0,1,0,0,0,1
"POINT (8.464953888000025 49.487205595000034)",Unfall 180088 (2021) Kat:3, Licht: 0,180088,3,4,6,02,12,6,0,0,0,1,1,0,0,0
"POINT (8.465881533000072 49.499882630000059)",Unfall 180122 (2021) Kat:3, Licht: 0,180122,3,7,0,03,12,3,0,0,1,0,0,0,0,0
"POINT (8.493802778000031 49.456304207000073)",Unfall 180152 (2021) Kat:3, Licht: 0,180152,3,5,5,02,14,7,0,0,1,0,0,0,0,1
"POINT (8.463113183000075 49.503487576000055)",Unfall 180158 (2021) Kat:3, Licht: 2,180158,3,2,6,03,19,2,0,2,0,1,1,0,1,0
"POINT (8.529433260000076 49.530993291000073)",Unfall 180160 (2021) Kat:3, Licht: 0,180160,3,3,5,03,13,3,0,0,1,1,0,0,0,0
"POINT (8.492349230000059 49.500033697000049)",Unfall 180169 (2021) Kat:3, Licht: 2,180169,3,3,5,02,06,3,0,2,1,1,0,0,0,0
"POINT (8.476887071000021 49.486109808000037)",Unfall 180180 (2021) Kat:2, Licht: 0,180180,2,7,0,02,11,6,0,0,0,1,0,0,0,0
"POINT (8.499656504000029 49.449863003000075)",Unfall 180191 (2021) Kat:2, Licht: 0,180191,2,1,0,03,11,3,1,0,0,0,0,1,0,0
"POINT (8.465900190000070 49.489911840000048)",Unfall 180214 (2021) Kat:3, Licht: 0,180214,3,7,5,02,17,3,0,0,1,1,0,0,0,0
"POINT (8.538919954000050 49.418871197000044)",Unfall 180224 (2021) Kat:3, Licht: 0,180224,3,3,5,02,15,6,0,0,1,1,0,0,0,0
"POINT (8.528642041000069 49.491116439000052)",Unfall 180252 (2021) Kat:3, Licht: 0,180252,3,6,2,03,10,6,0,0,1,1,0,0,0,0
"POINT (8.504486899000028 49.445169946000078)",Unfall 180297 (2021) Kat:3, Licht: 1,180297,3,7,0,02,17,3,0,1,1,0,0,0,0,0
"POINT (8.474018114000046 49.515923832000055)",Unfall 180328 (2021) Kat:3, Licht: 0,180328,3,6,3,03,14,4,0,0,0,1,0,1,0,0
"POINT (8.484458956000026 49.472168209000074)",Unfall 180349 (2021) Kat:3, Licht: 0,180349,3,6,3,03,08,5,0,0,0,0,0,0,0,1
"POINT (8.489385229000050 49.462928729000055)",Unfall 180381 (2021) Kat:3, Licht: 2,180381,3,7,6,02,06,5,2,2,0,1,1,0,0,0
"POINT (8.485592623000059 49.485536461000038)",Unfall 180390 (2021) Kat:2, Licht: 0,180390,2,7,9,03,16,5,0,0,0,1,0,0,0,0
"POINT (8.484302052000032 49.481377626000040)",Unfall 180400 (2021) Kat:3, Licht: 0,180400,3,3,5,02,12,2,0,0,1,1,0,0,0,0
"POINT (8.482650450000051 49.456902695000053)",Unfall 180404 (2021) Kat:3, Licht: 0,180404,3,3,5,02,15,5,0,0,0,1,0,0,0,1
"POINT (8.523916312000040 49.474433025000053)",Unfall 180405 (2021) Kat:3, Licht: 0,180405,3,2,2,03,06,3,1,0,0,1,0,0,0,0
"POINT (8.505478518000075 49.493959123000081)",Unfall 180412 (2021) Kat:3, Licht: 0,180412,3,1,0,03,16,7,0,0,0,0,0,1,0,0
"POINT (8.505329770000060 49.494735344000048)",Unfall 180413 (2021) Kat:2, Licht: 0,180413,2,6,2,03,15,2,0,0,0,1,0,0,0,0
"POINT (8.492219410000075 49.526119385000072)",Unfall 180470 (2021) Kat:3, Licht: 0,180470,3,3,5,02,16,1,0,0,0,1,0,0,0,0
"POINT (8.462039954000034 49.489394519000030)",Unfall 180493 (2021) Kat:3, Licht: 0,180493,3,3,5,02,17,7,0,0,0,1,0,0,0,1
"POINT (8.441816241000026 49.548694986000044)",Unfall 180527 (2021) Kat:3, Licht: 0,180527,3,3,5,03,13,3,0,0,1,1,0,0,0,0
"POINT (8.500082485000064 49.511633269000072)",Unfall 180530 (2021) Kat:3, Licht: 0,180530,3,3,5,03,15,7,0,0,0,1,0,0,0,0
"POINT (8.508746107000036 49.531017860000077)",Unfall 180557 (2021) Kat:3, Licht: 0,180557,3,7,8,02,11,1,0,0,1,0,0,0,0,0
"POINT (8.509682563000069 49.445913045000054)",Unfall 180576 (2021) Kat:3, Licht: 0,180576,3,1,0,02,13,3,0,0,0,0,0,1,0,0
"POINT (8.470644533000041 49.488867063000043)",Unfall 180578 (2021) Kat:3, Licht: 2,180578,3,3,5,03,19,5,1,2,0,1,0,0,0,0
"POINT (8.482169525000074 49.454328258000032)",Unfall 180590 (2021) Kat:3, Licht: 0,180590,3,5,1,03,15,5,0,0,0,1,0,0,0,1
"POINT (8.515678319000074 49.509883157000047)",Unfall 180601 (2021) Kat:3, Licht: 0,180601,3,3,5,03,16,5,0,0,1,0,0,0,0,1
"POINT (8.466918534000058 49.488539001000049)",Unfall 180611 (2021) Kat:3, Licht: 0,180611,3,7,6,03,11,7,0,0,0,0,1,0,0,1
"POINT (8.466444356000068 49.497666553000045)",Unfall 180657 (2021) Kat:3, Licht: 0,180657,3,4,6,03,17,3,0,0,0,1,1,0,0,0
"POINT (8.466107308000062 49.490135764000058)",Unfall 180662 (2021) Kat:2, Licht: 1,180662,2,5,1,04,18,3,0,1,1,1,0,0,0,0
"POINT (8.494057297000040 49.455687788000034)",Unfall 180687 (2021) Kat:3, Licht: 0,180687,3,6,1,04,09,6,0,0,0,1,0,0,0,0
"POINT (8.478345760000025 49.460636193000028)",Unfall 180736 (2021) Kat:3, Licht: 0,180736,3,2,5,04,12,5,0,0,1,1,0,0,0,0
"POINT (8.462047600000062 49.489402711000025)",Unfall 180808 (2021) Kat:3, Licht: 1,180808,3,3,5,05,18,3,1,1,0,1,0,0,0,1
"POINT (8.502004347000025 49.458725567000045)",Unfall 180824 (2021) Kat:3, Licht: 0,180824,3,2,5,04,18,5,0,0,0,1,0,0,0,0
"POINT (8.460515807000036 49.481319655000050)",Unfall 180865 (2021) Kat:3, Licht: 1,180865,3,6,2,04,06,2,1,1,0,1,0,0,0,0
"POINT (8.503553469000053 49.492813079000030)",Unfall 180866 (2021) Kat:3, Licht: 0,180866,3,6,1,03,10,2,0,0,0,1,0,0,0,0
"POINT (8.471184794000067 49.479262647000041)",Unfall 180886 (2021) Kat:3, Licht: 0,180886,3,7,0,05,11,1,0,0,1,0,0,0,0,0
"POINT (8.508941038000046 49.519279847000064)",Unfall 180887 (2021) Kat:3, Licht: 0,180887,3,3,5,04,12,7,0,0,1,0,0,0,0,1
"POINT (8.474658884000064 49.491146051000044)",Unfall 180900 (2021) Kat:3, Licht: 0,180900,3,5,1,04,17,6,0,0,1,1,0,0,0,0
"POINT (8.492862795000065 49.461354964000066)",Unfall 180905 (2021) Kat:3, Licht: 2,180905,3,1,9,04,02,7,0,2,0,1,0,0,0,0
"POINT (8.474401945000068 49.496716987000070)",Unfall 180926 (2021) Kat:3, Licht: 0,180926,3,7,1,04,17,3,0,0,1,1,0,0,0,0
"POINT (8.475066685000058 49.516500885000028)",Unfall 180933 (2021) Kat:3, Licht: 0,180933,3,2,4,05,18,7,0,0,0,1,0,0,0,0
"POINT (8.480334670000047 49.483414404000030)",Unfall 180937 (2021) Kat:3, Licht: 0,180937,3,3,5,03,12,3,0,0,0,1,0,0,0,0
"POINT (8.472980937000045 49.450984362000042)",Unfall 180986 (2021) Kat:2, Licht: 0,180986,2,3,5,04,10,7,0,0,1,0,0,0,0,1
"POINT (8.512687891000041 49.438797685000054)",Unfall 180987 (2021) Kat:1, Licht: 2,180987,1,7,9,04,05,2,0,2,0,0,0,0,1,0
"POINT (8.524824342000045 49.449385958000050)",Unfall 180990 (2021) Kat:3, Licht: 2,180990,3,7,1,03,20,4,0,2,0,1,0,0,0,0
"POINT (8.479086383000038 49.458409705000065)",Unfall 180995 (2021) Kat:2, Licht: 0,180995,2,1,0,05,18,3,0,0,0,1,0,0,0,0
"POINT (8.475137614000062 49.481362167000043)",Unfall 181008 (2021) Kat:3, Licht: 0,181008,3,5,0,04,20,2,0,0,1,0,0,0,0,0
"POINT (8.561014224000076 49.468091276000052)",Unfall 181014 (2021) Kat:3, Licht: 2,181014,3,7,9,04,01,2,0,2,0,1,0,0,0,0
"POINT (8.500751622000053 49.505050944000061)",Unfall 181070 (2021) Kat:3, Licht: 1,181070,3,3,5,04,05,3,0,1,1,1,0,0,0,0
"POINT (8.456737850000025 49.492253460000029)",Unfall 181083 (2021) Kat:3, Licht: 0,181083,3,2,3,03,16,4,0,0,1,1,0,0,0,0
"POINT (8.478888710000035 49.485343421000039)",Unfall 181117 (2021) Kat:3, Licht: 0,181117,3,7,1,04,10,7,0,0,0,1,0,0,0,0
"POINT (8.480969485000060 49.483961461000035)",Unfall 181146 (2021) Kat:3, Licht: 0,181146,3,4,6,04,11,6,0,0,0,1,1,0,0,0
"POINT (8.485202676000029 49.497015023000074)",Unfall 181202 (2021) Kat:2, Licht: 0,181202,2,3,5,05,15,2,0,0,0,1,0,1,0,0
"POINT (8.482961355000043 49.481425175000027)",Unfall 181219 (2021) Kat:3, Licht: 0,181219,3,3,5,05,18,3,0,0,0,1,0,0,0,0
"POINT (8.501798040000040 49.489526029000046)",Unfall 181241 (2021) Kat:3, Licht: 1,181241,3,3,5,04,20,5,0,1,0,1,0,0,0,0
"POINT (8.480961625000020 49.539125202000037)",Unfall 181261 (2021) Kat:3, Licht: 0,181261,3,3,5,05,08,3,0,0,1,1,0,0,0,0
"POINT (8.470214014000021 49.493415022000079)",Unfall 181358 (2021) Kat:3, Licht: 0,181358,3,3,5,04,16,5,0,0,1,1,0,0,0,0
"POINT (8.474648693000063 49.465846739000028)",Unfall 181362 (2021) Kat:2, Licht: 0,181362,2,6,1,04,14,3,0,0,0,0,0,1,0,1
"POINT (8.442453159000024 49.545021240000040)",Unfall 181366 (2021) Kat:3, Licht: 0,181366,3,6,2,05,16,2,0,0,0,1,0,1,0,0
"POINT (8.478778292000072 49.460500020000040)",Unfall 181375 (2021) Kat:3, Licht: 0,181375,3,6,2,05,10,7,0,0,1,0,0,0,0,0
"POINT (8.464540921000037 49.493256843000040)",Unfall 181403 (2021) Kat:3, Licht: 2,181403,3,3,5,03,06,1,0,2,0,1,0,0,0,0
"POINT (8.493070411000076 49.521810902000027)",Unfall 181422 (2021) Kat:3, Licht: 0,181422,3,2,4,04,16,2,0,0,1,1,0,0,0,0
"POINT (8.508242437000035 49.512844787000063)",Unfall 181433 (2021) Kat:3, Licht: 0,181433,3,5,1,04,12,5,0,0,1,1,0,0,0,0
"POINT (8.475355138000054 49.464808813000047)",Unfall 181441 (2021) Kat:3, Licht: 0,181441,3,3,5,04,09,5,0,0,0,1,0,0,0,1
"POINT (8.486309496000047 49.526312566000058)",Unfall 181452 (2021) Kat:3, Licht: 0,181452,3,3,5,04,17,6,0,0,0,1,1,0,0,0
"POINT (8.511760077000076 49.447276769000041)",Unfall 181481 (2021) Kat:3, Licht: 0,181481,3,6,2,04,14,6,0,0,0,1,0,0,0,0
"POINT (8.468825049000031 49.497678365000070)",Unfall 181493 (2021) Kat:3, Licht: 2,181493,3,7,0,04,23,7,0,2,1,0,1,0,0,0
"POINT (8.473698962000071 49.483764072000042)",Unfall 181523 (2021) Kat:3, Licht: 0,181523,3,6,1,04,15,5,0,0,0,1,0,1,0,0
"POINT (8.540773697000077 49.485752593000029)",Unfall 181550 (2021) Kat:3, Licht: 0,181550,3,5,1,04,14,4,0,0,1,0,0,0,0,1
"POINT (8.469310095000026 49.480781310000054)",Unfall 181557 (2021) Kat:3, Licht: 0,181557,3,7,0,04,16,6,0,0,0,0,0,0,0,1
"POINT (8.468459117000066 49.485282637000068)",Unfall 181590 (2021) Kat:3, Licht: 0,181590,3,1,0,04,19,5,0,0,1,0,0,0,0,0
"POINT (8.457617191000054 49.496128702000078)",Unfall 181598 (2021) Kat:3, Licht: 1,181598,3,6,1,04,18,3,0,1,1,1,0,0,0,0
"POINT (8.485178343000030 49.482021210000028)",Unfall 181603 (2021) Kat:3, Licht: 0,181603,3,6,3,04,07,6,0,0,0,1,0,0,0,1
"POINT (8.475011310000070 49.490974778000066)",Unfall 181605 (2021) Kat:3, Licht: 0,181605,3,2,3,04,20,1,0,0,0,1,0,0,0,0
"POINT (8.481066461000069 49.547023010000032)",Unfall 181620 (2021) Kat:2, Licht: 0,181620,2,2,4,04,16,4,0,0,0,1,0,1,0,0
"POINT (8.465143697000030 49.492758438000067)",Unfall 181631 (2021) Kat:3, Licht: 0,181631,3,7,1,04,12,3,0,0,1,1,0,0,0,0
"POINT (8.475089237000077 49.497999355000047)",Unfall 181651 (2021) Kat:3, Licht: 0,181651,3,2,5,05,08,3,1,0,1,1,0,0,0,0
"POINT (8.472298682000030 49.497460558000057)",Unfall 181669 (2021) Kat:3, Licht: 0,181669,3,2,5,05,14,6,0,0,0,1,0,0,0,1
"POINT (8.506984551000073 49.499204729000041)",Unfall 181702 (2021) Kat:3, Licht: 0,181702,3,7,0,05,13,7,0,0,1,0,0,0,0,0
"POINT (8.495059352000055 49.518596579000075)",Unfall 181724 (2021) Kat:3, Licht: 0,181724,3,3,5,06,16,7,1,0,0,1,0,0,0,0
"POINT (8.468906627000024 49.473830330000055)",Unfall 181748 (2021) Kat:3, Licht: 0,181748,3,1,0,05,14,5,1,0,1,0,0,0,0,0
"POINT (8.449721518000047 49.504924714000026)",Unfall 181751 (2021) Kat:3, Licht: 0,181751,3,7,1,05,13,2,0,0,0,1,0,1,1,0
"POINT (8.464067019000026 49.490459629000043)",Unfall 181784 (2021) Kat:3, Licht: 0,181784,3,3,5,06,20,3,0,0,0,1,0,0,0,0
"POINT (8.484681047000038 49.467990473000043)",Unfall 181795 (2021) Kat:3, Licht: 0,181795,3,3,5,05,13,2,0,0,1,1,0,0,0,0
"POINT (8.525797614000055 49.435289348000026)",Unfall 181826 (2021) Kat:3, Licht: 2,181826,3,4,6,05,21,7,0,2,0,1,1,0,0,0
"POINT (8.480671486000062 49.489806734000069)",Unfall 181889 (2021) Kat:3, Licht: 0,181889,3,6,3,05,18,3,1,0,0,1,0,1,0,0
"POINT (8.457005821000052 49.493679716000031)",Unfall 181914 (2021) Kat:3, Licht: 0,181914,3,6,1,05,11,6,0,0,0,1,0,0,0,0
"POINT (8.468417519000070 49.544220141000039)",Unfall 181916 (2021) Kat:3, Licht: 0,181916,3,3,5,05,11,7,0,0,0,1,0,0,0,0
"POINT (8.471683480000024 49.492548886000066)",Unfall 181917 (2021) Kat:3, Licht: 0,181917,3,6,3,05,18,6,0,0,0,1,0,1,0,0
"POINT (8.448922170000060 49.543965584000034)",Unfall 181964 (2021) Kat:2, Licht: 0,181964,2,3,5,05,12,6,0,0,0,1,0,0,0,1
"POINT (8.485709489000044 49.473848793000059)",Unfall 181986 (2021) Kat:3, Licht: 1,181986,3,6,2,05,20,1,0,1,0,1,0,0,0,0
"POINT (8.468651542000032 49.491771492000055)",Unfall 182007 (2021) Kat:2, Licht: 0,182007,2,2,0,06,14,1,0,0,1,1,0,0,0,0
"POINT (8.510537903000056 49.478509378000069)",Unfall 182045 (2021) Kat:3, Licht: 0,182045,3,2,5,05,17,6,0,0,0,1,1,0,0,0
"POINT (8.474099778000038 49.543934668000077)",Unfall 182132 (2021) Kat:3, Licht: 0,182132,3,7,0,05,15,5,1,0,0,0,0,1,0,0
"POINT (8.463666862000025 49.485278170000072)",Unfall 182136 (2021) Kat:3, Licht: 0,182136,3,6,2,05,15,6,0,0,0,1,0,0,0,0
"POINT (8.451887406000026 49.543561420000060)",Unfall 182144 (2021) Kat:3, Licht: 0,182144,3,3,5,06,17,5,0,0,1,1,0,0,0,0
"POINT (8.475921736000032 49.488024232000043)",Unfall 182169 (2021) Kat:3, Licht: 0,182169,3,6,1,05,16,6,0,0,0,1,0,0,0,0
"POINT (8.475065051000058 49.490901937000046)",Unfall 182185 (2021) Kat:2, Licht: 0,182185,2,2,4,06,09,7,0,0,1,1,0,0,0,0
"POINT (8.482880707000049 49.481335707000028)",Unfall 182203 (2021) Kat:3, Licht: 0,182203,3,3,5,05,18,3,0,0,0,1,0,0,0,0
"POINT (8.475053267000021 49.516368740000075)",Unfall 182299 (2021) Kat:3, Licht: 0,182299,3,3,5,05,19,6,0,0,1,1,0,0,0,0
"POINT (8.498031874000048 49.473754967000048)",Unfall 182387 (2021) Kat:3, Licht: 0,182387,3,3,5,05,08,6,0,0,0,1,0,0,0,1
"POINT (8.452594263000037 49.491317734000063)",Unfall 182409 (2021) Kat:3, Licht: 0,182409,3,7,0,06,14,3,0,0,0,0,0,1,0,0
"POINT (8.480704797000044 49.471329230000038)",Unfall 182427 (2021) Kat:3, Licht: 0,182427,3,7,0,06,15,1,0,0,0,1,0,0,0,0
"POINT (8.480975860000058 49.544576494000069)",Unfall 182467 (2021) Kat:3, Licht: 0,182467,3,2,1,05,16,2,1,0,0,1,0,0,0,0
"POINT (8.448196536000069 49.508080131000042)",Unfall 182471 (2021) Kat:3, Licht: 0,182471,3,7,0,05,16,5,0,0,1,0,0,0,0,0
"POINT (8.472076739000045 49.490423409000073)",Unfall 182513 (2021) Kat:3, Licht: 1,182513,3,3,5,06,21,6,0,1,0,1,0,0,0,0
"POINT (8.458328690000030 49.545797436000043)",Unfall 182540 (2021) Kat:2, Licht: 0,182540,2,3,5,05,16,6,0,0,1,1,0,0,0,0
"POINT (8.467120126000054 49.486367963000077)",Unfall 182545 (2021) Kat:3, Licht: 0,182545,3,2,3,05,13,7,0,0,1,1,0,0,0,0
"POINT (8.525795354000024 49.435288615000047)",Unfall 182577 (2021) Kat:2, Licht: 0,182577,2,4,6,05,08,7,1,0,0,0,1,1,0,0
"POINT (8.493622723000044 49.515058243000055)",Unfall 182586 (2021) Kat:3, Licht: 0,182586,3,4,6,05,14,3,0,0,0,1,1,0,0,0
"POINT (8.478100688000040 49.465707538000061)",Unfall 182589 (2021) Kat:3, Licht: 0,182589,3,5,1,06,07,6,0,0,0,1,0,0,0,0
"POINT (8.579299212000024 49.439985558000046)",Unfall 182604 (2021) Kat:3, Licht: 0,182604,3,3,5,06,15,4,0,0,0,1,0,0,0,1
"POINT (8.469128297000054 49.498393977000035)",Unfall 182645 (2021) Kat:3, Licht: 0,182645,3,3,0,05,12,1,0,0,1,1,0,0,0,0
"POINT (8.488338972000065 49.512717955000028)",Unfall 182651 (2021) Kat:3, Licht: 0,182651,3,2,2,06,15,3,0,0,0,1,0,0,0,0
"POINT (8.480272806000073 49.460050520000038)",Unfall 182671 (2021) Kat:2, Licht: 0,182671,2,3,5,05,10,6,0,0,1,1,0,0,0,0
"POINT (8.484924193000040 49.461439365000047)",Unfall 182697 (2021) Kat:3, Licht: 0,182697,3,7,0,06,10,6,1,0,1,0,0,0,0,0
"POINT (8.471560597000064 49.493237432000058)",Unfall 182710 (2021) Kat:2, Licht: 0,182710,2,1,0,06,12,5,0,0,1,0,0,0,0,0