WKT,Name,OBJECTID,UKATEGORIE,UTYP1,UART,UMONAT,USTUNDE,UWOCHENTAG,STRZUSTAND,ULICHTVERH,ISTRAD,ISTPKW,ISTFUSS,ISTKRAD,ISTGKFZ,ISTSONSTIG
"POINT (8.480755944000066 49.481872369000030)",Unfall 182740 (2021) Kat:3, Licht: 0,182740,3,5,6,06,14,3,0,0,0,1,1,0,0,0
"POINT (8.507932044000029 49.512286668000058)",Unfall 182746 (2021) Kat:3, Licht: 0,182746,3,3,5,06,15,3,1,0,1,1,0,0,0,0
"POINT (8.503346086000022 49.451006723000035)",Unfall 182769 (2021) Kat:3, Licht: 0,182769,3,3,0,06,11,4,0,0,1,1,0,0,0,0
"POINT (8.490868663000072 49.450283763000073)",Unfall 182776 (2021) Kat:3, Licht: 2,182776,3,1,1,06,22,1,1,2,0,1,0,1,0,0
"POINT (8.477183967000030 49.539003539000078)",Unfall 182782 (2021) Kat:3, Licht: 0,182782,3,3,5,06,08,4,0,0,0,1,0,0,0,1
"POINT (8.490691675000051 49.460765440000046)",Unfall 182790 (2021) Kat:3, Licht: 0,182790,3,3,5,06,08,2,0,0,0,1,0,0,0,1
"POINT (8.463222945000041 49.498721884000076)",Unfall 182863 (2021) Kat:3, Licht: 0,182863,3,3,5,06,19,4,0,0,1,0,0,0,0,0
"POINT (8.471543577000034 49.472323224000036)",Unfall 182872 (2021) Kat:2, Licht: 0,182872,2,2,4,06,14,5,0,0,0,1,0,1,0,0
"POINT (8.500061288000040 49.489377510000054)",Unfall 182917 (2021) Kat:3, Licht: 0,182917,3,7,3,06,11,3,1,0,0,1,0,0,0,1
"POINT (8.482553105000022 49.478420143000051)",Unfall 182967 (2021) Kat:3, Licht: 0,182967,3,7,0,06,12,3,1,0,0,0,0,0,0,1
"POINT (8.573787117000052 49.443603687000063)",Unfall 182986 (2021) Kat:3, Licht: 0,182986,3,7,2,06,18,5,0,0,0,1,0,1,0,0
"POINT (8.503578248000053 49.492793503000030)",Unfall 183028 (2021) Kat:3, Licht: 0,183028,3,1,7,06,08,4,0,0,0,1,0,0,0,0
"POINT (8.479431197000054 49.497863350000046)",Unfall 183073 (2021) Kat:2, Licht: 0,183073,2,3,5,06,09,2,1,0,0,1,0,1,0,0
"POINT (8.483819455000059 49.497240167000029)",Unfall 183080 (2021) Kat:3, Licht: 0,183080,3,2,5,06,17,4,0,0,1,1,0,0,0,0
"POINT (8.475592938000034 49.465092939000044)",Unfall 183104 (2021) Kat:3, Licht: 0,183104,3,6,2,06,18,7,0,0,0,1,0,0,0,1
"POINT (8.483743290000064 49.469828867000047)",Unfall 183111 (2021) Kat:3, Licht: 0,183111,3,3,5,06,18,4,0,0,1,1,0,0,0,0
"POINT (8.532218093000040 49.484470336000072)",Unfall 183127 (2021) Kat:3, Licht: 0,183127,3,7,0,06,13,5,0,0,1,0,0,0,0,0
"POINT (8.521897947000070 49.467124477000027)",Unfall 183179 (2021) Kat:3, Licht: 2,183179,3,1,0,06,00,3,1,2,1,0,0,0,0,0
"POINT (8.522272369000063 49.516150476000064)",Unfall 183225 (2021) Kat:3, Licht: 0,183225,3,3,5,06,12,5,0,0,0,1,0,0,0,0
"POINT (8.493991683000047 49.511673891000044)",Unfall 183290 (2021) Kat:3, Licht: 0,183290,3,4,6,06,18,5,0,0,0,1,1,0,0,0
"POINT (8.548864384000069 49.512525616000062)",Unfall 183316 (2021) Kat:3, Licht: 0,183316,3,6,4,06,14,5,0,0,0,1,0,1,0,0
"POINT (8.534498753000037 49.474947323000038)",Unfall 183348 (2021) Kat:2, Licht: 0,183348,2,7,8,06,12,3,1,0,1,0,0,0,0,0
"POINT (8.449330163000070 49.542295212000056)",Unfall 183360 (2021) Kat:3, Licht: 0,183360,3,6,3,06,09,4,0,0,1,0,0,0,0,1
"POINT (8.479701400000067 49.471751780000034)",Unfall 183382 (2021) Kat:2, Licht: 2,183382,2,7,0,06,04,4,0,2,0,0,0,1,0,0
"POINT (8.487439607000056 49.464640546000055)",Unfall 183430 (2021) Kat:3, Licht: 0,183430,3,3,5,06,15,3,0,0,1,1,0,0,0,0
"POINT (8.539226557000063 49.510949159000063)",Unfall 183443 (2021) Kat:1, Licht: 0,183443,1,3,5,06,07,2,0,0,1,0,0,0,0,1
"POINT (8.484601608000048 49.523314962000029)",Unfall 183475 (2021) Kat:3, Licht: 0,183475,3,7,0,06,09,7,0,0,1,1,0,0,0,0
"POINT (8.469316909000042 49.487434961000076)",Unfall 183505 (2021) Kat:3, Licht: 0,183505,3,2,5,06,20,4,0,0,1,1,0,0,0,0
"POINT (8.464484483000035 49.488378849000071)",Unfall 183506 (2021) Kat:3, Licht: 1,183506,3,3,0,06,21,5,0,1,0,1,0,0,0,1
"POINT (8.484038229000021 49.477640498000028)",Unfall 183545 (2021) Kat:3, Licht: 0,183545,3,7,0,06,07,5,0,0,1,0,0,0,0,0
"POINT (8.489000880000049 49.498196394000047)",Unfall 183580 (2021) Kat:3, Licht: 0,183580,3,4,0,06,11,7,0,0,1,0,1,0,0,0
"POINT (8.469804816000021 49.489185717000055)",Unfall 183620 (2021) Kat:2, Licht: 0,183620,2,4,6,06,11,6,0,0,0,1,1,0,0,0
"POINT (8.485511980000069 49.526389613000049)",Unfall 183629 (2021) Kat:3, Licht: 2,183629,3,3,5,06,04,2,0,2,1,1,0,0,0,0
"POINT (8.464749009000059 49.484905422000054)",Unfall 183637 (2021) Kat:3, Licht: 2,183637,3,3,5,06,22,1,1,2,0,1,0,0,0,0
"POINT (8.448384392000037 49.548994531000062)",Unfall 183657 (2021) Kat:3, Licht: 0,183657,3,3,5,06,17,3,0,0,0,1,0,0,0,1
"POINT (8.559865494000064 49.468763646000070)",Unfall 183686 (2021) Kat:3, Licht: 0,183686,3,3,5,06,17,7,0,0,1,1,0,0,0,0
"POINT (8.481164766000063 49.509290050000061)",Unfall 183719 (2021) Kat:3, Licht: 0,183719,3,6,0,06,11,4,0,0,0,1,0,0,0,1
"POINT (8.536091749000036 49.454889505000040)",Unfall 183721 (2021) Kat:3, Licht: 0,183721,3,4,6,06,20,7,0,0,0,1,1,0,0,0
"POINT (8.506834907000041 49.509456752000062)",Unfall 183747 (2021) Kat:3, Licht: 0,183747,3,2,5,06,08,4,1,0,0,1,0,1,0,0
"POINT (8.478953672000046 49.477152803000081)",Unfall 183772 (2021) Kat:3, Licht: 0,183772,3,3,5,06,16,3,1,0,0,1,0,0,0,0
"POINT (8.481437232000076 49.475001540000051)",Unfall 183782 (2021) Kat:3, Licht: 0,183782,3,5,1,07,13,5,1,0,1,0,0,1,0,0
"POINT (8.505694518000041 49.447711813000069)",Unfall 183791 (2021) Kat:3, Licht: 0,183791,3,6,2,07,15,3,1,0,0,1,0,0,0,0
"POINT (8.459792451000055 49.494856766000055)",Unfall 183814 (2021) Kat:3, Licht: 0,183814,3,6,0,07,12,2,0,0,1,0,1,0,0,0
"POINT (8.486828229000025 49.496499229000051)",Unfall 183827 (2021) Kat:3, Licht: 0,183827,3,7,0,07,17,2,0,0,0,0,0,0,0,1
"POINT (8.525782360000051 49.420220212000061)",Unfall 183852 (2021) Kat:3, Licht: 0,183852,3,3,5,07,10,5,0,0,1,1,0,0,0,0
"POINT (8.463565602000074 49.493915720000075)",Unfall 183860 (2021) Kat:3, Licht: 0,183860,3,6,2,07,16,5,0,0,0,1,0,0,0,0
"POINT (8.504136512000059 49.501880510000035)",Unfall 183861 (2021) Kat:3, Licht: 0,183861,3,7,0,07,14,2,0,0,1,0,0,0,0,0
"POINT (8.474584235000066 49.474297637000063)",Unfall 183884 (2021) Kat:3, Licht: 0,183884,3,3,5,07,14,4,0,0,0,1,0,0,0,0
"POINT (8.510174967000069 49.454328856000075)",Unfall 183885 (2021) Kat:2, Licht: 0,183885,2,3,5,07,11,1,0,0,0,1,0,0,0,0
"POINT (8.463744664000046 49.518332848000057)",Unfall 183887 (2021) Kat:2, Licht: 0,183887,2,7,5,07,15,3,1,0,0,0,0,1,1,0
"POINT (8.479080662000058 49.480409066000050)",Unfall 183907 (2021) Kat:3, Licht: 0,183907,3,7,0,07,16,1,0,0,1,0,0,0,0,0
"POINT (8.475447542000040 49.508284158000038)",Unfall 183916 (2021) Kat:3, Licht: 0,183916,3,1,0,07,21,6,0,0,1,0,0,0,0,0
"POINT (8.469794368000066 49.493692572000043)",Unfall 183928 (2021) Kat:2, Licht: 0,183928,2,6,2,07,15,4,0,0,0,1,0,1,0,0
"POINT (8.493109165000021 49.521805876000030)",Unfall 183929 (2021) Kat:3, Licht: 0,183929,3,2,5,07,07,7,0,0,1,1,0,0,0,0
"POINT (8.569056499000055 49.461289024000052)",Unfall 183952 (2021) Kat:3, Licht: 0,183952,3,6,2,07,16,1,0,0,0,1,0,1,0,0
"POINT (8.456976112000063 49.492065862000061)",Unfall 184029 (2021) Kat:3, Licht: 0,184029,3,3,5,06,18,4,0,0,0,1,0,0,0,0
"POINT (8.497997578000025 49.520636308000064)",Unfall 184040 (2021) Kat:3, Licht: 0,184040,3,4,6,07,15,3,1,0,0,1,1,0,0,0
"POINT (8.476084444000037 49.482599027000049)",Unfall 184046 (2021) Kat:3, Licht: 2,184046,3,6,0,07,02,2,0,2,1,0,0,0,0,0
"POINT (8.474742076000041 49.516543937000051)",Unfall 184064 (2021) Kat:3, Licht: 0,184064,3,2,5,07,14,6,0,0,0,1,0,0,0,0
"POINT (8.467732794000028 49.486132153000028)",Unfall 184102 (2021) Kat:3, Licht: 0,184102,3,5,3,07,17,2,0,0,1,1,0,0,0,0
"POINT (8.459752580000043 49.505566035000072)",Unfall 184122 (2021) Kat:3, Licht: 0,184122,3,2,4,07,17,2,1,0,0,1,0,1,0,0
"POINT (8.480981715000041 49.547034487000076)",Unfall 184132 (2021) Kat:3, Licht: 0,184132,3,3,5,07,20,4,0,0,1,1,0,0,0,0
"POINT (8.485641855000040 49.482695946000035)",Unfall 184138 (2021) Kat:3, Licht: 0,184138,3,3,5,06,17,3,1,0,0,1,0,0,0,0
"POINT (8.508879425000032 49.505986334000056)",Unfall 184173 (2021) Kat:3, Licht: 0,184173,3,3,1,07,11,6,0,0,1,1,0,0,0,0
"POINT (8.511326595000071 49.516982143000064)",Unfall 184177 (2021) Kat:3, Licht: 0,184177,3,5,0,07,20,1,0,0,1,1,0,0,0,0
"POINT (8.499537502000067 49.521159444000034)",Unfall 184190 (2021) Kat:3, Licht: 0,184190,3,1,9,07,07,2,0,0,1,0,0,0,0,0
"POINT (8.484132011000042 49.468573317000050)",Unfall 184279 (2021) Kat:3, Licht: 0,184279,3,6,3,07,19,6,0,0,0,1,0,1,0,0
"POINT (8.455621753000059 49.502275839000049)",Unfall 184296 (2021) Kat:2, Licht: 0,184296,2,3,5,07,15,1,0,0,0,1,0,0,0,0
"POINT (8.482665694000048 49.481108223000035)",Unfall 184306 (2021) Kat:3, Licht: 0,184306,3,3,5,07,09,4,0,0,0,1,0,0,0,0
"POINT (8.529001819000030 49.431362704000037)",Unfall 184320 (2021) Kat:3, Licht: 0,184320,3,3,5,07,10,2,0,0,0,1,0,0,0,0
"POINT (8.521835508000038 49.488621290000026)",Unfall 184332 (2021) Kat:3, Licht: 0,184332,3,3,5,06,07,3,1,0,1,1,0,0,0,0
"POINT (8.464163082000027 49.491461620000052)",Unfall 184385 (2021) Kat:3, Licht: 0,184385,3,4,6,07,18,2,0,0,1,0,1,0,0,0
"POINT (8.471607025000026 49.493195750000041)",Unfall 184402 (2021) Kat:3, Licht: 0,184402,3,6,2,07,14,7,0,0,0,1,0,0,0,1
"POINT (8.464551297000071 49.493957139000031)",Unfall 184450 (2021) Kat:3, Licht: 2,184450,3,6,3,07,00,7,0,2,0,1,0,0,0,0
"POINT (8.475248010000030 49.548117219000062)",Unfall 184465 (2021) Kat:3, Licht: 0,184465,3,4,0,07,11,2,0,0,0,1,1,0,0,0
"POINT (8.495677875000069 49.512333455000032)",Unfall 184529 (2021) Kat:3, Licht: 0,184529,3,6,5,06,14,3,0,0,0,1,0,1,0,1
"POINT (8.550287334000075 49.492543640000065)",Unfall 184531 (2021) Kat:3, Licht: 0,184531,3,7,6,07,11,4,1,0,0,0,1,0,0,1
"POINT (8.470219010000051 49.493290173000048)",Unfall 184539 (2021) Kat:3, Licht: 0,184539,3,2,1,07,19,3,0,0,1,1,0,0,0,0
"POINT (8.486427224000067 49.447196042000030)",Unfall 184555 (2021) Kat:3, Licht: 0,184555,3,7,0,07,19,7,0,0,1,0,0,0,0,0
"POINT (8.474371912000038 49.456453387000067)",Unfall 184582 (2021) Kat:3, Licht: 0,184582,3,2,4,07,08,5,0,0,1,0,1,0,0,0
"POINT (8.486324225000033 49.474359105000076)",Unfall 184597 (2021) Kat:3, Licht: 0,184597,3,3,5,07,09,2,0,0,1,1,0,0,0,0
"POINT (8.469983536000029 49.504182977000028)",Unfall 184604 (2021) Kat:3, Licht: 0,184604,3,2,3,07,18,4,0,0,1,1,0,0,0,0
"POINT (8.479451434000055 49.471848845000068)",Unfall 184607 (2021) Kat:3, Licht: 0,184607,3,7,1,07,13,3,1,0,0,1,0,1,0,0
"POINT (8.507043409000062 49.509960233000072)",Unfall 184615 (2021) Kat:2, Licht: 0,184615,2,4,6,07,18,7,0,0,0,1,1,0,0,0
"POINT (8.468242321000048 49.477715787000079)",Unfall 184620 (2021) Kat:3, Licht: 0,184620,3,7,6,07,17,6,0,0,0,1,1,0,0,0
"POINT (8.567443548000028 49.447066970000037)",Unfall 184625 (2021) Kat:3, Licht: 0,184625,3,3,0,07,17,4,0,0,0,1,0,0,1,0
"POINT (8.474885734000054 49.483375036000041)",Unfall 184632 (2021) Kat:3, Licht: 0,184632,3,6,3,07,15,2,0,0,1,1,0,0,0,0
"POINT (8.484323616000040 49.472068375000049)",Unfall 184639 (2021) Kat:3, Licht: 0,184639,3,1,0,07,17,1,0,0,0,0,0,1,0,0
"POINT (8.477557837000063 49.478381431000059)",Unfall 184665 (2021) Kat:3, Licht: 0,184665,3,3,5,07,18,7,0,0,0,1,0,0,0,1
"POINT (8.503029660000038 49.518484673000046)",Unfall 184688 (2021) Kat:3, Licht: 0,184688,3,3,5,07,18,1,0,0,0,1,0,0,0,0
"POINT (8.473733165000056 49.508264740000072)",Unfall 184737 (2021) Kat:3, Licht: 0,184737,3,3,5,07,08,6,0,0,1,1,0,0,0,0
"POINT (8.475870350000037 49.473571951000054)",Unfall 184742 (2021) Kat:3, Licht: 0,184742,3,3,5,07,11,3,1,0,0,1,0,0,0,0
"POINT (8.531009363000067 49.428784934000078)",Unfall 184745 (2021) Kat:3, Licht: 0,184745,3,3,5,06,19,3,0,0,0,1,0,0,0,0
"POINT (8.484284939000077 49.510323087000074)",Unfall 184816 (2021) Kat:3, Licht: 0,184816,3,2,5,08,13,4,0,0,1,1,0,0,0,0
"POINT (8.482313164000061 49.495352398000080)",Unfall 184864 (2021) Kat:3, Licht: 0,184864,3,7,0,07,17,7,0,0,0,1,1,0,0,0
"POINT (8.488774417000059 49.475370228000031)",Unfall 184869 (2021) Kat:3, Licht: 0,184869,3,3,5,08,16,4,0,0,0,1,0,0,0,0
"POINT (8.455239003000031 49.536369853000053)",Unfall 184875 (2021) Kat:3, Licht: 0,184875,3,3,5,07,17,6,0,0,1,1,0,0,0,0
"POINT (8.473592348000068 49.483850231000076)",Unfall 184877 (2021) Kat:3, Licht: 2,184877,3,4,6,08,23,2,1,2,0,1,1,0,0,0
"POINT (8.476057057000048 49.486432667000031)",Unfall 184920 (2021) Kat:3, Licht: 0,184920,3,7,0,07,20,3,0,0,0,0,0,1,0,0
"POINT (8.502587713000025 49.474661750000053)",Unfall 184940 (2021) Kat:3, Licht: 0,184940,3,2,1,08,18,1,1,0,0,1,0,1,0,0
"POINT (8.467726440000035 49.490665140000033)",Unfall 184941 (2021) Kat:3, Licht: 0,184941,3,7,6,08,15,7,0,0,1,0,1,0,0,0
"POINT (8.494012940000061 49.455791761000057)",Unfall 184944 (2021) Kat:3, Licht: 0,184944,3,6,2,08,14,2,1,0,0,1,0,0,0,0
"POINT (8.481086240000025 49.539125481000042)",Unfall 184958 (2021) Kat:3, Licht: 0,184958,3,6,2,08,13,2,0,0,0,1,0,0,0,0
"POINT (8.490312667000069 49.460807529000078)",Unfall 184968 (2021) Kat:3, Licht: 0,184968,3,6,2,08,12,7,0,0,0,1,0,0,0,0
"POINT (8.473402587000066 49.485820655000055)",Unfall 184973 (2021) Kat:3, Licht: 0,184973,3,4,6,08,14,6,0,0,1,0,1,0,0,0
"POINT (8.474324177000028 49.472638345000064)",Unfall 184979 (2021) Kat:3, Licht: 0,184979,3,3,5,08,09,6,0,0,1,1,0,0,0,0
"POINT (8.448158863000060 49.550031125000032)",Unfall 184996 (2021) Kat:3, Licht: 0,184996,3,3,5,07,17,3,0,0,1,1,0,0,0,0
"POINT (8.468920392000030 49.485672719000036)",Unfall 184997 (2021) Kat:3, Licht: 2,184997,3,6,0,08,22,4,0,2,0,1,0,0,0,0
"POINT (8.495507933000056 49.528249880000033)",Unfall 185074 (2021) Kat:3, Licht: 0,185074,3,3,5,08,15,1,0,0,0,1,0,0,0,0
"POINT (8.479372639000076 49.526158910000049)",Unfall 185095 (2021) Kat:3, Licht: 0,185095,3,6,4,08,12,1,0,0,0,1,0,0,0,1
"POINT (8.502051847000075 49.489590390000046)",Unfall 185100 (2021) Kat:3, Licht: 2,185100,3,3,5,07,03,7,0,2,0,1,0,0,0,0
"POINT (8.471148865000032 49.493409205000034)",Unfall 185121 (2021) Kat:3, Licht: 0,185121,3,1,0,07,15,7,0,0,1,0,0,0,0,0
"POINT (8.476127437000059 49.486405291000040)",Unfall 185138 (2021) Kat:3, Licht: 0,185138,3,6,2,08,16,4,0,0,0,1,0,1,0,0
"POINT (8.476749973000040 49.508783970000081)",Unfall 185145 (2021) Kat:2, Licht: 0,185145,2,7,1,08,07,3,0,0,0,1,0,1,0,0
"POINT (8.500025240000070 49.517190841000058)",Unfall 185153 (2021) Kat:3, Licht: 0,185153,3,7,0,08,18,5,0,0,0,0,0,0,0,1
"POINT (8.505324030000054 49.500600790000078)",Unfall 185215 (2021) Kat:3, Licht: 0,185215,3,4,6,08,17,4,0,0,0,1,1,0,0,0
"POINT (8.523506754000039 49.438539825000078)",Unfall 185247 (2021) Kat:3, Licht: 0,185247,3,2,5,07,09,3,0,0,1,1,0,0,0,0
"POINT (8.504191523000031 49.474884715000030)",Unfall 185282 (2021) Kat:3, Licht: 0,185282,3,7,0,08,17,5,0,0,0,1,0,0,0,0
"POINT (8.471376709000026 49.493496825000079)",Unfall 185290 (2021) Kat:3, Licht: 0,185290,3,6,4,08,06,2,0,0,1,0,0,0,0,0
"POINT (8.483943689000057 49.470454492000044)",Unfall 185347 (2021) Kat:3, Licht: 2,185347,3,1,8,08,04,6,0,2,0,0,0,1,0,0
"POINT (8.496189291000064 49.447373062000054)",Unfall 185348 (2021) Kat:3, Licht: 0,185348,3,7,6,07,07,6,0,0,0,1,1,0,0,0
"POINT (8.487037301000043 49.480668653000066)",Unfall 185401 (2021) Kat:3, Licht: 0,185401,3,7,1,07,09,7,1,0,0,1,0,1,0,0
"POINT (8.475544045000049 49.480039835000071)",Unfall 185414 (2021) Kat:3, Licht: 0,185414,3,1,0,08,11,2,0,0,1,0,0,0,0,0
"POINT (8.484123965000038 49.496384425000031)",Unfall 185419 (2021) Kat:3, Licht: 0,185419,3,2,3,08,19,4,0,0,1,1,0,0,0,0
"POINT (8.471441032000030 49.492713516000038)",Unfall 185509 (2021) Kat:3, Licht: 0,185509,3,6,3,08,10,3,0,0,0,1,0,1,0,0
"POINT (8.464886613000033 49.487596461000066)",Unfall 185521 (2021) Kat:2, Licht: 0,185521,2,4,6,08,10,3,0,0,0,1,1,0,0,0
"POINT (8.516871960000060 49.484145650000073)",Unfall 185549 (2021) Kat:3, Licht: 0,185549,3,7,0,08,10,6,0,0,1,0,0,0,0,0
"POINT (8.517432148000069 49.512543011000048)",Unfall 185604 (2021) Kat:3, Licht: 0,185604,3,6,0,08,14,7,0,0,1,1,0,0,0,0
"POINT (8.481699198000058 49.455730646000063)",Unfall 185625 (2021) Kat:3, Licht: 0,185625,3,6,2,07,12,6,0,0,0,1,0,0,0,0
"POINT (8.481834165000066 49.528644188000044)",Unfall 185636 (2021) Kat:3, Licht: 0,185636,3,3,5,08,11,6,0,0,1,1,0,0,0,0
"POINT (8.486224739000022 49.473946983000076)",Unfall 185650 (2021) Kat:3, Licht: 0,185650,3,6,1,08,15,6,0,0,0,1,0,0,0,0
"POINT (8.486543888000028 49.526560236000080)",Unfall 185662 (2021) Kat:3, Licht: 0,185662,3,3,5,08,10,7,0,0,1,1,0,0,0,0
"POINT (8.485936657000025 49.466478252000059)",Unfall 185676 (2021) Kat:3, Licht: 0,185676,3,2,0,08,08,6,1,0,0,1,0,1,0,0
"POINT (8.491965605000075 49.494102675000079)",Unfall 185702 (2021) Kat:3, Licht: 0,185702,3,5,1,07,08,2,0,0,1,1,0,0,0,0
"POINT (8.522369801000025 49.511564361000069)",Unfall 185706 (2021) Kat:2, Licht: 0,185706,2,3,5,07,16,5,0,0,1,0,0,0,0,1
"POINT (8.476416908000033 49.484909892000076)",Unfall 185733 (2021) Kat:3, Licht: 0,185733,3,1,0,07,16,4,0,0,1,0,0,0,0,0
"POINT (8.504814705000058 49.487466201000075)",Unfall 185740 (2021) Kat:3, Licht: 0,185740,3,1,0,07,17,2,1,0,1,0,0,0,0,0
"POINT (8.498770893000028 49.520422050000036)",Unfall 185774 (2021) Kat:3, Licht: 2,185774,3,4,6,07,00,5,0,2,0,1,1,0,0,0
"POINT (8.484129598000038 49.468350879000070)",Unfall 185862 (2021) Kat:3, Licht: 0,185862,3,3,1,09,14,5,0,0,1,1,0,0,0,0
"POINT (8.463763696000058 49.487602885000058)",Unfall 185875 (2021) Kat:3, Licht: 2,185875,3,3,5,09,21,3,0,2,0,1,0,0,0,0
"POINT (8.478021301000069 49.460138344000029)",Unfall 185889 (2021) Kat:3, Licht: 0,185889,3,7,1,09,10,7,0,0,1,0,0,0,0,1
"POINT (8.491890052000031 49.476625678000062)",Unfall 185934 (2021) Kat:3, Licht: 0,185934,3,3,5,09,15,6,0,0,1,1,0,0,0,0
"POINT (8.462107960000026 49.485896303000061)",Unfall 185941 (2021) Kat:3, Licht: 2,185941,3,3,5,09,20,5,0,2,0,1,0,0,0,0
"POINT (8.463419505000047 49.489653251000050)",Unfall 185958 (2021) Kat:3, Licht: 0,185958,3,3,5,09,07,2,0,0,0,1,0,0,0,0
"POINT (8.483629361000055 49.497284437000076)",Unfall 185987 (2021) Kat:3, Licht: 0,185987,3,2,3,08,10,3,0,0,1,0,0,0,1,0
"POINT (8.560048332000065 49.450650058000065)",Unfall 186042 (2021) Kat:3, Licht: 0,186042,3,1,0,09,18,1,0,0,0,0,0,1,0,0
"POINT (8.459306047000041 49.497016209000037)",Unfall 186064 (2021) Kat:3, Licht: 2,186064,3,2,5,09,23,5,0,2,1,1,0,0,0,0
"POINT (8.470113791000074 49.546579355000063)",Unfall 186107 (2021) Kat:3, Licht: 0,186107,3,6,2,09,10,2,0,0,0,1,0,1,0,0
"POINT (8.498781709000070 49.520371320000038)",Unfall 186113 (2021) Kat:3, Licht: 0,186113,3,2,3,08,14,4,0,0,1,1,0,0,0,0
"POINT (8.475436293000030 49.490050560000043)",Unfall 186162 (2021) Kat:3, Licht: 0,186162,3,7,6,09,16,6,0,0,1,0,1,0,0,0
"POINT (8.511605270000075 49.454233172000045)",Unfall 186169 (2021) Kat:3, Licht: 0,186169,3,2,4,09,21,1,0,0,0,1,0,0,0,0
"POINT (8.475288389000070 49.547050526000078)",Unfall 186174 (2021) Kat:3, Licht: 2,186174,3,3,5,08,20,7,0,2,0,1,0,0,0,1
"POINT (8.488984154000036 49.462524187000042)",Unfall 186251 (2021) Kat:3, Licht: 0,186251,3,6,2,08,13,6,0,0,0,1,0,0,0,0
"POINT (8.488544030000071 49.463288836000061)",Unfall 186264 (2021) Kat:3, Licht: 1,186264,3,3,5,09,06,4,1,1,1,1,0,0,0,0
"POINT (8.472711589000028 49.478353899000069)",Unfall 186274 (2021) Kat:3, Licht: 0,186274,3,1,0,09,09,3,0,0,0,0,0,0,0,1
"POINT (8.506502644000022 49.508666284000071)",Unfall 186278 (2021) Kat:3, Licht: 1,186278,3,7,1,09,06,5,0,1,0,1,0,1,0,0
"POINT (8.488170043000025 49.500432658000079)",Unfall 186332 (2021) Kat:3, Licht: 0,186332,3,6,2,09,12,6,0,0,0,1,0,0,0,0
"POINT (8.463799262000066 49.488694668000051)",Unfall 186352 (2021) Kat:3, Licht: 0,186352,3,2,5,09,11,6,0,0,0,1,0,1,0,0
"POINT (8.473760980000066 49.546780056000046)",Unfall 186358 (2021) Kat:3, Licht: 0,186358,3,3,5,09,12,7,0,0,1,1,0,0,0,0
"POINT (8.540787486000056 49.484802760000036)",Unfall 186378 (2021) Kat:3, Licht: 2,186378,3,5,1,09,00,1,0,2,1,1,0,0,0,0
"POINT (8.547059906000072 49.513503938000042)",Unfall 186390 (2021) Kat:3, Licht: 2,186390,3,2,5,08,21,3,0,2,0,1,0,0,0,0
"POINT (8.575925460000065 49.446840014000031)",Unfall 186396 (2021) Kat:2, Licht: 0,186396,2,2,5,09,09,2,0,0,0,1,0,0,0,0
"POINT (8.475578121000069 49.480012246000058)",Unfall 186397 (2021) Kat:3, Licht: 0,186397,3,1,8,09,13,6,0,0,0,0,0,1,0,0
"POINT (8.493308029000048 49.453540290000035)",Unfall 186404 (2021) Kat:3, Licht: 0,186404,3,6,3,09,18,1,0,0,0,1,0,0,0,1
"POINT (8.490228920000050 49.461465241000042)",Unfall 186438 (2021) Kat:3, Licht: 0,186438,3,3,5,09,14,7,0,0,1,1,0,0,0,0
"POINT (8.522790684000029 49.508780090000073)",Unfall 186449 (2021) Kat:3, Licht: 0,186449,3,6,3,09,18,1,0,0,0,1,0,0,0,0
"POINT (8.484605041000066 49.476875640000060)",Unfall 186467 (2021) Kat:3, Licht: 0,186467,3,3,5,09,17,6,0,0,1,1,0,0,0,0
"POINT (8.565144339000028 49.465272714000037)",Unfall 186476 (2021) Kat:3, Licht: 0,186476,3,6,0,08,12,6,0,0,1,0,0,0,0,1
"POINT (8.494532586000048 49.462770675000058)",Unfall 186489 (2021) Kat:3, Licht: 0,186489,3,2,4,09,09,3,0,0,0,1,0,1,0,0
"POINT (8.481137701000023 49.456836026000076)",Unfall 186514 (2021) Kat:3, Licht: 0,186514,3,3,5,09,16,2,0,0,1,1,0,0,0,0
"POINT (8.464255421000075 49.490386533000049)",Unfall 186516 (2021) Kat:2, Licht: 0,186516,2,7,5,09,17,2,0,0,1,1,0,0,0,0
"POINT (8.482755573000077 49.456846142000074)",Unfall 186547 (2021) Kat:3, Licht: 0,186547,3,3,5,08,17,3,0,0,0,1,0,0,0,0
"POINT (8.456317675000037 49.491643445000079)",Unfall 186564 (2021) Kat:2, Licht: 0,186564,2,3,5,09,14,6,0,0,1,1,0,0,0,0
"POINT (8.450669061000042 49.529234052000049)",Unfall 186582 (2021) Kat:3, Licht: 0,186582,3,3,0,09,07,3,0,0,0,1,0,0,1,0