WKT,Name,OBJECTID,UKATEGORIE,UTYP1,UART,UMONAT,USTUNDE,UWOCHENTAG,STRZUSTAND,ULICHTVERH,ISTRAD,ISTPKW,ISTFUSS,ISTKRAD,ISTGKFZ,ISTSONSTIG
"POINT (8.476975463000031 49.515266690000033)",Unfall 186588 (2021) Kat:3, Licht: 0,186588,3,6,1,08,13,5,0,0,0,1,0,1,0,0
"POINT (8.473608593000051 49.548017604000052)",Unfall 186601 (2021) Kat:3, Licht: 0,186601,3,6,4,08,19,7,0,0,1,0,0,1,0,0
"POINT (8.535358635000023 49.448433658000056)",Unfall 186607 (2021) Kat:3, Licht: 0,186607,3,1,8,08,18,3,0,0,0,1,0,0,0,0
"POINT (8.490485543000034 49.453492314000073)",Unfall 186614 (2021) Kat:3, Licht: 0,186614,3,5,1,09,16,4,0,0,1,1,0,0,0,0
"POINT (8.449611147000041 49.549564285000031)",Unfall 186615 (2021) Kat:3, Licht: 0,186615,3,5,5,08,10,6,0,0,1,1,0,0,0,0
"POINT (8.480236110000021 49.487621173000036)",Unfall 186632 (2021) Kat:3, Licht: 0,186632,3,4,6,09,16,4,0,0,0,0,1,1,0,0
"POINT (8.475082181000062 49.464764351000042)",Unfall 186643 (2021) Kat:3, Licht: 1,186643,3,2,5,09,20,6,0,1,1,1,0,0,0,0
"POINT (8.474444507000044 49.472721673000081)",Unfall 186645 (2021) Kat:3, Licht: 0,186645,3,3,5,08,13,3,0,0,1,1,0,0,0,0
"POINT (8.492324749000034 49.500052973000038)",Unfall 186666 (2021) Kat:3, Licht: 0,186666,3,3,5,09,17,3,0,0,1,1,0,0,0,0
"POINT (8.465623175000076 49.484581537000054)",Unfall 186675 (2021) Kat:3, Licht: 0,186675,3,3,5,09,16,2,0,0,0,1,0,0,0,0
"POINT (8.489270666000039 49.460470834000034)",Unfall 186708 (2021) Kat:3, Licht: 0,186708,3,3,5,09,11,5,0,0,1,1,0,0,0,0
"POINT (8.470100896000076 49.484594694000066)",Unfall 186713 (2021) Kat:3, Licht: 0,186713,3,7,5,09,14,7,0,0,1,1,0,0,0,0
"POINT (8.506889151000053 49.509587532000069)",Unfall 186749 (2021) Kat:3, Licht: 0,186749,3,2,3,09,13,7,0,0,1,1,0,0,0,0
"POINT (8.465227697000046 49.489183610000055)",Unfall 186889 (2021) Kat:3, Licht: 2,186889,3,3,5,08,03,7,1,2,1,1,0,0,0,0
"POINT (8.469842111000048 49.489226865000035)",Unfall 186925 (2021) Kat:3, Licht: 0,186925,3,3,0,10,10,6,0,0,1,0,0,0,0,0
"POINT (8.481066461000069 49.547023010000032)",Unfall 186930 (2021) Kat:3, Licht: 0,186930,3,2,5,09,20,5,0,0,0,1,0,0,0,0
"POINT (8.480298987000026 49.495095983000056)",Unfall 187000 (2021) Kat:3, Licht: 0,187000,3,3,5,09,14,3,0,0,1,0,0,0,0,1
"POINT (8.468401599000060 49.475946032000081)",Unfall 187011 (2021) Kat:3, Licht: 0,187011,3,3,5,09,17,4,0,0,1,1,0,0,0,0
"POINT (8.472133817000042 49.484363339000026)",Unfall 187022 (2021) Kat:3, Licht: 0,187022,3,2,3,09,14,5,0,0,1,1,0,0,0,0
"POINT (8.493577517000062 49.456902557000035)",Unfall 187042 (2021) Kat:3, Licht: 0,187042,3,7,8,10,10,7,0,0,0,0,0,1,0,0
"POINT (8.467300922000049 49.487328284000057)",Unfall 187047 (2021) Kat:3, Licht: 0,187047,3,4,0,09,15,6,0,0,0,0,1,0,0,1
"POINT (8.534001848000059 49.424652008000066)",Unfall 187059 (2021) Kat:3, Licht: 2,187059,3,7,0,10,06,2,1,2,1,0,0,0,0,0
"POINT (8.497902557000032 49.450993958000026)",Unfall 187067 (2021) Kat:3, Licht: 0,187067,3,6,2,10,12,6,0,0,0,1,0,0,0,0
"POINT (8.469244406000030 49.485550278000062)",Unfall 187131 (2021) Kat:3, Licht: 2,187131,3,6,2,09,01,1,1,2,0,1,0,0,0,0
"POINT (8.560123703000045 49.463652931000070)",Unfall 187134 (2021) Kat:3, Licht: 0,187134,3,3,5,10,11,3,0,0,1,1,0,0,0,0
"POINT (8.482541756000046 49.523511671000051)",Unfall 187149 (2021) Kat:3, Licht: 2,187149,3,6,4,10,20,5,0,2,1,0,0,0,0,0
"POINT (8.467359586000043 49.490283545000068)",Unfall 187213 (2021) Kat:3, Licht: 0,187213,3,2,3,09,14,4,0,0,1,1,0,0,0,0
"POINT (8.521103764000031 49.492194438000070)",Unfall 187226 (2021) Kat:3, Licht: 0,187226,3,3,0,09,08,2,0,0,1,1,0,0,0,0
"POINT (8.500839200000030 49.459348651000028)",Unfall 187231 (2021) Kat:3, Licht: 0,187231,3,3,5,09,17,5,0,0,1,1,0,0,0,0
"POINT (8.482740347000060 49.478263776000063)",Unfall 187249 (2021) Kat:2, Licht: 1,187249,2,7,5,09,19,6,0,1,0,1,0,1,0,0
"POINT (8.551277694000021 49.516239923000057)",Unfall 187315 (2021) Kat:3, Licht: 0,187315,3,5,9,09,18,2,0,0,0,1,0,0,0,0
"POINT (8.472203747000037 49.546642953000060)",Unfall 187318 (2021) Kat:3, Licht: 0,187318,3,6,2,09,14,5,0,0,0,1,0,1,0,0
"POINT (8.495893635000073 49.499001074000034)",Unfall 187339 (2021) Kat:3, Licht: 0,187339,3,4,6,09,15,6,0,0,0,1,1,0,0,0
"POINT (8.467919574000064 49.483630141000049)",Unfall 187360 (2021) Kat:3, Licht: 0,187360,3,3,5,10,11,4,0,0,1,1,0,0,0,0
"POINT (8.488671571000054 49.455002242000035)",Unfall 187364 (2021) Kat:3, Licht: 0,187364,3,3,5,09,11,2,0,0,1,1,0,0,0,0
"POINT (8.505302187000041 49.445744248000040)",Unfall 187380 (2021) Kat:3, Licht: 0,187380,3,7,0,09,16,4,0,0,1,0,0,0,0,0
"POINT (8.470137120000061 49.492022371000076)",Unfall 187432 (2021) Kat:3, Licht: 0,187432,3,7,6,10,14,7,0,0,0,0,1,0,0,1
"POINT (8.462379805000069 49.518682452000064)",Unfall 187451 (2021) Kat:3, Licht: 0,187451,3,6,1,10,14,1,0,0,0,1,0,0,0,0
"POINT (8.470171100000073 49.504625717000067)",Unfall 187454 (2021) Kat:3, Licht: 0,187454,3,4,6,09,18,7,0,0,0,1,1,0,0,0
"POINT (8.445558975000040 49.547138231000076)",Unfall 187474 (2021) Kat:3, Licht: 2,187474,3,3,5,10,20,2,0,2,0,1,0,0,0,0
"POINT (8.478846409000028 49.514454218000026)",Unfall 187515 (2021) Kat:2, Licht: 0,187515,2,3,5,09,16,5,0,0,0,1,0,1,0,0
"POINT (8.476272439000070 49.482801056000028)",Unfall 187561 (2021) Kat:3, Licht: 0,187561,3,3,5,09,08,5,0,0,1,1,0,0,0,0
"POINT (8.536046944000077 49.420135055000060)",Unfall 187653 (2021) Kat:3, Licht: 0,187653,3,2,4,09,08,7,0,0,0,1,0,0,0,0
"POINT (8.500947097000051 49.450052361000076)",Unfall 187655 (2021) Kat:3, Licht: 1,187655,3,6,0,09,17,2,0,1,0,0,0,0,0,1
"POINT (8.535907504000022 49.420139657000050)",Unfall 187674 (2021) Kat:3, Licht: 0,187674,3,3,0,10,14,2,1,0,1,1,0,0,0,0
"POINT (8.485812316000022 49.506485643000076)",Unfall 187691 (2021) Kat:3, Licht: 0,187691,3,7,1,09,07,4,0,0,0,1,0,1,0,0
"POINT (8.488488595000035 49.527910887000075)",Unfall 187749 (2021) Kat:3, Licht: 1,187749,3,2,5,09,19,6,0,1,1,1,0,0,0,0
"POINT (8.464593474000026 49.489225222000073)",Unfall 187755 (2021) Kat:3, Licht: 0,187755,3,3,5,09,16,6,0,0,0,1,0,0,0,1
"POINT (8.546952124000029 49.507537007000053)",Unfall 187756 (2021) Kat:3, Licht: 0,187756,3,5,4,09,16,5,0,0,0,1,0,1,0,0
"POINT (8.469966522000050 49.505627985000046)",Unfall 187761 (2021) Kat:3, Licht: 1,187761,3,7,0,09,19,5,0,1,1,0,0,0,0,0
"POINT (8.472961780000048 49.495421369000042)",Unfall 187791 (2021) Kat:3, Licht: 0,187791,3,3,5,09,15,2,0,0,1,0,0,0,0,1
"POINT (8.504725005000068 49.514464162000081)",Unfall 187838 (2021) Kat:3, Licht: 0,187838,3,7,0,09,16,2,0,0,1,1,0,0,0,0
"POINT (8.493697550000036 49.500798561000067)",Unfall 187846 (2021) Kat:2, Licht: 0,187846,2,1,0,09,15,2,0,0,1,0,0,0,0,0
"POINT (8.550048301000061 49.488702361000037)",Unfall 187862 (2021) Kat:3, Licht: 0,187862,3,3,5,10,18,1,0,0,0,1,0,0,0,0
"POINT (8.471350886000039 49.490708380000058)",Unfall 187873 (2021) Kat:3, Licht: 2,187873,3,3,5,09,20,3,0,2,0,1,0,0,0,0
"POINT (8.463361228000053 49.502307746000042)",Unfall 187907 (2021) Kat:3, Licht: 2,187907,3,4,6,09,20,3,0,2,0,1,1,0,0,0
"POINT (8.490796185000022 49.464588246000062)",Unfall 187918 (2021) Kat:3, Licht: 2,187918,3,4,6,10,05,6,0,2,0,1,1,0,0,0
"POINT (8.451537786000074 49.550027152000041)",Unfall 187924 (2021) Kat:3, Licht: 0,187924,3,7,2,10,10,7,0,0,0,1,0,0,0,0
"POINT (8.511706553000067 49.454328240000052)",Unfall 187935 (2021) Kat:2, Licht: 0,187935,2,6,8,10,15,5,0,0,0,1,0,1,0,0
"POINT (8.465811805000044 49.499925205000068)",Unfall 187942 (2021) Kat:3, Licht: 0,187942,3,4,6,10,18,2,0,0,0,1,1,0,0,0
"POINT (8.485682757000063 49.523630671000035)",Unfall 187949 (2021) Kat:2, Licht: 0,187949,2,5,3,11,14,5,0,0,1,1,0,0,0,0
"POINT (8.525169591000065 49.489191402000074)",Unfall 188015 (2021) Kat:3, Licht: 0,188015,3,3,5,10,10,5,1,0,0,1,0,0,0,0
"POINT (8.461928651000051 49.488024910000036)",Unfall 188030 (2021) Kat:3, Licht: 2,188030,3,1,0,10,23,7,0,2,0,0,0,0,0,1
"POINT (8.483817840000029 49.469867788000045)",Unfall 188070 (2021) Kat:3, Licht: 0,188070,3,1,0,11,14,2,0,0,1,0,0,0,0,0
"POINT (8.471287510000025 49.500102617000039)",Unfall 188088 (2021) Kat:3, Licht: 0,188088,3,3,5,10,16,3,0,0,0,1,0,0,0,1
"POINT (8.504942590000041 49.495937200000071)",Unfall 188113 (2021) Kat:3, Licht: 0,188113,3,6,4,10,17,4,0,0,1,0,0,0,0,0
"POINT (8.488142265000022 49.463572422000027)",Unfall 188117 (2021) Kat:3, Licht: 0,188117,3,2,5,11,12,4,1,0,1,1,0,0,0,0
"POINT (8.484060164000027 49.498750122000047)",Unfall 188149 (2021) Kat:3, Licht: 0,188149,3,6,1,10,13,4,0,0,0,1,0,1,0,0
"POINT (8.480410433000031 49.489441222000039)",Unfall 188170 (2021) Kat:3, Licht: 0,188170,3,3,5,11,10,4,1,0,0,1,0,0,0,1
"POINT (8.478657938000026 49.480531909000035)",Unfall 188174 (2021) Kat:3, Licht: 0,188174,3,7,0,11,14,3,1,0,1,0,0,0,0,0
"POINT (8.463687044000039 49.494033653000031)",Unfall 188179 (2021) Kat:3, Licht: 2,188179,3,6,1,11,22,7,0,2,0,1,0,0,0,0
"POINT (8.477416344000062 49.484287646000041)",Unfall 188216 (2021) Kat:2, Licht: 0,188216,2,4,6,10,15,6,0,0,0,1,1,0,0,0
"POINT (8.502548170000068 49.466242850000071)",Unfall 188263 (2021) Kat:3, Licht: 0,188263,3,5,1,10,15,5,0,0,1,1,0,0,0,0
"POINT (8.481905168000026 49.474450916000080)",Unfall 188350 (2021) Kat:3, Licht: 0,188350,3,1,0,11,09,6,1,0,0,0,0,0,0,1
"POINT (8.464152806000072 49.486799983000026)",Unfall 188361 (2021) Kat:3, Licht: 0,188361,3,4,6,10,11,5,0,0,0,1,1,0,0,0
"POINT (8.471457001000033 49.504510487000061)",Unfall 188364 (2021) Kat:3, Licht: 0,188364,3,7,0,10,12,3,1,0,0,0,0,1,0,0
"POINT (8.502097132000074 49.515611166000042)",Unfall 188380 (2021) Kat:3, Licht: 2,188380,3,7,8,10,22,4,1,2,0,1,0,0,0,0
"POINT (8.466180926000050 49.487728538000056)",Unfall 188402 (2021) Kat:3, Licht: 0,188402,3,3,5,11,12,2,0,0,0,0,0,0,0,1
"POINT (8.485152388000074 49.524368249000077)",Unfall 188411 (2021) Kat:3, Licht: 0,188411,3,3,5,11,12,4,1,0,1,1,0,0,0,0
"POINT (8.471973628000057 49.520183510000038)",Unfall 188418 (2021) Kat:2, Licht: 0,188418,2,6,2,10,17,4,0,0,1,1,0,0,0,0
"POINT (8.499754335000034 49.529255960000057)",Unfall 188422 (2021) Kat:3, Licht: 0,188422,3,3,5,10,14,2,0,0,0,1,0,0,0,0
"POINT (8.449955834000036 49.549663982000027)",Unfall 188424 (2021) Kat:2, Licht: 2,188424,2,3,5,11,19,7,0,2,1,1,0,0,0,0
"POINT (8.468479857000034 49.494088227000077)",Unfall 188448 (2021) Kat:3, Licht: 0,188448,3,6,1,11,07,4,0,0,0,1,0,0,0,0
"POINT (8.494311720000042 49.455467118000058)",Unfall 188465 (2021) Kat:3, Licht: 0,188465,3,6,1,10,16,5,0,0,0,1,0,0,0,0
"POINT (8.466962258000024 49.472287769000047)",Unfall 188511 (2021) Kat:3, Licht: 0,188511,3,2,4,10,13,6,0,0,1,1,0,0,0,0
"POINT (8.495333617000028 49.451916348000054)",Unfall 188543 (2021) Kat:3, Licht: 0,188543,3,7,0,10,11,7,0,0,1,0,0,0,0,1
"POINT (8.470425425000030 49.502725132000080)",Unfall 188545 (2021) Kat:3, Licht: 0,188545,3,2,3,10,11,2,0,0,0,1,0,0,0,1
"POINT (8.467693684000039 49.488088452000056)",Unfall 188553 (2021) Kat:3, Licht: 0,188553,3,7,0,10,09,3,0,0,1,1,0,0,0,0
"POINT (8.470834066000066 49.552509083000075)",Unfall 188570 (2021) Kat:3, Licht: 0,188570,3,7,0,11,08,6,1,0,1,0,0,0,0,0
"POINT (8.510014180000042 49.454248490000055)",Unfall 188586 (2021) Kat:3, Licht: 0,188586,3,6,2,10,11,4,1,0,0,1,0,0,1,0
"POINT (8.475984799000059 49.499713268000050)",Unfall 188607 (2021) Kat:3, Licht: 0,188607,3,3,5,10,16,3,1,0,1,0,0,0,0,0
"POINT (8.457533779000073 49.491929859000038)",Unfall 188609 (2021) Kat:3, Licht: 0,188609,3,6,2,10,14,5,0,0,1,1,0,0,0,0
"POINT (8.512965045000044 49.515530126000044)",Unfall 188659 (2021) Kat:3, Licht: 0,188659,3,6,0,11,16,3,0,0,0,1,0,0,0,1
"POINT (8.466096749000030 49.530820515000073)",Unfall 188693 (2021) Kat:3, Licht: 0,188693,3,1,0,10,17,3,1,0,0,0,0,1,0,0
"POINT (8.533654928000033 49.484057134000068)",Unfall 188708 (2021) Kat:3, Licht: 0,188708,3,2,5,11,15,3,1,0,1,1,0,0,0,0
"POINT (8.461726235000071 49.502521482000077)",Unfall 188716 (2021) Kat:3, Licht: 0,188716,3,3,5,10,12,2,0,0,0,1,0,0,0,1
"POINT (8.478392727000028 49.527712780000059)",Unfall 188722 (2021) Kat:3, Licht: 0,188722,3,5,5,10,18,3,0,0,1,1,0,0,0,0
"POINT (8.506879353000045 49.509563859000082)",Unfall 188763 (2021) Kat:2, Licht: 2,188763,2,3,0,10,19,2,0,2,1,1,0,0,0,0
"POINT (8.508579608000048 49.513867600000026)",Unfall 188771 (2021) Kat:2, Licht: 2,188771,2,3,5,10,00,7,0,2,0,1,0,0,0,0
"POINT (8.515857686000061 49.507710837000047)",Unfall 188775 (2021) Kat:3, Licht: 2,188775,3,6,2,10,19,3,1,2,0,1,0,0,0,0
"POINT (8.565472677000059 49.464785092000056)",Unfall 188779 (2021) Kat:3, Licht: 0,188779,3,1,0,10,14,2,0,0,0,0,0,1,0,0
"POINT (8.471895316000030 49.498914671000080)",Unfall 188805 (2021) Kat:3, Licht: 0,188805,3,6,3,11,16,3,0,0,1,0,0,0,0,1
"POINT (8.560128929000030 49.463644710000040)",Unfall 188819 (2021) Kat:3, Licht: 0,188819,3,3,5,10,16,5,0,0,1,1,0,0,0,0
"POINT (8.490321786000038 49.460810477000052)",Unfall 188890 (2021) Kat:3, Licht: 0,188890,3,6,2,10,14,4,1,0,0,1,0,0,0,0
"POINT (8.481103505000021 49.487284917000068)",Unfall 188924 (2021) Kat:3, Licht: 2,188924,3,6,4,10,19,5,1,2,0,1,0,0,0,0
"POINT (8.495028992000073 49.453847438000025)",Unfall 188945 (2021) Kat:3, Licht: 1,188945,3,2,0,10,18,5,0,1,0,1,0,0,0,1
"POINT (8.475033784000061 49.516404629000078)",Unfall 188964 (2021) Kat:3, Licht: 2,188964,3,3,5,11,05,4,1,2,0,1,0,0,1,0
"POINT (8.487355323000031 49.464743115000033)",Unfall 188976 (2021) Kat:3, Licht: 0,188976,3,6,3,10,11,7,0,0,0,1,0,0,0,0
"POINT (8.475798511000050 49.486534092000056)",Unfall 188977 (2021) Kat:3, Licht: 0,188977,3,3,5,10,16,3,1,0,1,1,0,0,0,0
"POINT (8.478517098000054 49.460279131000050)",Unfall 188981 (2021) Kat:3, Licht: 0,188981,3,3,0,12,11,6,0,0,1,1,0,0,0,0
"POINT (8.495032219000052 49.452843436000080)",Unfall 188994 (2021) Kat:3, Licht: 0,188994,3,2,3,12,15,6,1,0,1,0,0,0,0,0
"POINT (8.483729211000025 49.469833151000046)",Unfall 188995 (2021) Kat:3, Licht: 0,188995,3,3,5,11,13,2,0,0,1,1,0,0,0,0
"POINT (8.470833916000061 49.492855340000062)",Unfall 189006 (2021) Kat:3, Licht: 0,189006,3,3,5,11,12,3,0,0,0,1,0,0,0,1
"POINT (8.556443953000041 49.516614064000066)",Unfall 189009 (2021) Kat:2, Licht: 0,189009,2,3,5,12,11,2,1,0,1,0,0,0,1,0
"POINT (8.462139998000055 49.504144539000038)",Unfall 189016 (2021) Kat:3, Licht: 0,189016,3,7,4,11,12,3,1,0,0,1,0,0,0,0
"POINT (8.479073040000060 49.477213483000071)",Unfall 189064 (2021) Kat:3, Licht: 0,189064,3,3,5,11,10,3,1,0,0,1,0,0,1,0
"POINT (8.485980750000067 49.477674754000077)",Unfall 189080 (2021) Kat:3, Licht: 0,189080,3,4,6,11,13,4,0,0,1,0,1,0,0,0
"POINT (8.484891039000047 49.523957609000036)",Unfall 189127 (2021) Kat:3, Licht: 1,189127,3,4,6,11,16,3,0,1,0,1,1,0,0,0
"POINT (8.470556678000037 49.492478664000032)",Unfall 189142 (2021) Kat:3, Licht: 2,189142,3,4,6,12,19,6,0,2,0,0,1,0,0,1
"POINT (8.482235397000068 49.509601040000064)",Unfall 189145 (2021) Kat:3, Licht: 0,189145,3,3,5,11,15,2,0,0,1,1,0,0,0,0
"POINT (8.556142050000062 49.461263675000055)",Unfall 189159 (2021) Kat:3, Licht: 0,189159,3,7,6,12,11,3,0,0,0,0,0,0,0,1
"POINT (8.472600424000063 49.499604158000068)",Unfall 189170 (2021) Kat:3, Licht: 0,189170,3,5,3,11,10,2,0,0,1,1,0,0,0,0
"POINT (8.473687235000057 49.483757099000059)",Unfall 189182 (2021) Kat:3, Licht: 0,189182,3,3,5,12,09,3,0,0,0,1,0,0,0,0
"POINT (8.479001142000072 49.452832893000050)",Unfall 189200 (2021) Kat:3, Licht: 2,189200,3,6,2,12,17,5,1,2,0,1,0,0,0,0
"POINT (8.469196780000061 49.493495582000037)",Unfall 189233 (2021) Kat:3, Licht: 0,189233,3,6,1,11,12,2,0,0,0,1,0,0,0,0
"POINT (8.476310856000055 49.488716830000044)",Unfall 189238 (2021) Kat:3, Licht: 0,189238,3,3,5,11,07,5,0,0,1,1,0,0,0,0
"POINT (8.510175245000028 49.516941829000075)",Unfall 189305 (2021) Kat:3, Licht: 2,189305,3,2,4,11,18,2,0,2,0,1,0,0,0,0
"POINT (8.512734847000047 49.534723149000058)",Unfall 189322 (2021) Kat:2, Licht: 2,189322,2,6,0,12,19,2,1,2,1,1,0,0,0,0
"POINT (8.505867836000050 49.507107799000039)",Unfall 189333 (2021) Kat:3, Licht: 0,189333,3,1,0,12,11,6,2,0,0,0,0,1,0,0
"POINT (8.477646417000074 49.484170537000068)",Unfall 189358 (2021) Kat:3, Licht: 2,189358,3,2,5,12,17,6,1,2,1,1,0,0,0,0
"POINT (8.471040053000024 49.509743300000082)",Unfall 189406 (2021) Kat:3, Licht: 2,189406,3,7,3,12,17,2,1,2,0,1,0,0,0,1
"POINT (8.473045063000029 49.472633311000038)",Unfall 189427 (2021) Kat:3, Licht: 0,189427,3,3,5,12,12,4,0,0,1,1,0,0,0,0
"POINT (8.478507704000037 49.460277078000047)",Unfall 189480 (2021) Kat:3, Licht: 1,189480,3,3,5,11,07,3,0,1,1,1,0,0,0,0
"POINT (8.465407848000041 49.488163001000032)",Unfall 189491 (2021) Kat:3, Licht: 2,189491,3,3,5,12,17,7,1,2,0,1,0,0,0,1
"POINT (8.523397586000044 49.510275142000069)",Unfall 189502 (2021) Kat:3, Licht: 0,189502,3,3,5,11,10,6,1,0,0,1,0,0,0,0
"POINT (8.525303198000074 49.489210214000082)",Unfall 189520 (2021) Kat:3, Licht: 0,189520,3,3,5,12,11,4,1,0,0,1,0,0,0,0
"POINT (8.473080052000057 49.549544782000055)",Unfall 189596 (2021) Kat:3, Licht: 0,189596,3,4,6,11,10,2,0,0,0,1,1,0,0,0
"POINT (8.511076109000044 49.518511729000068)",Unfall 189597 (2021) Kat:3, Licht: 0,189597,3,6,2,12,16,6,0,0,0,1,0,0,0,0
"POINT (8.488165232000028 49.479326534000052)",Unfall 189609 (2021) Kat:3, Licht: 0,189609,3,7,0,11,13,3,0,0,0,1,0,0,0,0
"POINT (8.567295581000053 49.434883951000074)",Unfall 189656 (2021) Kat:3, Licht: 2,189656,3,2,4,11,18,1,1,2,1,1,0,0,0,0
"POINT (8.483162343000060 49.479899074000059)",Unfall 189674 (2021) Kat:3, Licht: 0,189674,3,3,5,11,07,4,0,0,1,0,0,0,0,1
"POINT (8.464474180000025 49.488367771000071)",Unfall 189688 (2021) Kat:3, Licht: 2,189688,3,3,5,11,20,4,1,2,0,1,0,0,0,1
"POINT (8.492255768000064 49.532626703000062)",Unfall 189702 (2021) Kat:2, Licht: 2,189702,2,4,6,11,17,7,0,2,0,0,1,0,0,1
"POINT (8.464915573000042 49.493961343000080)",Unfall 189705 (2021) Kat:3, Licht: 0,189705,3,6,1,11,10,2,1,0,0,1,0,0,0,0
"POINT (8.507800272000054 49.486579699000060)",Unfall 189706 (2021) Kat:3, Licht: 0,189706,3,1,0,12,12,2,0,0,1,0,0,0,0,0
"POINT (8.478507788000059 49.497799293000071)",Unfall 189724 (2021) Kat:3, Licht: 2,189724,3,3,5,12,19,6,1,2,1,1,0,0,0,0
"POINT (8.486610432000020 49.513174923000065)",Unfall 189752 (2021) Kat:3, Licht: 0,189752,3,6,1,11,10,2,0,0,0,1,0,0,0,0
"POINT (8.483972098000038 49.480945779000081)",Unfall 189755 (2021) Kat:3, Licht: 0,189755,3,3,5,12,13,3,0,0,0,1,0,0,0,0
"POINT (8.465717018000021 49.489816847000043)",Unfall 189766 (2021) Kat:3, Licht: 0,189766,3,3,5,12,07,2,0,0,0,1,0,0,0,0
"POINT (8.470314419000033 49.492215182000052)",Unfall 189778 (2021) Kat:3, Licht: 2,189778,3,4,0,11,18,2,0,2,0,0,1,0,0,1
"POINT (8.491424027000051 49.477703203000033)",Unfall 189785 (2021) Kat:3, Licht: 2,189785,3,3,5,11,17,3,0,2,1,1,0,0,0,0
"POINT (8.485654115000045 49.476507192000042)",Unfall 189824 (2021) Kat:3, Licht: 2,189824,3,3,5,12,16,6,1,2,1,1,0,0,0,0
"POINT (8.529927889000021 49.510152450000078)",Unfall 189842 (2021) Kat:3, Licht: 0,189842,3,3,5,11,09,5,0,0,1,1,0,0,0,0
"POINT (8.466157468000063 49.488977735000049)",Unfall 189845 (2021) Kat:3, Licht: 2,189845,3,5,1,12,18,2,0,2,1,1,0,0,0,0
"POINT (8.450531769000065 49.539195637000034)",Unfall 189848 (2021) Kat:3, Licht: 2,189848,3,3,5,12,18,7,1,2,0,1,0,0,0,0
"POINT (8.450498355000036 49.549789381000039)",Unfall 189855 (2021) Kat:3, Licht: 2,189855,3,5,1,11,21,3,1,2,0,1,0,0,0,0
"POINT (8.497520112000075 49.497680417000026)",Unfall 189861 (2021) Kat:3, Licht: 1,189861,3,3,5,11,16,4,0,1,1,1,0,0,0,0
"POINT (8.517777440000032 49.430143311000052)",Unfall 189890 (2021) Kat:3, Licht: 0,189890,3,1,0,12,09,2,0,0,1,0,0,0,0,0
"POINT (8.524391086000037 49.434812175000047)",Unfall 189894 (2021) Kat:3, Licht: 0,189894,3,3,5,11,12,7,0,0,1,1,0,0,0,0
"POINT (8.468194533000030 49.504097242000057)",Unfall 189939 (2021) Kat:3, Licht: 0,189939,3,6,3,12,10,6,0,0,1,1,0,0,0,0
"POINT (8.464155061000042 49.494056287000035)",Unfall 189941 (2021) Kat:3, Licht: 2,189941,3,5,0,11,21,6,0,2,1,1,0,0,0,0
"POINT (8.462508259000060 49.478727129000049)",Unfall 189945 (2021) Kat:2, Licht: 0,189945,2,3,5,12,15,4,1,0,1,1,0,0,0,0
"POINT (8.459150692000037 49.492409500000065)",Unfall 189948 (2021) Kat:3, Licht: 2,189948,3,3,5,12,17,6,1,2,1,1,0,0,0,0
"POINT (8.483725439000068 49.469834298000080)",Unfall 190003 (2021) Kat:3, Licht: 0,190003,3,3,5,12,14,1,0,0,1,1,0,0,0,0
"POINT (8.474084720000064 49.484763894000025)",Unfall 190021 (2021) Kat:3, Licht: 1,190021,3,3,5,12,16,3,1,1,0,0,0,0,0,1
"POINT (8.492960210000035 49.457911590000037)",Unfall 190026 (2021) Kat:3, Licht: 0,190026,3,3,3,11,18,7,0,0,0,1,0,0,0,1
"POINT (8.470803095000065 49.508543090000046)",Unfall 190091 (2021) Kat:3, Licht: 2,190091,3,3,5,12,18,3,0,2,0,1,0,0,0,0
"POINT (8.477595871000062 49.484279249000053)",Unfall 190184 (2021) Kat:3, Licht: 2,190184,3,3,5,12,07,5,0,2,1,1,0,0,0,0
"POINT (8.490130110000052 49.478306377000081)",Unfall 190347 (2021) Kat:3, Licht: 2,190347,3,2,0,12,18,5,1,2,0,1,1,0,0,0
"POINT (8.473241014000052 49.481535409000060)",Unfall 190513 (2021) Kat:3, Licht: 0,190513,3,7,1,12,10,5,0,0,1,1,0,0,0,0
"POINT (8.534531736000076 49.423907881000048)",Unfall 190597 (2021) Kat:3, Licht: 0,190597,3,3,5,12,15,4,0,0,0,1,0,0,0,0
"POINT (8.463015543000040 49.488017604000049)",Unfall 190614 (2021) Kat:3, Licht: 2,190614,3,3,5,12,00,2,1,2,0,1,0,0,0,0
"POINT (8.511971900000049 49.516096856000047)",Unfall 190696 (2021) Kat:3, Licht: 0,190696,3,2,6,12,10,3,0,0,0,1,1,0,0,0
"POINT (8.501598290000061 49.504376363000063)",Unfall 190893 (2021) Kat:3, Licht: 0,190893,3,2,3,12,14,2,1,0,1,1,0,0,0,0