WKT,Name,OBJECTID,UKATEGORIE,UTYP1,UART,UMONAT,USTUNDE,UWOCHENTAG,STRZUSTAND,ULICHTVERH,ISTRAD,ISTPKW,ISTFUSS,ISTKRAD,ISTGKFZ,ISTSONSTIG
"POINT (8.472096349000026 49.450637951000033)",Unfall 191063 (2021) Kat:3, Licht: 2,191063,3,7,6,12,17,3,0,2,0,0,1,0,0,1
"POINT (8.504970445000026 49.489437896000027)",Unfall 235723 (2021) Kat:3, Licht: 1,235723,3,3,5,04,19,6,0,1,1,1,0,0,0,0
"POINT (8.568668047000074 49.462832707000075)",Unfall 235796 (2021) Kat:3, Licht: 0,235796,3,1,0,04,11,1,0,0,1,0,0,0,0,0
"POINT (8.567670304000046 49.457372271000054)",Unfall 235877 (2021) Kat:3, Licht: 0,235877,3,7,0,05,17,5,0,0,1,0,1,0,0,0
"POINT (8.509949449000032 49.457989135000048)",Unfall 235930 (2021) Kat:3, Licht: 0,235930,3,7,0,06,12,3,0,0,1,0,0,0,0,0
"POINT (8.485902116000034 49.489142978000075)",Unfall 235931 (2021) Kat:3, Licht: 0,235931,3,1,6,06,19,3,0,0,1,0,1,0,0,0
"POINT (8.546264568000026 49.499704147000045)",Unfall 235960 (2021) Kat:3, Licht: 0,235960,3,6,0,06,21,6,0,0,1,0,1,0,0,0
"POINT (8.482417368000029 49.547338469000067)",Unfall 236120 (2021) Kat:2, Licht: 0,236120,2,7,0,07,17,7,0,0,1,0,0,0,0,1
"POINT (8.449126928000055 49.550383753000062)",Unfall 236121 (2021) Kat:3, Licht: 1,236121,3,3,5,07,18,7,0,1,1,1,0,0,0,0
"POINT (8.504871157000025 49.506635328000073)",Unfall 236145 (2021) Kat:3, Licht: 0,236145,3,6,0,07,13,5,1,0,1,0,0,0,0,0
"POINT (8.524003724000067 49.477457909000066)",Unfall 236196 (2021) Kat:2, Licht: 0,236196,2,1,0,07,13,2,0,0,1,0,0,0,0,0
"POINT (8.475788387000023 49.477729545000045)",Unfall 236215 (2021) Kat:3, Licht: 0,236215,3,7,0,07,08,6,0,0,1,0,0,0,0,0
"POINT (8.547019768000041 49.506309290000047)",Unfall 236216 (2021) Kat:3, Licht: 0,236216,3,7,0,07,20,6,0,0,1,0,1,0,0,0
"POINT (8.506562175000056 49.471782497000049)",Unfall 236315 (2021) Kat:3, Licht: 0,236315,3,3,5,08,11,4,0,0,1,1,0,0,0,0
"POINT (8.543877684000051 49.455958471000031)",Unfall 236495 (2021) Kat:3, Licht: 0,236495,3,2,5,09,12,6,0,0,1,1,0,0,0,0
"POINT (8.531210615000020 49.440590722000081)",Unfall 236525 (2021) Kat:3, Licht: 0,236525,3,7,6,09,17,5,0,0,1,0,1,0,0,0
"POINT (8.493392747000030 49.486938632000033)",Unfall 236549 (2021) Kat:2, Licht: 0,236549,2,3,5,09,17,1,0,0,1,0,0,0,0,1
"POINT (8.485846445000050 49.489159259000076)",Unfall 236582 (2021) Kat:3, Licht: 0,236582,3,7,0,10,11,1,0,0,1,0,0,0,0,0
"POINT (8.482245206000073 49.525430393000079)",Unfall 236640 (2021) Kat:3, Licht: 0,236640,3,7,0,10,17,7,1,0,1,0,0,0,0,0
"POINT (8.481060587000059 49.533015501000079)",Unfall 236703 (2021) Kat:3, Licht: 2,236703,3,2,5,12,05,5,0,2,1,1,0,0,0,0
"POINT (8.495249827000070 49.479229061000098)",Unfall 78210 (2022) Kat:3, Licht: 2,78210,3,1,7,01,17,1,1,2,1,0,0,0,0,0
"POINT (8.551998519000049 49.490228422000001)",Unfall 78249 (2022) Kat:3, Licht: 0,78249,3,6,3,01,14,3,0,0,0,1,0,0,0,0
"POINT (8.490124918000051 49.528168229000102)",Unfall 79002 (2022) Kat:3, Licht: 2,79002,3,3,5,01,18,5,0,2,1,1,0,0,0,0
"POINT (8.519004531000061 49.490195281000098)",Unfall 79123 (2022) Kat:2, Licht: 2,79123,2,4,6,01,07,3,0,2,0,1,1,0,0,0
"POINT (8.521082860000041 49.515405020000102)",Unfall 79252 (2022) Kat:3, Licht: 0,79252,3,6,2,01,08,4,0,0,0,1,0,0,0,0
"POINT (8.458102756000070 49.491395515000100)",Unfall 79341 (2022) Kat:3, Licht: 2,79341,3,6,3,01,19,5,0,2,0,1,0,0,0,0
"POINT (8.471959780000081 49.512831679000001)",Unfall 79452 (2022) Kat:3, Licht: 0,79452,3,6,1,01,15,6,0,0,0,1,0,0,0,0
"POINT (8.488190152000071 49.497594718000101)",Unfall 79567 (2022) Kat:3, Licht: 2,79567,3,3,5,02,18,2,0,2,1,1,0,0,0,0
"POINT (8.552126261000071 49.490165644999998)",Unfall 79704 (2022) Kat:3, Licht: 0,79704,3,1,9,02,13,3,0,0,0,1,0,0,0,0
"POINT (8.485775671000059 49.495283490000098)",Unfall 79719 (2022) Kat:3, Licht: 0,79719,3,3,5,01,15,5,1,0,1,1,0,0,0,0
"POINT (8.474763716000041 49.484415075000101)",Unfall 79761 (2022) Kat:3, Licht: 0,79761,3,6,1,02,17,2,0,0,0,1,0,0,0,0
"POINT (8.554755179000040 49.493449830000003)",Unfall 79763 (2022) Kat:2, Licht: 2,79763,2,6,3,01,21,7,0,2,0,1,0,0,0,0
"POINT (8.460364519000050 49.493291020000100)",Unfall 79770 (2022) Kat:3, Licht: 1,79770,3,6,3,02,22,6,0,1,0,1,0,1,0,0
"POINT (8.472055612000080 49.482091981000103)",Unfall 79939 (2022) Kat:3, Licht: 0,79939,3,3,5,02,16,1,0,0,0,1,0,1,0,0
"POINT (8.551981640000060 49.490208172999999)",Unfall 79944 (2022) Kat:3, Licht: 0,79944,3,6,2,02,13,3,0,0,0,1,0,0,1,0
"POINT (8.459332980000060 49.492399192000100)",Unfall 80006 (2022) Kat:3, Licht: 1,80006,3,6,2,02,07,2,0,1,0,1,0,0,0,0
"POINT (8.544746097000029 49.482765847000103)",Unfall 80064 (2022) Kat:3, Licht: 0,80064,3,6,2,02,10,5,1,0,0,1,0,0,0,0
"POINT (8.483180379000030 49.493326008000103)",Unfall 80095 (2022) Kat:3, Licht: 0,80095,3,7,2,02,15,3,0,0,0,1,0,0,0,1
"POINT (8.524465674000060 49.440117991000101)",Unfall 80121 (2022) Kat:2, Licht: 2,80121,2,3,5,01,21,7,1,2,1,1,0,0,0,0
"POINT (8.488143116000060 49.475991207000000)",Unfall 80419 (2022) Kat:3, Licht: 2,80419,3,7,0,01,04,3,0,2,0,0,0,0,0,1
"POINT (8.459806446000069 49.503599594000001)",Unfall 80526 (2022) Kat:3, Licht: 0,80526,3,7,1,01,15,4,0,0,0,1,0,0,0,0
"POINT (8.542330707000080 49.520346381000103)",Unfall 80559 (2022) Kat:3, Licht: 0,80559,3,6,2,02,16,6,0,0,0,1,0,0,0,0
"POINT (8.457737192000019 49.484046435000003)",Unfall 80568 (2022) Kat:3, Licht: 0,80568,3,6,2,01,16,2,0,0,0,1,0,0,0,0
"POINT (8.480825989000040 49.474592541000000)",Unfall 80582 (2022) Kat:3, Licht: 2,80582,3,1,8,02,01,7,1,2,0,1,0,0,0,0
"POINT (8.513605175000070 49.517813705999998)",Unfall 80614 (2022) Kat:2, Licht: 0,80614,2,2,3,02,12,7,0,0,0,1,0,0,0,1
"POINT (8.491987270000040 49.477858599000101)",Unfall 80617 (2022) Kat:3, Licht: 2,80617,3,3,5,02,00,1,0,2,0,1,0,0,0,0
"POINT (8.465270995000029 49.480162979000099)",Unfall 80647 (2022) Kat:3, Licht: 0,80647,3,6,1,02,08,4,1,0,0,1,0,0,0,0
"POINT (8.512232826000060 49.489004934999997)",Unfall 80758 (2022) Kat:3, Licht: 0,80758,3,3,5,02,11,4,0,0,1,1,0,0,0,0
"POINT (8.488198152000050 49.497603998000002)",Unfall 80821 (2022) Kat:3, Licht: 1,80821,3,3,5,02,18,2,0,1,1,1,0,0,0,0
"POINT (8.552298560000050 49.510240731000103)",Unfall 80837 (2022) Kat:3, Licht: 2,80837,3,1,8,01,18,7,0,2,0,1,0,0,0,0
"POINT (8.458417384000031 49.491658211000100)",Unfall 80851 (2022) Kat:3, Licht: 0,80851,3,6,2,02,17,4,0,0,0,1,0,0,0,0
"POINT (8.468418610000070 49.509386149000100)",Unfall 80903 (2022) Kat:3, Licht: 0,80903,3,6,3,04,20,6,0,0,0,1,0,0,0,0
"POINT (8.525204881000040 49.440996923999997)",Unfall 80950 (2022) Kat:2, Licht: 0,80950,2,7,2,04,13,1,0,0,0,1,0,0,0,1
"POINT (8.551981299000030 49.490207763999997)",Unfall 81043 (2022) Kat:3, Licht: 0,81043,3,6,2,04,15,6,1,0,0,1,0,0,0,1
"POINT (8.521110000000020 49.515391889000099)",Unfall 81218 (2022) Kat:3, Licht: 0,81218,3,6,2,03,11,3,0,0,0,1,0,0,0,0
"POINT (8.532481915000060 49.497104188000002)",Unfall 81244 (2022) Kat:3, Licht: 0,81244,3,6,2,03,17,2,0,0,0,1,0,0,0,0
"POINT (8.475504814000031 49.516017128000001)",Unfall 81354 (2022) Kat:3, Licht: 0,81354,3,6,1,04,16,6,1,0,0,1,0,0,0,0
"POINT (8.470877142000059 49.511149693000000)",Unfall 81366 (2022) Kat:3, Licht: 0,81366,3,6,3,04,18,7,0,0,0,1,0,0,0,0
"POINT (8.522714296000061 49.473664051000100)",Unfall 81392 (2022) Kat:3, Licht: 0,81392,3,6,1,03,15,4,0,0,0,1,0,0,1,0
"POINT (8.547276862000050 49.418236004999997)",Unfall 81402 (2022) Kat:2, Licht: 0,81402,2,7,8,03,18,5,0,0,0,1,0,0,0,0
"POINT (8.565548216000019 49.467138551000097)",Unfall 81452 (2022) Kat:3, Licht: 0,81452,3,6,2,04,16,3,0,0,0,1,0,0,0,0
"POINT (8.546581759000050 49.514182559000098)",Unfall 81455 (2022) Kat:3, Licht: 0,81455,3,6,1,03,16,6,0,0,0,1,0,0,0,0
"POINT (8.486344197000051 49.529809239000002)",Unfall 81461 (2022) Kat:3, Licht: 0,81461,3,6,3,03,17,2,0,0,0,1,0,0,1,0
"POINT (8.508992826000050 49.519390939000097)",Unfall 81514 (2022) Kat:3, Licht: 0,81514,3,6,1,04,14,1,0,0,0,1,0,1,0,0
"POINT (8.447943336000041 49.552193870000103)",Unfall 81621 (2022) Kat:3, Licht: 1,81621,3,6,2,03,06,2,0,1,0,1,0,0,1,0
"POINT (8.491072518000070 49.476982090000000)",Unfall 81687 (2022) Kat:3, Licht: 0,81687,3,1,0,04,12,6,1,0,0,0,0,0,0,1
"POINT (8.447930813000029 49.552230279000099)",Unfall 81758 (2022) Kat:2, Licht: 2,81758,2,2,5,03,05,7,0,2,0,1,0,0,0,1
"POINT (8.455795612000029 49.487306155000098)",Unfall 81857 (2022) Kat:3, Licht: 0,81857,3,6,3,03,17,2,0,0,0,1,0,0,1,0
"POINT (8.475823478000050 49.486642668000101)",Unfall 81861 (2022) Kat:3, Licht: 0,81861,3,6,1,04,16,6,1,0,0,1,0,0,0,0
"POINT (8.496412217000060 49.502315510000102)",Unfall 81862 (2022) Kat:3, Licht: 2,81862,3,2,5,03,05,5,0,2,1,1,0,0,0,0
"POINT (8.516341379000041 49.468580008000103)",Unfall 81906 (2022) Kat:3, Licht: 0,81906,3,7,9,03,12,1,0,0,0,1,0,0,0,0
"POINT (8.483259145000030 49.473862680000103)",Unfall 82127 (2022) Kat:3, Licht: 0,82127,3,7,9,03,09,6,0,0,0,1,0,0,0,0
"POINT (8.477829982000060 49.476473382000101)",Unfall 82144 (2022) Kat:3, Licht: 0,82144,3,3,3,03,09,4,0,0,1,1,0,0,0,0
"POINT (8.517110906000029 49.467788977000097)",Unfall 82324 (2022) Kat:3, Licht: 0,82324,3,6,3,03,09,2,0,0,0,1,0,0,0,0
"POINT (8.475398605000070 49.485184758000102)",Unfall 82344 (2022) Kat:2, Licht: 0,82344,2,3,5,03,18,2,0,0,1,1,0,0,0,0
"POINT (8.493706797000071 49.500873189000103)",Unfall 82358 (2022) Kat:3, Licht: 0,82358,3,3,1,04,13,2,0,0,1,1,0,0,0,0
"POINT (8.539414094000049 49.461690365999999)",Unfall 82411 (2022) Kat:3, Licht: 2,82411,3,6,2,03,00,5,0,2,0,1,0,0,0,0
"POINT (8.550682708000069 49.489300034999999)",Unfall 82447 (2022) Kat:3, Licht: 1,82447,3,2,5,03,05,4,0,1,0,1,0,0,0,0
"POINT (8.463292823000071 49.484363706000103)",Unfall 82505 (2022) Kat:3, Licht: 0,82505,3,6,2,03,08,5,0,0,0,1,0,0,0,0
"POINT (8.564398888000030 49.466144485000001)",Unfall 82710 (2022) Kat:3, Licht: 0,82710,3,6,2,04,17,4,0,0,0,1,0,0,0,0
"POINT (8.465017532000051 49.481909784999999)",Unfall 82729 (2022) Kat:3, Licht: 0,82729,3,3,5,03,09,1,0,0,1,1,0,0,0,0
"POINT (8.487164640000060 49.475115710000097)",Unfall 82744 (2022) Kat:3, Licht: 0,82744,3,2,5,04,15,3,0,0,1,1,0,0,0,0
"POINT (8.573204291000019 49.448657541000003)",Unfall 82748 (2022) Kat:3, Licht: 0,82748,3,6,2,04,17,4,0,0,0,1,0,0,0,0
"POINT (8.527064862000030 49.433750217000103)",Unfall 82749 (2022) Kat:3, Licht: 0,82749,3,5,1,03,16,2,0,0,1,1,0,0,0,0
"POINT (8.491177347000081 49.499549835000003)",Unfall 82895 (2022) Kat:3, Licht: 0,82895,3,6,3,04,19,1,0,0,0,1,0,0,0,1
"POINT (8.554215200000041 49.521378861000102)",Unfall 82912 (2022) Kat:3, Licht: 0,82912,3,6,3,03,14,5,0,0,0,1,0,0,0,0
"POINT (8.498052693000030 49.503226606000098)",Unfall 82919 (2022) Kat:3, Licht: 0,82919,3,1,0,03,08,3,0,0,1,0,0,0,0,0
"POINT (8.484827337000070 49.493803995000100)",Unfall 82993 (2022) Kat:3, Licht: 0,82993,3,6,3,05,07,3,0,0,0,1,0,1,0,0
"POINT (8.474360647000029 49.496577170000101)",Unfall 83071 (2022) Kat:2, Licht: 0,83071,2,1,3,05,10,6,0,0,0,1,0,1,0,0
"POINT (8.483429320000029 49.473975175000099)",Unfall 83125 (2022) Kat:3, Licht: 0,83125,3,3,5,04,08,7,1,0,0,1,0,0,1,0
"POINT (8.449857653000040 49.549703468000097)",Unfall 83157 (2022) Kat:3, Licht: 0,83157,3,6,2,05,16,5,0,0,0,1,0,0,0,0
"POINT (8.508815113000029 49.471174605999998)",Unfall 83189 (2022) Kat:3, Licht: 0,83189,3,6,2,05,14,2,0,0,0,1,0,0,0,0
"POINT (8.455585003000071 49.491591714999998)",Unfall 83254 (2022) Kat:3, Licht: 0,83254,3,6,2,04,08,3,0,0,0,1,0,0,0,0
"POINT (8.472595221000059 49.480673981999999)",Unfall 83302 (2022) Kat:3, Licht: 0,83302,3,6,2,04,14,5,0,0,0,1,0,0,1,0
"POINT (8.456150248000030 49.488318432000000)",Unfall 83327 (2022) Kat:3, Licht: 1,83327,3,2,5,05,16,6,0,1,0,0,0,1,0,1
"POINT (8.484288235000070 49.493562916000002)",Unfall 83328 (2022) Kat:3, Licht: 0,83328,3,4,0,04,14,3,0,0,0,0,1,0,0,1
"POINT (8.550109066000060 49.488677811999999)",Unfall 83380 (2022) Kat:3, Licht: 2,83380,3,2,5,04,23,7,1,2,0,1,0,0,0,0
"POINT (8.503730709000020 49.473257429999997)",Unfall 83381 (2022) Kat:3, Licht: 0,83381,3,6,3,05,18,2,0,0,0,1,0,0,0,0
"POINT (8.465052556000050 49.506980818999999)",Unfall 83482 (2022) Kat:3, Licht: 2,83482,3,6,1,04,20,5,0,2,0,1,0,0,0,1
"POINT (8.512459953000080 49.450771368000098)",Unfall 83558 (2022) Kat:3, Licht: 0,83558,3,7,0,05,12,3,0,0,0,1,0,0,0,0
"POINT (8.519329730000040 49.516114962000103)",Unfall 83566 (2022) Kat:3, Licht: 0,83566,3,6,2,05,19,4,0,0,0,1,0,0,0,1
"POINT (8.536453918000060 49.462001010999998)",Unfall 83601 (2022) Kat:3, Licht: 0,83601,3,6,2,05,17,3,0,0,0,1,0,0,0,0
"POINT (8.495175216000060 49.476211083000102)",Unfall 83706 (2022) Kat:3, Licht: 0,83706,3,6,2,04,07,4,0,0,0,1,0,0,0,0
"POINT (8.468363439000029 49.482378696000097)",Unfall 83811 (2022) Kat:3, Licht: 0,83811,3,2,3,05,18,7,0,0,0,0,0,1,0,1
"POINT (8.471449415000050 49.481040015000097)",Unfall 83896 (2022) Kat:3, Licht: 0,83896,3,3,5,05,07,5,1,0,1,1,0,0,0,0
"POINT (8.518987678000030 49.490184843000101)",Unfall 83967 (2022) Kat:2, Licht: 0,83967,2,4,6,05,18,6,0,0,0,1,1,0,0,0
"POINT (8.463620215000050 49.484129816000099)",Unfall 83999 (2022) Kat:3, Licht: 0,83999,3,6,2,05,12,3,0,0,0,1,0,0,0,0
"POINT (8.456424167000019 49.486624906000003)",Unfall 84017 (2022) Kat:3, Licht: 2,84017,3,1,0,05,20,4,1,2,0,0,0,1,0,0
"POINT (8.489105959000030 49.494470324000098)",Unfall 84024 (2022) Kat:3, Licht: 0,84024,3,6,1,04,18,7,0,0,0,0,0,1,0,0
"POINT (8.537800707000031 49.420853201000099)",Unfall 84052 (2022) Kat:2, Licht: 0,84052,2,6,3,04,12,6,0,0,0,1,0,1,0,1
"POINT (8.485819223000020 49.530010679000000)",Unfall 84127 (2022) Kat:2, Licht: 2,84127,2,5,1,05,22,5,0,2,1,1,0,0,0,0
"POINT (8.546266917000031 49.420844676000101)",Unfall 84304 (2022) Kat:2, Licht: 0,84304,2,6,2,05,12,5,0,0,0,1,0,0,0,0
"POINT (8.550993641000050 49.491698646000003)",Unfall 84419 (2022) Kat:3, Licht: 0,84419,3,6,2,05,06,3,0,0,0,1,0,0,0,1
"POINT (8.467401689000040 49.482752403000099)",Unfall 84427 (2022) Kat:3, Licht: 0,84427,3,2,3,06,17,3,0,0,0,1,0,1,0,0
"POINT (8.475587122000039 49.496284923000097)",Unfall 84435 (2022) Kat:2, Licht: 0,84435,2,2,3,05,09,2,0,0,0,1,0,0,0,1
"POINT (8.512919062000041 49.449201846999998)",Unfall 84851 (2022) Kat:3, Licht: 0,84851,3,6,3,06,17,7,0,0,0,1,0,0,1,0
"POINT (8.460577673000049 49.493222271999997)",Unfall 84883 (2022) Kat:3, Licht: 0,84883,3,7,0,05,20,7,0,0,0,0,0,0,0,1
"POINT (8.525189538000060 49.440978557999998)",Unfall 84907 (2022) Kat:2, Licht: 0,84907,2,7,1,05,15,7,0,0,0,1,0,1,0,0
"POINT (8.473770597000049 49.475791469999997)",Unfall 85015 (2022) Kat:3, Licht: 0,85015,3,6,1,06,17,5,1,0,0,1,0,0,0,0
"POINT (8.496575959000040 49.478537838000101)",Unfall 85086 (2022) Kat:3, Licht: 0,85086,3,7,9,06,12,4,0,0,0,1,0,0,0,0
"POINT (8.444830531000040 49.559753122000103)",Unfall 85121 (2022) Kat:3, Licht: 0,85121,3,6,2,05,15,3,0,0,0,1,0,0,0,0
"POINT (8.479734176000020 49.488511873999997)",Unfall 85135 (2022) Kat:3, Licht: 0,85135,3,2,5,05,10,2,0,0,1,1,0,0,0,0
"POINT (8.540464249000021 49.457848701000003)",Unfall 85187 (2022) Kat:3, Licht: 0,85187,3,6,2,05,16,5,0,0,0,1,0,0,0,1
"POINT (8.501458102000070 49.489406135000102)",Unfall 85298 (2022) Kat:3, Licht: 0,85298,3,3,5,05,10,7,0,0,1,1,0,0,0,0
"POINT (8.555777849000039 49.509294396000001)",Unfall 85299 (2022) Kat:3, Licht: 0,85299,3,2,5,05,12,3,0,0,0,1,0,0,0,0
"POINT (8.473404379000041 49.495406346000003)",Unfall 85305 (2022) Kat:3, Licht: 0,85305,3,3,5,05,19,6,0,0,1,1,0,0,0,0
"POINT (8.520257209000020 49.491376926000001)",Unfall 85329 (2022) Kat:3, Licht: 2,85329,3,2,3,05,21,7,0,2,0,1,0,0,0,1
"POINT (8.518992191000050 49.468042290000000)",Unfall 85337 (2022) Kat:3, Licht: 0,85337,3,1,9,06,10,1,1,0,0,1,0,0,0,0
"POINT (8.524378096000021 49.440016034999999)",Unfall 85476 (2022) Kat:3, Licht: 0,85476,3,3,5,05,13,4,0,0,1,1,0,0,0,0
"POINT (8.511437120000039 49.445014411999999)",Unfall 85490 (2022) Kat:3, Licht: 0,85490,3,6,2,06,14,7,0,0,0,1,0,0,0,0
"POINT (8.550061617000040 49.487901925000102)",Unfall 85513 (2022) Kat:3, Licht: 0,85513,3,6,2,05,08,2,0,0,0,1,0,0,0,0
"POINT (8.513341376000030 49.517784060000103)",Unfall 85564 (2022) Kat:3, Licht: 1,85564,3,6,2,05,20,6,0,1,0,1,0,0,0,0
"POINT (8.551002459000070 49.491704307000099)",Unfall 85579 (2022) Kat:2, Licht: 0,85579,2,6,2,05,13,7,0,0,0,1,0,1,0,0
"POINT (8.523897384000071 49.480559692999996)",Unfall 85633 (2022) Kat:3, Licht: 0,85633,3,6,3,06,16,4,0,0,0,1,0,0,0,0
"POINT (8.451572180000030 49.491594290000101)",Unfall 85660 (2022) Kat:3, Licht: 0,85660,3,6,2,05,06,3,0,0,0,1,0,0,0,0
"POINT (8.551197251000080 49.491594087000102)",Unfall 85686 (2022) Kat:3, Licht: 0,85686,3,6,2,06,13,4,0,0,0,1,0,0,0,1
"POINT (8.484867234000030 49.493856199000000)",Unfall 85704 (2022) Kat:3, Licht: 0,85704,3,6,8,06,13,6,0,0,0,1,0,1,0,0
"POINT (8.544566862000069 49.482980734000101)",Unfall 85726 (2022) Kat:3, Licht: 0,85726,3,6,2,06,20,6,0,0,0,1,0,0,0,0
"POINT (8.501465971000069 49.504770399000101)",Unfall 85814 (2022) Kat:3, Licht: 2,85814,3,1,8,05,01,7,0,2,0,0,0,0,0,1
"POINT (8.499974856000049 49.489459633000102)",Unfall 85851 (2022) Kat:3, Licht: 0,85851,3,7,3,05,09,6,0,0,0,1,0,0,0,1
"POINT (8.497044159000041 49.502650889999998)",Unfall 85876 (2022) Kat:3, Licht: 0,85876,3,4,6,05,13,7,0,0,0,1,1,0,0,0
"POINT (8.489088028000030 49.528784670999997)",Unfall 86249 (2022) Kat:3, Licht: 0,86249,3,6,1,07,12,6,0,0,0,1,0,0,0,0
"POINT (8.447798197000051 49.552422403000001)",Unfall 86298 (2022) Kat:3, Licht: 0,86298,3,3,5,06,18,1,0,0,0,1,0,0,0,0
"POINT (8.542364088000060 49.520363828000001)",Unfall 86454 (2022) Kat:3, Licht: 0,86454,3,6,1,07,17,7,0,0,0,1,0,0,0,0
"POINT (8.569034450000061 49.443752836000002)",Unfall 86552 (2022) Kat:3, Licht: 0,86552,3,6,2,07,10,5,0,0,0,1,0,1,0,0
"POINT (8.471370208000049 49.481073961000000)",Unfall 86568 (2022) Kat:2, Licht: 2,86568,2,3,5,06,23,5,0,2,0,1,0,1,0,0
"POINT (8.520872469000039 49.467009969999999)",Unfall 86694 (2022) Kat:3, Licht: 0,86694,3,6,3,07,07,6,0,0,0,1,0,0,1,0
"POINT (8.569666004000061 49.456577398999997)",Unfall 86769 (2022) Kat:3, Licht: 2,86769,3,1,9,07,00,4,0,2,0,1,0,0,0,0
"POINT (8.544880827000039 49.516854316000000)",Unfall 86978 (2022) Kat:3, Licht: 0,86978,3,7,9,06,16,3,0,0,0,0,0,0,0,1
"POINT (8.570870649000030 49.450479205000100)",Unfall 87105 (2022) Kat:3, Licht: 0,87105,3,6,2,07,09,7,0,0,0,1,0,0,0,0
"POINT (8.498256248000081 49.475074381000098)",Unfall 87270 (2022) Kat:3, Licht: 0,87270,3,6,2,07,12,3,0,0,0,1,0,0,0,0
"POINT (8.524701232000041 49.465542849000002)",Unfall 87336 (2022) Kat:3, Licht: 2,87336,3,6,3,06,23,4,0,2,0,1,0,0,0,0
"POINT (8.488198095000030 49.497603931000100)",Unfall 87794 (2022) Kat:3, Licht: 0,87794,3,3,0,07,07,3,0,0,1,1,0,0,0,0
"POINT (8.447993772000070 49.581336040000103)",Unfall 87812 (2022) Kat:2, Licht: 0,87812,2,6,2,06,13,7,0,0,0,1,0,0,1,0
"POINT (8.500252400000020 49.474287307000097)",Unfall 87929 (2022) Kat:3, Licht: 0,87929,3,3,5,06,06,7,0,0,0,1,0,0,0,0
"POINT (8.515910986000049 49.464419129000099)",Unfall 88022 (2022) Kat:3, Licht: 0,88022,3,6,3,06,11,3,0,0,0,1,0,0,1,0
"POINT (8.463279308000040 49.484369048000097)",Unfall 88039 (2022) Kat:3, Licht: 0,88039,3,6,2,07,20,2,0,0,0,1,0,0,0,0
"POINT (8.543861135000039 49.456010773999999)",Unfall 88277 (2022) Kat:3, Licht: 0,88277,3,3,5,07,17,7,0,0,0,1,0,0,0,0
"POINT (8.492556620000070 49.478565392000100)",Unfall 88292 (2022) Kat:3, Licht: 0,88292,3,3,5,06,14,6,0,0,1,1,0,0,0,0
"POINT (8.507904101000070 49.489229966000003)",Unfall 88352 (2022) Kat:3, Licht: 0,88352,3,6,2,06,07,3,0,0,0,1,0,0,0,0
"POINT (8.487626387000031 49.496954194000097)",Unfall 88462 (2022) Kat:3, Licht: 0,88462,3,6,2,07,18,5,0,0,0,1,0,1,0,0
"POINT (8.472430616000050 49.480621235999998)",Unfall 88500 (2022) Kat:2, Licht: 0,88500,2,7,5,07,09,4,0,0,1,1,0,0,0,0
"POINT (8.458484067000031 49.491418130000099)",Unfall 88508 (2022) Kat:3, Licht: 0,88508,3,6,3,07,18,1,0,0,0,1,0,0,0,0
"POINT (8.449826954000059 49.549725395000102)",Unfall 88626 (2022) Kat:3, Licht: 0,88626,3,3,5,08,14,5,0,0,0,1,0,0,0,0
"POINT (8.457114752000050 49.545146799000101)",Unfall 88654 (2022) Kat:3, Licht: 2,88654,3,3,5,08,02,1,0,2,0,1,0,0,0,0
"POINT (8.517586825000020 49.487897797000102)",Unfall 88665 (2022) Kat:3, Licht: 0,88665,3,6,2,08,06,2,0,0,0,1,0,0,0,0
"POINT (8.490878864000020 49.499399524000097)",Unfall 88720 (2022) Kat:3, Licht: 0,88720,3,1,0,07,13,5,0,0,1,0,0,0,0,0
"POINT (8.480866136000030 49.522160402000097)",Unfall 88758 (2022) Kat:3, Licht: 0,88758,3,2,2,07,16,2,0,0,1,1,0,0,0,0
"POINT (8.461612647000040 49.504427521000103)",Unfall 88871 (2022) Kat:2, Licht: 0,88871,2,7,0,08,09,4,0,0,0,0,0,1,0,0
"POINT (8.566507596000060 49.417940838000000)",Unfall 88908 (2022) Kat:2, Licht: 0,88908,2,3,5,07,14,3,0,0,0,1,0,1,0,0
"POINT (8.520968113000039 49.481654096000099)",Unfall 88952 (2022) Kat:3, Licht: 2,88952,3,6,3,08,00,5,0,2,0,1,0,1,0,0
"POINT (8.480528024000019 49.489339299999997)",Unfall 88954 (2022) Kat:3, Licht: 0,88954,3,2,3,07,16,2,0,0,1,1,0,0,0,0
"POINT (8.488724385000070 49.498169877000102)",Unfall 88955 (2022) Kat:2, Licht: 0,88955,2,3,5,07,11,3,0,0,0,1,0,1,0,0
"POINT (8.461135650000070 49.542605255000097)",Unfall 89086 (2022) Kat:3, Licht: 2,89086,3,6,0,08,21,6,0,2,0,1,0,0,0,0
"POINT (8.464134614000050 49.480808786000097)",Unfall 89247 (2022) Kat:3, Licht: 0,89247,3,3,5,08,13,5,0,0,0,1,0,0,0,0
"POINT (8.455801510000070 49.487336880999997)",Unfall 89261 (2022) Kat:3, Licht: 0,89261,3,6,3,08,10,4,0,0,0,1,0,0,1,0
"POINT (8.465136905000071 49.507041098000101)",Unfall 89489 (2022) Kat:3, Licht: 2,89489,3,1,1,08,22,5,0,2,0,1,0,1,0,0