WKT,Name,OBJECTID,UKATEGORIE,UTYP1,UART,UMONAT,USTUNDE,UWOCHENTAG,STRZUSTAND,ULICHTVERH,ISTRAD,ISTPKW,ISTFUSS,ISTKRAD,ISTGKFZ,ISTSONSTIG
"POINT (8.465772021000021 49.507494967000099)",Unfall 89491 (2022) Kat:3, Licht: 0,89491,3,5,1,08,17,3,0,0,0,1,0,0,0,1
"POINT (8.488706261000059 49.528945470000103)",Unfall 89526 (2022) Kat:3, Licht: 0,89526,3,5,2,08,08,4,0,0,0,1,0,0,0,1
"POINT (8.485514503000051 49.494270880999998)",Unfall 89664 (2022) Kat:3, Licht: 2,89664,3,3,5,09,21,5,0,2,0,1,0,0,0,0
"POINT (8.501827829000041 49.489388965000003)",Unfall 89685 (2022) Kat:2, Licht: 0,89685,2,3,5,09,09,2,0,0,1,0,0,0,0,1
"POINT (8.450464637000040 49.491598259000099)",Unfall 89752 (2022) Kat:3, Licht: 2,89752,3,1,8,08,00,5,0,2,0,1,0,0,0,0
"POINT (8.555625264000071 49.494240150000103)",Unfall 89790 (2022) Kat:3, Licht: 0,89790,3,6,2,09,16,6,1,0,0,1,0,0,0,0
"POINT (8.487017745000060 49.496493452000003)",Unfall 89832 (2022) Kat:2, Licht: 0,89832,2,3,5,09,09,6,0,0,1,0,0,0,0,1
"POINT (8.452335594000029 49.491894799000100)",Unfall 89835 (2022) Kat:3, Licht: 0,89835,3,6,3,09,13,2,0,0,1,0,0,0,0,0
"POINT (8.447938491000061 49.570257273000003)",Unfall 89844 (2022) Kat:3, Licht: 2,89844,3,6,8,09,20,5,0,2,0,1,0,0,0,0
"POINT (8.530854356000020 49.512657153000099)",Unfall 89895 (2022) Kat:3, Licht: 2,89895,3,5,1,08,23,1,0,2,0,1,0,0,0,0
"POINT (8.558716808000041 49.498340296999999)",Unfall 90184 (2022) Kat:2, Licht: 2,90184,2,6,2,09,21,7,1,2,0,1,0,0,0,0
"POINT (8.487741913000040 49.497086944000003)",Unfall 90185 (2022) Kat:3, Licht: 0,90185,3,6,1,08,11,4,1,0,0,1,0,0,0,0
"POINT (8.487383581000071 49.475128180000098)",Unfall 90219 (2022) Kat:3, Licht: 0,90219,3,2,3,08,16,6,0,0,1,0,0,0,0,1
"POINT (8.569384670000030 49.448899572000101)",Unfall 90280 (2022) Kat:3, Licht: 0,90280,3,6,1,09,07,4,1,0,0,1,0,0,0,0
"POINT (8.472994273000040 49.483027977000098)",Unfall 90307 (2022) Kat:3, Licht: 0,90307,3,6,3,09,10,5,0,0,1,1,0,0,0,0
"POINT (8.465953766000039 49.479823465999999)",Unfall 90312 (2022) Kat:3, Licht: 0,90312,3,6,3,09,08,3,0,0,0,1,0,0,1,0
"POINT (8.459842874000060 49.496257855000103)",Unfall 90313 (2022) Kat:3, Licht: 2,90313,3,6,2,08,20,3,0,2,0,1,0,0,1,0
"POINT (8.517635616000060 49.466750816000101)",Unfall 90476 (2022) Kat:3, Licht: 0,90476,3,7,8,08,11,7,0,0,0,1,0,0,0,0
"POINT (8.531014406000050 49.512741363000004)",Unfall 90483 (2022) Kat:3, Licht: 0,90483,3,6,2,09,15,2,0,0,0,1,0,0,0,0
"POINT (8.519464698000039 49.516077223000103)",Unfall 90609 (2022) Kat:3, Licht: 0,90609,3,6,2,09,17,2,0,0,0,1,0,0,0,0
"POINT (8.475763551000060 49.496208175000000)",Unfall 90868 (2022) Kat:3, Licht: 0,90868,3,2,5,09,15,5,0,0,0,1,0,1,0,0
"POINT (8.485184612000070 49.494231591000101)",Unfall 90888 (2022) Kat:3, Licht: 0,90888,3,3,5,08,16,7,0,0,0,1,0,0,0,0
"POINT (8.550208672000050 49.488724103999999)",Unfall 91002 (2022) Kat:3, Licht: 0,91002,3,6,1,09,08,5,1,0,0,1,0,0,0,0
"POINT (8.450275930000030 49.491551520000002)",Unfall 91006 (2022) Kat:3, Licht: 0,91006,3,6,2,09,13,2,0,0,1,0,0,0,0,0
"POINT (8.519711181000050 49.467426600000103)",Unfall 91011 (2022) Kat:3, Licht: 2,91011,3,6,2,09,22,1,1,2,0,1,0,0,0,0
"POINT (8.471404316000079 49.511532160000101)",Unfall 91114 (2022) Kat:3, Licht: 0,91114,3,6,2,08,09,4,1,0,0,1,0,0,0,0
"POINT (8.551994390000059 49.490223468000103)",Unfall 91333 (2022) Kat:3, Licht: 2,91333,3,1,8,09,20,7,1,2,0,1,0,0,0,0
"POINT (8.476210722000079 49.487458459000003)",Unfall 91414 (2022) Kat:3, Licht: 0,91414,3,7,0,08,17,2,0,0,0,0,0,1,0,0
"POINT (8.460451639000039 49.495377798000000)",Unfall 91457 (2022) Kat:3, Licht: 0,91457,3,4,6,09,16,3,0,0,0,0,1,0,1,0
"POINT (8.527280772000040 49.465064921000099)",Unfall 91558 (2022) Kat:3, Licht: 0,91558,3,1,9,10,14,7,0,0,0,0,0,1,0,0
"POINT (8.491842405000060 49.477797803000001)",Unfall 91564 (2022) Kat:2, Licht: 0,91564,2,3,5,09,13,5,0,0,0,1,0,0,0,0
"POINT (8.535017457000039 49.475042314000099)",Unfall 91632 (2022) Kat:3, Licht: 0,91632,3,1,1,10,15,7,0,0,0,1,0,0,1,0
"POINT (8.452022986000030 49.548295775000000)",Unfall 91703 (2022) Kat:3, Licht: 0,91703,3,6,2,10,10,2,0,0,0,1,0,0,0,0
"POINT (8.537964831000069 49.496618630000100)",Unfall 91787 (2022) Kat:3, Licht: 0,91787,3,7,2,09,14,1,0,0,0,1,0,0,0,0
"POINT (8.477845140000060 49.476460952000103)",Unfall 91802 (2022) Kat:3, Licht: 0,91802,3,3,5,10,13,3,0,0,0,1,0,0,0,1
"POINT (8.469595712000061 49.510229999000003)",Unfall 91835 (2022) Kat:2, Licht: 0,91835,2,5,5,09,15,3,1,0,0,1,0,0,0,0
"POINT (8.464796045000069 49.483771656999998)",Unfall 92099 (2022) Kat:3, Licht: 0,92099,3,6,2,10,10,6,0,0,0,1,0,1,0,0
"POINT (8.516079851000031 49.464617838000002)",Unfall 92101 (2022) Kat:3, Licht: 2,92101,3,6,2,10,21,5,1,2,0,1,0,0,0,0
"POINT (8.511653448000059 49.488884013000103)",Unfall 92168 (2022) Kat:3, Licht: 0,92168,3,3,5,09,15,5,0,0,1,0,0,0,0,1
"POINT (8.516972030000030 49.465722685000102)",Unfall 92286 (2022) Kat:3, Licht: 2,92286,3,6,2,10,22,6,0,2,0,1,0,0,0,0
"POINT (8.512498253000050 49.488834508000103)",Unfall 92323 (2022) Kat:3, Licht: 0,92323,3,4,6,09,07,4,0,0,0,0,1,0,0,1
"POINT (8.496928645000031 49.502841900000099)",Unfall 92381 (2022) Kat:2, Licht: 2,92381,2,3,5,10,23,7,0,2,1,1,0,0,0,0
"POINT (8.461574387000040 49.485044455000001)",Unfall 92409 (2022) Kat:3, Licht: 0,92409,3,6,2,10,19,4,0,0,0,1,0,0,0,0
"POINT (8.476362694000040 49.477650186000098)",Unfall 92432 (2022) Kat:3, Licht: 0,92432,3,6,2,10,15,7,1,0,0,1,0,0,0,0
"POINT (8.485693584000050 49.530144958999998)",Unfall 92510 (2022) Kat:3, Licht: 0,92510,3,6,2,10,15,7,1,0,0,1,0,0,0,0
"POINT (8.450529048000019 49.549247657000102)",Unfall 92549 (2022) Kat:3, Licht: 0,92549,3,6,4,09,08,4,0,0,0,0,0,0,1,0
"POINT (8.503855437000031 49.472911759000098)",Unfall 92774 (2022) Kat:3, Licht: 0,92774,3,6,2,10,14,5,0,0,0,1,0,0,0,0
"POINT (8.552157998000039 49.490203577000003)",Unfall 92796 (2022) Kat:3, Licht: 0,92796,3,6,3,10,15,2,0,0,0,1,0,0,0,0
"POINT (8.529316645000049 49.430875100000002)",Unfall 92811 (2022) Kat:3, Licht: 0,92811,3,2,5,10,17,5,0,0,1,1,0,0,0,0
"POINT (8.472610607000041 49.482647305000100)",Unfall 92847 (2022) Kat:3, Licht: 2,92847,3,6,2,10,23,6,1,2,0,1,0,0,0,0
"POINT (8.512771670000060 49.449854640000098)",Unfall 93026 (2022) Kat:3, Licht: 1,93026,3,6,3,10,08,6,1,1,0,1,0,0,0,1
"POINT (8.437976930000049 49.553226446000103)",Unfall 93033 (2022) Kat:3, Licht: 1,93033,3,6,3,10,18,4,0,1,0,0,0,0,1,1
"POINT (8.542125416000030 49.449076458000000)",Unfall 93084 (2022) Kat:3, Licht: 0,93084,3,6,2,09,13,6,0,0,0,1,0,0,0,0
"POINT (8.459995063000060 49.492860313000101)",Unfall 93094 (2022) Kat:3, Licht: 1,93094,3,3,5,10,19,5,1,1,0,1,0,0,0,1
"POINT (8.482142192000030 49.473936645999999)",Unfall 93146 (2022) Kat:3, Licht: 0,93146,3,2,5,10,09,1,0,0,0,1,0,0,0,0
"POINT (8.542406491000071 49.473743405999997)",Unfall 93174 (2022) Kat:3, Licht: 0,93174,3,6,2,10,17,1,0,0,0,1,0,0,0,0
"POINT (8.481761326000029 49.493910624000101)",Unfall 93184 (2022) Kat:3, Licht: 2,93184,3,2,5,10,06,4,1,2,0,1,0,0,0,1
"POINT (8.501713984000050 49.489394134000101)",Unfall 93294 (2022) Kat:3, Licht: 0,93294,3,6,2,10,17,2,0,0,0,1,0,0,0,0
"POINT (8.475529581000050 49.515815156000002)",Unfall 93456 (2022) Kat:3, Licht: 2,93456,3,1,9,10,04,1,1,2,0,1,0,0,0,0
"POINT (8.546087521000061 49.482774182000099)",Unfall 93542 (2022) Kat:1, Licht: 2,93542,1,6,3,10,21,1,0,2,0,1,0,0,0,1
"POINT (8.511646236000050 49.444846511999998)",Unfall 93559 (2022) Kat:3, Licht: 0,93559,3,2,0,10,15,2,0,0,0,1,0,0,0,1
"POINT (8.470051894000051 49.481616993999999)",Unfall 93563 (2022) Kat:3, Licht: 0,93563,3,2,6,10,11,6,1,0,0,1,1,0,0,0
"POINT (8.484278995000070 49.493524202000103)",Unfall 93571 (2022) Kat:3, Licht: 0,93571,3,1,9,09,11,4,1,0,0,1,0,0,0,0
"POINT (8.565975445000049 49.431611357000101)",Unfall 93599 (2022) Kat:2, Licht: 0,93599,2,1,8,10,14,2,0,0,0,0,0,1,0,0
"POINT (8.553343045000080 49.491833239000101)",Unfall 93659 (2022) Kat:3, Licht: 0,93659,3,6,2,10,12,1,1,0,0,1,0,0,0,0
"POINT (8.578401257000049 49.446040670999999)",Unfall 93704 (2022) Kat:3, Licht: 0,93704,3,5,5,10,08,3,0,0,1,1,0,0,0,0
"POINT (8.519570396000059 49.516148391000101)",Unfall 93757 (2022) Kat:3, Licht: 0,93757,3,4,6,10,15,1,0,0,0,1,1,0,0,0
"POINT (8.524632023000040 49.465563144000001)",Unfall 93781 (2022) Kat:3, Licht: 0,93781,3,6,2,10,15,6,0,0,0,1,0,0,0,0
"POINT (8.544176388000039 49.424732351000003)",Unfall 93802 (2022) Kat:3, Licht: 0,93802,3,6,2,09,17,4,0,0,0,1,0,0,0,0
"POINT (8.477976702000030 49.517637674000099)",Unfall 93832 (2022) Kat:2, Licht: 0,93832,2,6,3,10,12,7,1,0,0,1,0,0,0,0
"POINT (8.480837106000020 49.522087921000001)",Unfall 93841 (2022) Kat:3, Licht: 2,93841,3,1,0,10,07,6,1,2,0,0,0,1,0,0
"POINT (8.473742942000060 49.479601456000097)",Unfall 93947 (2022) Kat:3, Licht: 2,93947,3,6,2,11,06,6,1,2,0,1,0,0,0,0
"POINT (8.456077689000040 49.488771810999999)",Unfall 93960 (2022) Kat:3, Licht: 2,93960,3,6,3,11,17,7,0,2,0,1,0,1,0,0
"POINT (8.548780652000060 49.486333936000101)",Unfall 94030 (2022) Kat:3, Licht: 1,94030,3,6,2,11,07,5,1,1,0,1,0,0,1,0
"POINT (8.482273648000049 49.491855420999997)",Unfall 94048 (2022) Kat:3, Licht: 2,94048,3,6,2,11,18,3,1,2,0,1,0,0,0,0
"POINT (8.471786977000020 49.512195892000101)",Unfall 94090 (2022) Kat:3, Licht: 0,94090,3,1,0,11,14,2,0,0,0,0,0,1,0,0
"POINT (8.556085374000080 49.471480057000100)",Unfall 94125 (2022) Kat:3, Licht: 2,94125,3,4,6,11,17,3,1,2,0,1,1,0,0,0
"POINT (8.488827739000040 49.528743388000102)",Unfall 94157 (2022) Kat:3, Licht: 0,94157,3,2,4,11,12,2,0,0,1,1,0,0,0,0
"POINT (8.553093169000020 49.492209790000103)",Unfall 94178 (2022) Kat:3, Licht: 2,94178,3,2,0,11,20,1,1,2,0,1,0,1,0,0
"POINT (8.449008465000080 49.550343342000097)",Unfall 94186 (2022) Kat:3, Licht: 2,94186,3,3,5,11,05,5,1,2,0,1,0,1,0,0
"POINT (8.569274397000070 49.439614758000097)",Unfall 94268 (2022) Kat:3, Licht: 0,94268,3,3,5,11,08,3,1,0,0,1,0,0,0,0
"POINT (8.485681851000040 49.530149307000002)",Unfall 94314 (2022) Kat:3, Licht: 2,94314,3,2,5,11,20,7,0,2,1,1,0,0,0,0
"POINT (8.543635594000021 49.481967924999999)",Unfall 94374 (2022) Kat:3, Licht: 2,94374,3,7,4,11,18,2,0,2,0,1,0,0,0,0
"POINT (8.487998474000049 49.529108380000103)",Unfall 94402 (2022) Kat:3, Licht: 0,94402,3,2,5,11,08,4,0,0,1,0,0,0,0,1
"POINT (8.505964841000040 49.506940374000102)",Unfall 94423 (2022) Kat:2, Licht: 1,94423,2,3,5,11,07,6,1,1,1,1,0,0,0,0
"POINT (8.471404395000040 49.481427244000002)",Unfall 94438 (2022) Kat:3, Licht: 0,94438,3,6,2,11,11,3,0,0,0,1,0,0,0,0
"POINT (8.471996714000060 49.536915567999998)",Unfall 94468 (2022) Kat:3, Licht: 2,94468,3,6,3,11,06,2,0,2,0,1,0,0,1,0
"POINT (8.525378056000021 49.495270771000001)",Unfall 94522 (2022) Kat:3, Licht: 0,94522,3,2,4,11,15,4,0,0,0,1,0,0,0,0
"POINT (8.455880301000040 49.486793333000001)",Unfall 94523 (2022) Kat:3, Licht: 2,94523,3,4,6,11,17,5,1,2,0,1,1,0,0,0
"POINT (8.491501941000021 49.477647619000003)",Unfall 94707 (2022) Kat:2, Licht: 2,94707,2,4,6,11,18,6,0,2,1,0,1,0,0,0
"POINT (8.471054649000051 49.481203105000098)",Unfall 94720 (2022) Kat:3, Licht: 2,94720,3,3,5,11,05,4,1,2,0,1,0,0,0,1
"POINT (8.445600095000030 49.557774127000101)",Unfall 94750 (2022) Kat:3, Licht: 0,94750,3,3,5,11,14,6,0,0,0,1,0,0,0,0
"POINT (8.480637546000031 49.489492857000101)",Unfall 94751 (2022) Kat:2, Licht: 2,94751,2,6,0,11,03,7,0,2,1,0,0,0,0,1
"POINT (8.497017341000060 49.525771571000099)",Unfall 94784 (2022) Kat:3, Licht: 2,94784,3,6,1,11,18,3,1,2,0,1,0,0,0,0
"POINT (8.449032746000061 49.550321255000000)",Unfall 94826 (2022) Kat:3, Licht: 0,94826,3,3,5,11,10,2,0,0,1,0,0,0,1,0
"POINT (8.560622241000029 49.510717427000003)",Unfall 94850 (2022) Kat:3, Licht: 2,94850,3,6,3,11,18,4,0,2,0,1,0,0,0,0
"POINT (8.518378234000069 49.484802412000100)",Unfall 94923 (2022) Kat:3, Licht: 0,94923,3,6,2,11,08,4,1,0,0,1,0,1,0,0
"POINT (8.475200906000049 49.496428557999998)",Unfall 94936 (2022) Kat:3, Licht: 2,94936,3,3,5,11,02,1,0,2,0,1,0,0,0,0
"POINT (8.488190152000071 49.497594718000101)",Unfall 94944 (2022) Kat:3, Licht: 2,94944,3,3,5,11,17,4,0,2,1,1,0,0,0,0
"POINT (8.518275973000071 49.467810323000002)",Unfall 95111 (2022) Kat:3, Licht: 0,95111,3,6,2,11,16,2,0,0,0,1,0,0,0,0
"POINT (8.500144941000030 49.524495660000099)",Unfall 95224 (2022) Kat:3, Licht: 2,95224,3,4,6,12,18,3,0,2,0,1,1,0,0,0
"POINT (8.554011830000039 49.493267566000000)",Unfall 95403 (2022) Kat:3, Licht: 0,95403,3,6,4,12,11,5,0,0,0,1,0,0,0,0
"POINT (8.569755092000040 49.448944619000002)",Unfall 95474 (2022) Kat:3, Licht: 1,95474,3,2,5,12,06,2,1,1,0,1,0,0,0,1
"POINT (8.510505554000080 49.462005822000002)",Unfall 95672 (2022) Kat:3, Licht: 2,95672,3,6,2,12,18,6,1,2,0,1,0,0,0,0
"POINT (8.447509274000030 49.553910305000002)",Unfall 95877 (2022) Kat:3, Licht: 2,95877,3,7,1,12,21,7,0,2,0,1,0,0,0,0
"POINT (8.475505646000039 49.474925120000101)",Unfall 95912 (2022) Kat:3, Licht: 2,95912,3,6,2,12,16,6,1,2,0,1,0,0,0,0
"POINT (8.535254792000050 49.462842298000098)",Unfall 95914 (2022) Kat:3, Licht: 0,95914,3,1,9,12,15,7,1,0,0,1,0,0,0,0
"POINT (8.540604813000069 49.462684105999998)",Unfall 95962 (2022) Kat:3, Licht: 0,95962,3,6,2,12,14,6,1,0,0,1,0,0,0,1
"POINT (8.516059625000031 49.464844577000100)",Unfall 96005 (2022) Kat:3, Licht: 2,96005,3,6,2,12,19,3,0,2,0,1,0,0,0,0
"POINT (8.550106562000050 49.488678823999997)",Unfall 96150 (2022) Kat:3, Licht: 2,96150,3,3,3,12,05,6,0,2,0,1,0,0,0,0
"POINT (8.551062283000020 49.491748168000100)",Unfall 96250 (2022) Kat:3, Licht: 2,96250,3,6,2,12,21,7,2,2,0,1,0,0,0,0
"POINT (8.487168213000070 49.475119607000103)",Unfall 96439 (2022) Kat:3, Licht: 0,96439,3,2,5,12,10,2,0,0,1,0,0,0,0,1
"POINT (8.546556763000069 49.496538348999998)",Unfall 195173 (2022) Kat:3, Licht: 0,195173,3,3,5,01,15,6,0,0,1,1,0,0,0,0
"POINT (8.531292522000060 49.479967842000100)",Unfall 195204 (2022) Kat:3, Licht: 1,195204,3,6,1,01,07,3,1,1,0,1,0,0,0,0
"POINT (8.493827229000029 49.528852548000003)",Unfall 195273 (2022) Kat:3, Licht: 0,195273,3,3,5,01,15,6,0,0,0,1,0,0,0,0
"POINT (8.525305993000069 49.473669262000001)",Unfall 195341 (2022) Kat:3, Licht: 0,195341,3,3,0,02,17,4,0,0,1,1,0,0,0,0
"POINT (8.469945040000029 49.491260108000098)",Unfall 195343 (2022) Kat:3, Licht: 1,195343,3,7,6,02,18,2,0,1,0,1,1,0,0,0
"POINT (8.520572623000019 49.494692495999999)",Unfall 195378 (2022) Kat:3, Licht: 0,195378,3,3,5,01,08,6,1,0,0,1,0,0,0,0
"POINT (8.526754791000030 49.507331802000103)",Unfall 195421 (2022) Kat:3, Licht: 0,195421,3,2,5,02,10,7,0,0,0,1,0,0,0,0
"POINT (8.478083491000060 49.546976954000101)",Unfall 195513 (2022) Kat:3, Licht: 0,195513,3,3,5,02,15,1,1,0,0,1,0,0,0,0
"POINT (8.470835591000030 49.490911031000103)",Unfall 195521 (2022) Kat:3, Licht: 2,195521,3,6,2,01,18,7,0,2,1,1,0,0,0,0
"POINT (8.482077070000059 49.523454884000003)",Unfall 195546 (2022) Kat:3, Licht: 2,195546,3,6,4,01,17,4,0,2,1,0,0,0,0,0
"POINT (8.467065661000049 49.502994006000101)",Unfall 195548 (2022) Kat:3, Licht: 2,195548,3,3,5,01,17,7,0,2,0,1,0,0,0,0
"POINT (8.490138813000041 49.478316237000101)",Unfall 195552 (2022) Kat:2, Licht: 0,195552,2,2,4,01,07,7,0,0,1,1,0,0,0,0
"POINT (8.509081383000019 49.519232625000001)",Unfall 195554 (2022) Kat:3, Licht: 0,195554,3,6,2,02,15,2,0,0,0,1,0,0,0,0
"POINT (8.506776302000050 49.502266595000002)",Unfall 195565 (2022) Kat:3, Licht: 2,195565,3,5,1,01,05,5,0,2,0,1,0,1,0,0
"POINT (8.496637694000070 49.530656470000103)",Unfall 195591 (2022) Kat:3, Licht: 0,195591,3,4,6,01,14,7,0,0,1,0,1,0,0,0
"POINT (8.482049361000071 49.478904714000102)",Unfall 195595 (2022) Kat:3, Licht: 0,195595,3,3,5,01,08,5,0,0,1,1,0,0,0,0
"POINT (8.457183073000071 49.551392984000103)",Unfall 195598 (2022) Kat:3, Licht: 0,195598,3,2,4,02,11,7,0,0,1,1,0,0,0,0
"POINT (8.471552820000060 49.472273821999998)",Unfall 195600 (2022) Kat:3, Licht: 0,195600,3,7,0,01,16,3,0,0,1,0,0,0,0,0
"POINT (8.481753429000040 49.531941666000101)",Unfall 195602 (2022) Kat:3, Licht: 2,195602,3,4,0,01,06,4,1,2,0,0,1,0,0,1
"POINT (8.482781155000049 49.495992475999998)",Unfall 195610 (2022) Kat:3, Licht: 0,195610,3,3,5,01,16,5,1,0,0,1,0,0,0,0
"POINT (8.489117669000050 49.528892644999999)",Unfall 195612 (2022) Kat:3, Licht: 0,195612,3,5,1,01,07,3,0,0,0,1,0,0,0,0
"POINT (8.554484297000039 49.466394235000102)",Unfall 195636 (2022) Kat:3, Licht: 0,195636,3,7,4,01,09,2,0,0,0,1,0,0,0,0
"POINT (8.502657061000040 49.449205792000001)",Unfall 195665 (2022) Kat:3, Licht: 1,195665,3,2,4,02,17,2,0,1,1,1,0,0,0,0
"POINT (8.495543458000039 49.453062500999998)",Unfall 195693 (2022) Kat:3, Licht: 0,195693,3,6,3,01,14,4,0,0,0,1,0,0,0,0
"POINT (8.489604338000049 49.505398238000097)",Unfall 195722 (2022) Kat:3, Licht: 1,195722,3,5,5,01,17,4,0,1,1,1,0,0,0,0
"POINT (8.470239744000031 49.503496074000097)",Unfall 195725 (2022) Kat:3, Licht: 2,195725,3,4,0,02,20,4,0,2,0,0,1,0,0,1
"POINT (8.469482471000051 49.464770621000099)",Unfall 195730 (2022) Kat:3, Licht: 2,195730,3,2,6,01,20,5,1,2,0,0,1,0,0,1
"POINT (8.493767621000069 49.456395645000001)",Unfall 195746 (2022) Kat:3, Licht: 0,195746,3,3,5,01,13,7,0,0,1,1,0,0,0,0
"POINT (8.471171291000079 49.479321153000100)",Unfall 195773 (2022) Kat:3, Licht: 2,195773,3,4,6,01,21,4,0,2,0,1,1,0,0,0
"POINT (8.466332594000050 49.484256591000097)",Unfall 195800 (2022) Kat:3, Licht: 2,195800,3,3,5,02,18,7,0,2,0,1,0,0,0,0
"POINT (8.475422374000059 49.485046887000102)",Unfall 195807 (2022) Kat:2, Licht: 1,195807,2,2,6,01,17,6,0,1,0,1,1,0,0,0
"POINT (8.509479195000040 49.445931335000097)",Unfall 195830 (2022) Kat:3, Licht: 1,195830,3,2,5,02,07,4,0,1,0,1,0,0,0,0
"POINT (8.503488124000061 49.503056164000000)",Unfall 195860 (2022) Kat:3, Licht: 0,195860,3,3,1,01,13,6,0,0,1,0,0,0,0,1
"POINT (8.447268538000060 49.541668496000099)",Unfall 195867 (2022) Kat:3, Licht: 0,195867,3,3,5,01,15,2,0,0,1,1,0,0,0,0
"POINT (8.471787688000060 49.492972059000103)",Unfall 195874 (2022) Kat:3, Licht: 0,195874,3,6,2,01,12,1,0,0,0,1,0,0,0,0
"POINT (8.479084766000030 49.489820062000000)",Unfall 195880 (2022) Kat:3, Licht: 2,195880,3,6,1,02,17,4,0,2,0,1,0,0,0,0
"POINT (8.475433268000071 49.486020591000099)",Unfall 195884 (2022) Kat:3, Licht: 2,195884,3,7,0,01,20,6,1,2,0,0,0,1,0,1
"POINT (8.475573530000080 49.496290836000099)",Unfall 195887 (2022) Kat:3, Licht: 0,195887,3,7,0,01,13,4,0,0,0,1,1,0,0,0
"POINT (8.498093214000050 49.450918946999998)",Unfall 195928 (2022) Kat:3, Licht: 0,195928,3,6,1,02,13,4,0,0,0,1,0,1,0,0
"POINT (8.457162852000071 49.551388047000003)",Unfall 195955 (2022) Kat:3, Licht: 2,195955,3,2,5,02,18,2,0,2,0,1,0,0,0,0
"POINT (8.485973191000030 49.525773729000001)",Unfall 196010 (2022) Kat:3, Licht: 2,196010,3,5,1,02,20,5,0,2,1,1,0,0,0,0
"POINT (8.488463410000071 49.527871375000103)",Unfall 196025 (2022) Kat:3, Licht: 0,196025,3,2,2,01,11,3,1,0,0,1,0,0,0,0
"POINT (8.457014927000049 49.493728754000102)",Unfall 196067 (2022) Kat:3, Licht: 0,196067,3,4,6,02,16,3,0,0,0,0,1,0,0,1
"POINT (8.470045996000071 49.505533032000102)",Unfall 196076 (2022) Kat:2, Licht: 0,196076,2,4,6,01,15,6,0,0,0,1,1,0,0,0
"POINT (8.483915603000071 49.468624134999999)",Unfall 196082 (2022) Kat:3, Licht: 2,196082,3,7,3,02,18,3,1,2,0,1,0,0,0,1
"POINT (8.455598707000039 49.486992151000003)",Unfall 196102 (2022) Kat:2, Licht: 0,196102,2,2,5,01,14,2,0,0,0,1,0,0,1,0
"POINT (8.485925104000049 49.513348593000003)",Unfall 196104 (2022) Kat:3, Licht: 0,196104,3,7,0,02,07,3,0,0,0,0,0,1,0,0
"POINT (8.470894950000060 49.501215968000103)",Unfall 196109 (2022) Kat:3, Licht: 2,196109,3,7,3,01,17,7,0,2,0,1,0,0,0,1
"POINT (8.463919833000030 49.485177609000097)",Unfall 196119 (2022) Kat:3, Licht: 0,196119,3,2,5,02,13,3,0,0,0,1,0,0,0,1
"POINT (8.469920663000041 49.504741830000100)",Unfall 196134 (2022) Kat:3, Licht: 2,196134,3,6,3,01,00,1,0,2,0,1,0,0,0,0
"POINT (8.468761358000050 49.491789834000002)",Unfall 196145 (2022) Kat:3, Licht: 0,196145,3,6,3,01,10,2,0,0,1,1,0,0,0,0
"POINT (8.472264018000031 49.488219785000098)",Unfall 196154 (2022) Kat:3, Licht: 2,196154,3,4,6,01,17,4,0,2,0,1,1,0,0,0
"POINT (8.464853852000029 49.486294106000102)",Unfall 196216 (2022) Kat:3, Licht: 0,196216,3,3,6,03,17,3,0,0,0,0,1,0,0,1
"POINT (8.479494039000031 49.497858237999999)",Unfall 196224 (2022) Kat:3, Licht: 0,196224,3,7,0,03,16,5,0,0,1,0,0,0,0,0
"POINT (8.549376584000070 49.489789057999999)",Unfall 196230 (2022) Kat:3, Licht: 0,196230,3,1,0,02,16,3,1,0,0,0,0,1,0,0
"POINT (8.470410114000060 49.502767851999998)",Unfall 196232 (2022) Kat:3, Licht: 0,196232,3,6,1,03,12,4,0,0,0,1,0,0,0,0
"POINT (8.541599500000070 49.519911482000097)",Unfall 196240 (2022) Kat:3, Licht: 0,196240,3,1,0,03,16,4,0,0,0,0,0,1,0,0
"POINT (8.485990571000061 49.473737610000100)",Unfall 196313 (2022) Kat:3, Licht: 0,196313,3,6,0,03,11,3,0,0,0,0,0,0,0,1
"POINT (8.536843683000029 49.518623816999998)",Unfall 196362 (2022) Kat:3, Licht: 0,196362,3,6,0,03,07,3,0,0,0,1,0,0,0,1
"POINT (8.470548478000071 49.487906608000102)",Unfall 196402 (2022) Kat:3, Licht: 0,196402,3,4,6,02,12,5,0,0,0,1,1,0,0,0
"POINT (8.488098570000030 49.529047290000101)",Unfall 196411 (2022) Kat:3, Licht: 0,196411,3,3,5,03,13,4,0,0,1,1,0,0,0,0
"POINT (8.472968194000030 49.492409756000001)",Unfall 196415 (2022) Kat:3, Licht: 0,196415,3,2,3,02,16,2,0,0,0,1,0,0,0,1
"POINT (8.467526199000080 49.490456854000101)",Unfall 196422 (2022) Kat:3, Licht: 0,196422,3,5,3,03,11,7,0,0,1,1,0,0,0,0
"POINT (8.491454201000071 49.496979402000100)",Unfall 196455 (2022) Kat:3, Licht: 0,196455,3,4,6,03,17,6,0,0,0,0,1,0,0,1