WKT,Name,OBJECTID,UKATEGORIE,UTYP1,UART,UMONAT,USTUNDE,UWOCHENTAG,STRZUSTAND,ULICHTVERH,ISTRAD,ISTPKW,ISTFUSS,ISTKRAD,ISTGKFZ,ISTSONSTIG
"POINT (8.475203466000041 49.496604828000002)",Unfall 196457 (2022) Kat:2, Licht: 0,196457,2,5,0,03,11,7,0,0,1,1,0,0,0,0
"POINT (8.472465655000059 49.497206341999998)",Unfall 196474 (2022) Kat:3, Licht: 0,196474,3,6,2,03,08,5,0,0,0,0,0,0,0,1
"POINT (8.470624583000070 49.508669924000102)",Unfall 196483 (2022) Kat:3, Licht: 2,196483,3,3,5,02,02,1,0,2,0,1,0,0,0,0
"POINT (8.470346255000040 49.508638881000103)",Unfall 196497 (2022) Kat:3, Licht: 0,196497,3,5,3,03,12,1,0,0,1,1,0,0,0,0
"POINT (8.488052554000030 49.502042280000097)",Unfall 196509 (2022) Kat:2, Licht: 2,196509,2,4,6,03,20,7,0,2,0,1,1,0,0,0
"POINT (8.455700853000049 49.486980947000099)",Unfall 196525 (2022) Kat:3, Licht: 0,196525,3,2,3,02,10,6,0,0,1,0,0,0,1,0
"POINT (8.449854168000060 49.555586317000099)",Unfall 196526 (2022) Kat:3, Licht: 0,196526,3,6,1,03,17,5,0,0,0,1,0,0,0,0
"POINT (8.531762998000030 49.432288933000102)",Unfall 196532 (2022) Kat:3, Licht: 0,196532,3,3,5,03,08,4,1,0,0,1,0,0,0,0
"POINT (8.473569632000020 49.484208001000098)",Unfall 196576 (2022) Kat:3, Licht: 0,196576,3,7,0,03,08,6,1,0,0,0,1,0,0,1
"POINT (8.465823132000031 49.487336565000099)",Unfall 196587 (2022) Kat:3, Licht: 0,196587,3,1,0,03,16,6,0,0,0,0,0,0,0,1
"POINT (8.487719261000050 49.488452324999997)",Unfall 196603 (2022) Kat:2, Licht: 0,196603,2,6,5,03,07,3,0,0,0,1,0,0,0,0
"POINT (8.537287539000030 49.454557047000002)",Unfall 196617 (2022) Kat:3, Licht: 0,196617,3,4,0,03,12,7,0,0,1,0,1,0,0,0
"POINT (8.489413261000040 49.495752391000103)",Unfall 196626 (2022) Kat:3, Licht: 0,196626,3,2,5,02,17,4,0,0,1,1,0,0,0,0
"POINT (8.469919059000061 49.481616922000100)",Unfall 196629 (2022) Kat:3, Licht: 0,196629,3,6,1,02,16,2,1,0,0,1,0,0,0,0
"POINT (8.507970495000050 49.512184050000002)",Unfall 196632 (2022) Kat:3, Licht: 0,196632,3,6,1,02,08,3,0,0,0,1,0,1,0,0
"POINT (8.469328981000050 49.487448295000000)",Unfall 196635 (2022) Kat:3, Licht: 0,196635,3,2,3,03,18,3,0,0,1,1,0,0,0,0
"POINT (8.523506754000040 49.438539825000099)",Unfall 196643 (2022) Kat:3, Licht: 2,196643,3,3,5,03,23,5,0,2,0,1,0,0,0,0
"POINT (8.528265206000070 49.512004650999998)",Unfall 196649 (2022) Kat:3, Licht: 0,196649,3,3,5,02,17,3,0,0,0,1,0,0,0,0
"POINT (8.477676875000039 49.478426632999998)",Unfall 196652 (2022) Kat:2, Licht: 0,196652,2,2,6,03,15,6,0,0,0,1,1,0,0,0
"POINT (8.527658378000069 49.508272846000096)",Unfall 196657 (2022) Kat:3, Licht: 0,196657,3,3,5,03,13,7,0,0,0,1,0,1,0,0
"POINT (8.562119294000070 49.460817820000003)",Unfall 196659 (2022) Kat:3, Licht: 0,196659,3,7,1,02,14,4,0,0,0,1,0,0,0,0
"POINT (8.449621931000021 49.549567764000102)",Unfall 196685 (2022) Kat:3, Licht: 0,196685,3,7,1,02,15,1,0,0,0,1,0,0,0,0
"POINT (8.496184929000041 49.503868662999999)",Unfall 196694 (2022) Kat:3, Licht: 0,196694,3,1,0,03,15,6,0,0,1,0,0,0,0,0
"POINT (8.478063983000030 49.489966279000001)",Unfall 196736 (2022) Kat:3, Licht: 0,196736,3,2,4,03,08,5,0,0,1,1,0,0,0,0
"POINT (8.487233690000039 49.522152071000100)",Unfall 196764 (2022) Kat:3, Licht: 0,196764,3,6,2,02,13,6,0,0,0,1,0,0,0,0
"POINT (8.491942728000030 49.515432828000002)",Unfall 196768 (2022) Kat:3, Licht: 0,196768,3,3,5,03,15,2,0,0,1,1,0,0,0,0
"POINT (8.464005105000069 49.475182946000103)",Unfall 196861 (2022) Kat:3, Licht: 0,196861,3,1,0,03,17,4,0,0,1,0,0,0,0,0
"POINT (8.472325773000019 49.497046625000102)",Unfall 196863 (2022) Kat:3, Licht: 0,196863,3,4,6,02,08,6,0,0,0,1,1,0,0,0
"POINT (8.471702742000049 49.492629690999998)",Unfall 196869 (2022) Kat:3, Licht: 0,196869,3,3,5,03,12,7,0,0,1,0,0,1,0,0
"POINT (8.481086240000019 49.539125480999999)",Unfall 196886 (2022) Kat:3, Licht: 0,196886,3,3,5,03,09,3,0,0,1,1,0,0,0,0
"POINT (8.516215312000041 49.507447403000100)",Unfall 196888 (2022) Kat:3, Licht: 0,196888,3,7,6,03,14,2,0,0,0,1,1,0,0,0
"POINT (8.501070104000060 49.452856494000102)",Unfall 196892 (2022) Kat:3, Licht: 2,196892,3,5,1,03,23,5,0,2,0,1,0,1,0,0
"POINT (8.528250888000059 49.506173355000001)",Unfall 196897 (2022) Kat:3, Licht: 0,196897,3,6,1,03,13,7,0,0,0,1,0,0,0,1
"POINT (8.470894243000030 49.501994693000000)",Unfall 196904 (2022) Kat:3, Licht: 0,196904,3,3,5,03,13,4,0,0,1,1,0,0,0,0
"POINT (8.463425662000081 49.489660063000002)",Unfall 196918 (2022) Kat:3, Licht: 2,196918,3,3,5,02,21,3,0,2,0,1,0,0,0,0
"POINT (8.487265720000041 49.455324760000103)",Unfall 196951 (2022) Kat:3, Licht: 0,196951,3,1,0,03,15,4,0,0,1,0,0,0,0,0
"POINT (8.570070602000040 49.456710022000003)",Unfall 196966 (2022) Kat:3, Licht: 0,196966,3,6,2,03,07,6,0,0,0,1,0,0,0,0
"POINT (8.488376631000049 49.500290829999997)",Unfall 197010 (2022) Kat:3, Licht: 0,197010,3,6,3,03,12,6,0,0,1,0,0,0,0,0
"POINT (8.575925460000059 49.446840014000003)",Unfall 197014 (2022) Kat:3, Licht: 2,197014,3,2,5,03,21,6,0,2,0,1,0,0,0,0
"POINT (8.501308914000051 49.489264419000101)",Unfall 197059 (2022) Kat:3, Licht: 2,197059,3,1,0,02,05,3,0,2,0,0,0,0,0,1
"POINT (8.484941174000030 49.484451708000101)",Unfall 197062 (2022) Kat:3, Licht: 0,197062,3,3,5,03,15,3,0,0,1,0,0,0,0,1
"POINT (8.463733227000031 49.488796237000003)",Unfall 197066 (2022) Kat:3, Licht: 0,197066,3,3,5,02,15,4,0,0,0,1,0,0,0,1
"POINT (8.488172331000040 49.463533815000098)",Unfall 197126 (2022) Kat:3, Licht: 0,197126,3,4,6,03,12,4,0,0,0,1,1,0,0,0
"POINT (8.473600483000039 49.491977136000102)",Unfall 197173 (2022) Kat:3, Licht: 1,197173,3,4,6,03,20,4,0,1,0,1,1,0,0,0
"POINT (8.447139895000021 49.542636527000099)",Unfall 197182 (2022) Kat:3, Licht: 0,197182,3,5,1,03,15,7,0,0,1,1,0,0,0,0
"POINT (8.481418745000040 49.475023675999999)",Unfall 197183 (2022) Kat:3, Licht: 0,197183,3,5,1,03,17,3,0,0,1,1,0,0,0,0
"POINT (8.466316013000039 49.484262721999997)",Unfall 197200 (2022) Kat:3, Licht: 0,197200,3,3,5,03,15,4,0,0,0,1,0,0,0,0
"POINT (8.537091247000030 49.483856578000001)",Unfall 197204 (2022) Kat:3, Licht: 0,197204,3,3,5,02,15,2,0,0,1,1,0,0,0,0
"POINT (8.510140282000069 49.516950612000102)",Unfall 197232 (2022) Kat:3, Licht: 2,197232,3,3,5,04,21,1,0,2,0,1,0,0,0,0
"POINT (8.470498479000071 49.483761481000002)",Unfall 197244 (2022) Kat:3, Licht: 0,197244,3,6,0,03,17,1,0,0,1,1,0,0,0,0
"POINT (8.481485259000070 49.527860169000100)",Unfall 197305 (2022) Kat:3, Licht: 0,197305,3,3,5,04,06,6,0,0,1,1,0,0,0,0
"POINT (8.569080975000080 49.461300307000002)",Unfall 197331 (2022) Kat:3, Licht: 0,197331,3,6,2,03,14,7,0,0,0,1,0,0,0,0
"POINT (8.478504643000059 49.477611232000100)",Unfall 197369 (2022) Kat:3, Licht: 0,197369,3,6,1,04,14,1,0,0,1,1,0,0,0,0
"POINT (8.484872875000059 49.535632686000000)",Unfall 197372 (2022) Kat:2, Licht: 0,197372,2,4,6,04,14,5,0,0,0,0,1,1,0,0
"POINT (8.451289386000040 49.537785261000103)",Unfall 197376 (2022) Kat:3, Licht: 2,197376,3,6,3,03,00,3,0,2,0,1,0,1,0,0
"POINT (8.490808563000030 49.530899521999999)",Unfall 197386 (2022) Kat:3, Licht: 0,197386,3,1,0,04,11,5,0,0,1,0,0,0,0,0
"POINT (8.484436475000050 49.483166806000000)",Unfall 197398 (2022) Kat:3, Licht: 0,197398,3,3,5,04,15,6,1,0,0,1,0,0,0,0
"POINT (8.488154211000049 49.463557083000097)",Unfall 197435 (2022) Kat:3, Licht: 0,197435,3,4,6,04,16,5,0,0,0,1,1,0,0,0
"POINT (8.484308016000060 49.468127772999999)",Unfall 197445 (2022) Kat:3, Licht: 0,197445,3,3,5,03,16,1,0,0,1,1,0,0,0,0
"POINT (8.491845262000030 49.477914689999999)",Unfall 197456 (2022) Kat:3, Licht: 2,197456,3,3,5,04,21,4,0,2,0,1,0,0,0,0
"POINT (8.502488216000071 49.533776035000102)",Unfall 197489 (2022) Kat:3, Licht: 0,197489,3,3,5,04,12,2,0,0,0,1,0,0,0,0
"POINT (8.490729840000030 49.483060197000000)",Unfall 197501 (2022) Kat:3, Licht: 0,197501,3,3,5,04,15,4,0,0,1,1,0,0,0,0
"POINT (8.478665098000020 49.497958699999998)",Unfall 197503 (2022) Kat:3, Licht: 0,197503,3,3,5,04,15,3,0,0,1,1,0,0,0,0
"POINT (8.475997449000030 49.496921438000101)",Unfall 197523 (2022) Kat:2, Licht: 2,197523,2,1,0,03,02,5,0,2,0,0,0,0,0,1
"POINT (8.483356162000060 49.513596077000003)",Unfall 197550 (2022) Kat:3, Licht: 1,197550,3,6,1,04,04,6,0,1,0,1,0,0,0,0
"POINT (8.468867579000060 49.487561678000098)",Unfall 197567 (2022) Kat:3, Licht: 2,197567,3,5,1,04,00,1,0,2,1,1,0,0,0,0
"POINT (8.476368359000050 49.484687187000098)",Unfall 197579 (2022) Kat:3, Licht: 0,197579,3,2,5,04,17,1,0,0,1,1,0,0,0,0
"POINT (8.496069623000039 49.529934255000100)",Unfall 197615 (2022) Kat:2, Licht: 0,197615,2,3,5,04,17,4,0,0,0,1,0,0,0,1
"POINT (8.456916313000020 49.491533205000103)",Unfall 197616 (2022) Kat:3, Licht: 0,197616,3,1,8,04,15,5,0,0,1,0,0,0,0,0
"POINT (8.478950492000020 49.482898392999999)",Unfall 197619 (2022) Kat:3, Licht: 0,197619,3,1,0,04,20,1,0,0,1,0,0,0,0,0
"POINT (8.552567859000019 49.468951023000002)",Unfall 197622 (2022) Kat:3, Licht: 0,197622,3,3,5,03,06,6,0,0,1,1,0,0,0,0
"POINT (8.466682447000039 49.481522305000098)",Unfall 197669 (2022) Kat:2, Licht: 0,197669,2,7,0,04,13,4,0,0,0,0,0,0,0,1
"POINT (8.485074866000049 49.455749402999999)",Unfall 197734 (2022) Kat:3, Licht: 0,197734,3,3,5,04,16,5,0,0,0,1,0,0,0,0
"POINT (8.483196368000050 49.479851861000000)",Unfall 197778 (2022) Kat:2, Licht: 0,197778,2,7,4,03,16,5,0,0,1,1,0,0,0,0
"POINT (8.497422160000040 49.453509017000002)",Unfall 197826 (2022) Kat:3, Licht: 0,197826,3,5,1,04,16,5,0,0,1,1,0,0,0,0
"POINT (8.473045020000029 49.495061312000097)",Unfall 197876 (2022) Kat:3, Licht: 0,197876,3,6,3,04,14,6,0,0,0,1,0,0,0,1
"POINT (8.528584318000069 49.507578422999998)",Unfall 197884 (2022) Kat:2, Licht: 2,197884,2,4,6,04,21,5,0,2,0,1,1,0,0,0
"POINT (8.476509104000060 49.479246260000103)",Unfall 197888 (2022) Kat:3, Licht: 0,197888,3,4,6,03,13,4,1,0,0,1,1,0,0,0
"POINT (8.481047126000020 49.481759906999997)",Unfall 197946 (2022) Kat:3, Licht: 0,197946,3,6,3,04,16,2,0,0,0,0,0,1,0,1
"POINT (8.453552424000071 49.486117661000002)",Unfall 197952 (2022) Kat:3, Licht: 2,197952,3,1,8,04,23,4,0,2,0,1,0,0,0,0
"POINT (8.445810679000029 49.544198822000098)",Unfall 197991 (2022) Kat:3, Licht: 0,197991,3,3,5,04,15,3,0,0,1,1,0,0,0,0
"POINT (8.523869987000070 49.488339853000099)",Unfall 198026 (2022) Kat:3, Licht: 0,198026,3,6,2,04,09,4,0,0,0,1,0,0,0,0
"POINT (8.488049110000080 49.522877307999998)",Unfall 198062 (2022) Kat:3, Licht: 0,198062,3,3,0,04,15,5,0,0,0,1,1,0,0,0
"POINT (8.477279838000070 49.454001750000003)",Unfall 198063 (2022) Kat:3, Licht: 0,198063,3,3,5,04,12,4,0,0,1,1,0,0,0,0
"POINT (8.486316307000040 49.474362188999997)",Unfall 198105 (2022) Kat:3, Licht: 0,198105,3,3,5,03,11,7,0,0,1,1,0,0,0,0
"POINT (8.464255002000071 49.518194817999998)",Unfall 198108 (2022) Kat:3, Licht: 0,198108,3,6,2,04,13,6,1,0,0,1,0,0,1,0
"POINT (8.487196460000060 49.513019512000000)",Unfall 198113 (2022) Kat:3, Licht: 0,198113,3,6,1,03,14,6,0,0,0,1,0,0,0,0
"POINT (8.471284746000039 49.479364832999998)",Unfall 198133 (2022) Kat:3, Licht: 0,198133,3,7,0,04,13,5,0,0,1,1,0,0,0,0
"POINT (8.465898775000030 49.486839897000003)",Unfall 198182 (2022) Kat:3, Licht: 0,198182,3,4,0,03,17,4,0,0,0,0,1,0,0,1
"POINT (8.449453273000071 49.540712143000100)",Unfall 198221 (2022) Kat:2, Licht: 0,198221,2,3,5,04,06,5,0,0,1,0,0,0,0,1
"POINT (8.477281289000080 49.527251335000102)",Unfall 198223 (2022) Kat:3, Licht: 0,198223,3,4,6,04,13,3,0,0,0,1,1,0,0,0
"POINT (8.473650311000030 49.496798454000000)",Unfall 198245 (2022) Kat:2, Licht: 0,198245,2,4,6,05,18,6,0,0,0,1,1,0,0,0
"POINT (8.476706127000060 49.499772898000103)",Unfall 198257 (2022) Kat:3, Licht: 0,198257,3,7,0,05,18,1,1,0,1,1,0,0,0,0
"POINT (8.481630083000031 49.495585980999998)",Unfall 198265 (2022) Kat:3, Licht: 0,198265,3,7,6,05,08,3,0,0,1,0,1,0,0,0
"POINT (8.505171601000029 49.443302922000001)",Unfall 198274 (2022) Kat:3, Licht: 0,198274,3,7,0,04,07,2,0,0,1,0,0,0,0,0
"POINT (8.486470527000050 49.513211464000101)",Unfall 198303 (2022) Kat:3, Licht: 0,198303,3,6,1,05,14,4,0,0,0,1,0,0,0,0
"POINT (8.482107045000021 49.512413674000101)",Unfall 198319 (2022) Kat:2, Licht: 0,198319,2,3,5,05,15,2,0,0,1,1,0,0,0,0
"POINT (8.473698805000030 49.483763978000098)",Unfall 198329 (2022) Kat:3, Licht: 0,198329,3,2,5,04,16,4,0,0,1,0,0,1,0,0
"POINT (8.511994585000020 49.505249456999998)",Unfall 198349 (2022) Kat:3, Licht: 0,198349,3,6,2,05,14,6,0,0,1,1,0,0,0,0
"POINT (8.479925981000060 49.471662840000100)",Unfall 198364 (2022) Kat:2, Licht: 0,198364,2,7,0,05,18,1,0,0,1,0,0,0,0,0
"POINT (8.484555481000029 49.468036716000000)",Unfall 198371 (2022) Kat:3, Licht: 0,198371,3,3,5,05,16,6,0,0,1,1,0,0,0,0
"POINT (8.470355736000039 49.492260117999997)",Unfall 198373 (2022) Kat:3, Licht: 2,198373,3,7,0,05,00,7,0,2,1,0,0,0,0,0
"POINT (8.486810522000040 49.476349210000102)",Unfall 198381 (2022) Kat:3, Licht: 0,198381,3,2,5,05,16,4,0,0,1,1,0,0,0,0
"POINT (8.488771244000080 49.498304026000000)",Unfall 198423 (2022) Kat:3, Licht: 0,198423,3,3,5,05,15,2,0,0,1,1,0,0,0,0
"POINT (8.493840058000050 49.524398039000097)",Unfall 198429 (2022) Kat:3, Licht: 0,198429,3,2,5,05,10,5,0,0,0,1,0,0,0,0
"POINT (8.524538614000051 49.474476402999997)",Unfall 198441 (2022) Kat:3, Licht: 0,198441,3,3,0,05,14,3,0,0,1,1,0,0,0,0
"POINT (8.492388088000039 49.511748224000002)",Unfall 198545 (2022) Kat:3, Licht: 0,198545,3,6,2,05,14,2,0,0,0,1,0,0,0,0
"POINT (8.465500525000040 49.490934995000003)",Unfall 198556 (2022) Kat:3, Licht: 0,198556,3,5,1,05,19,7,0,0,1,1,0,0,0,1
"POINT (8.546499912000060 49.501722879000098)",Unfall 198561 (2022) Kat:3, Licht: 0,198561,3,2,5,05,14,5,0,0,1,1,0,0,0,0
"POINT (8.463928146000059 49.485174391000001)",Unfall 198563 (2022) Kat:3, Licht: 0,198563,3,7,5,05,06,3,0,0,1,1,0,0,0,0
"POINT (8.492145840000029 49.506756908000099)",Unfall 198569 (2022) Kat:2, Licht: 0,198569,2,1,9,04,08,5,0,0,1,0,0,0,0,0
"POINT (8.469820340000069 49.496599764000102)",Unfall 198572 (2022) Kat:3, Licht: 0,198572,3,1,0,04,07,3,1,0,1,0,0,0,0,0
"POINT (8.469825430000069 49.501417605000000)",Unfall 198585 (2022) Kat:3, Licht: 0,198585,3,5,1,04,14,6,0,0,1,1,0,0,0,0
"POINT (8.466326735000051 49.473618282000103)",Unfall 198593 (2022) Kat:3, Licht: 0,198593,3,5,1,05,13,2,0,0,1,1,0,0,0,0
"POINT (8.490288093000061 49.460799587000103)",Unfall 198627 (2022) Kat:3, Licht: 0,198627,3,2,5,05,14,6,0,0,0,1,0,0,0,1
"POINT (8.542944776000070 49.517440023000098)",Unfall 198633 (2022) Kat:3, Licht: 0,198633,3,6,2,04,16,4,0,0,0,1,0,0,0,0
"POINT (8.479081765000050 49.535504493000097)",Unfall 198641 (2022) Kat:2, Licht: 0,198641,2,3,5,05,15,2,0,0,0,1,0,1,1,0
"POINT (8.483212812000030 49.480917965000103)",Unfall 198649 (2022) Kat:3, Licht: 0,198649,3,6,2,04,07,5,0,0,0,1,0,0,0,0
"POINT (8.506065920000029 49.507620207999999)",Unfall 198748 (2022) Kat:3, Licht: 0,198748,3,7,3,05,13,1,0,0,0,1,0,1,0,0
"POINT (8.495531673000070 49.528278086999997)",Unfall 198750 (2022) Kat:3, Licht: 0,198750,3,3,5,05,08,4,0,0,0,1,0,0,0,1
"POINT (8.468793912000020 49.493871167000101)",Unfall 198756 (2022) Kat:3, Licht: 1,198756,3,6,2,05,21,6,0,1,0,1,0,0,0,0
"POINT (8.488302695000071 49.463594858000100)",Unfall 198771 (2022) Kat:3, Licht: 0,198771,3,2,3,05,15,6,0,0,1,0,0,0,1,0
"POINT (8.469839123000041 49.505714765000100)",Unfall 198775 (2022) Kat:3, Licht: 0,198775,3,5,1,05,08,3,0,0,0,1,0,0,0,0
"POINT (8.477285402000060 49.499489441999998)",Unfall 198797 (2022) Kat:3, Licht: 0,198797,3,3,5,04,18,2,0,0,0,1,0,1,0,0
"POINT (8.462841639000031 49.449499234000001)",Unfall 198920 (2022) Kat:3, Licht: 2,198920,3,7,7,05,21,4,0,2,1,0,0,0,0,1
"POINT (8.459903568000071 49.491047353000098)",Unfall 198930 (2022) Kat:3, Licht: 0,198930,3,5,1,05,12,2,0,0,1,1,0,0,0,0
"POINT (8.483700665000070 49.469399453999998)",Unfall 198939 (2022) Kat:3, Licht: 0,198939,3,6,2,05,12,3,0,0,0,1,0,0,0,0
"POINT (8.545907023000041 49.492277082999998)",Unfall 198943 (2022) Kat:2, Licht: 0,198943,2,7,0,05,15,1,0,0,1,0,0,0,0,0
"POINT (8.470520993000040 49.502140820000101)",Unfall 198986 (2022) Kat:3, Licht: 1,198986,3,6,4,05,21,3,0,1,1,0,0,0,0,1
"POINT (8.470099643000029 49.532478083999997)",Unfall 199014 (2022) Kat:3, Licht: 0,199014,3,2,5,05,05,6,0,0,0,1,0,0,0,1
"POINT (8.481764341000030 49.531953569999999)",Unfall 199047 (2022) Kat:1, Licht: 0,199047,1,2,3,05,10,3,0,0,1,0,0,0,1,0
"POINT (8.517294264000039 49.513033436000100)",Unfall 199061 (2022) Kat:3, Licht: 0,199061,3,7,0,05,11,5,0,0,0,1,0,0,0,1
"POINT (8.453824692000071 49.486335375000102)",Unfall 199104 (2022) Kat:3, Licht: 0,199104,3,2,2,05,15,2,0,0,1,1,0,0,0,0
"POINT (8.470093292000060 49.505527029000099)",Unfall 199112 (2022) Kat:3, Licht: 0,199112,3,4,6,04,15,7,1,0,0,1,1,0,0,0
"POINT (8.458061786000030 49.491661213999997)",Unfall 199142 (2022) Kat:3, Licht: 0,199142,3,3,5,04,10,4,0,0,1,0,0,0,0,0
"POINT (8.495918755000050 49.452889857999999)",Unfall 199149 (2022) Kat:2, Licht: 0,199149,2,2,1,05,13,3,0,0,0,0,0,1,1,0
"POINT (8.488156407000080 49.529275753000000)",Unfall 199159 (2022) Kat:3, Licht: 0,199159,3,2,5,05,05,2,0,0,0,1,0,1,0,0
"POINT (8.482763936000030 49.481212233000100)",Unfall 199165 (2022) Kat:3, Licht: 0,199165,3,3,5,04,11,2,0,0,0,1,0,0,0,0
"POINT (8.505618943000060 49.476485777999997)",Unfall 199166 (2022) Kat:2, Licht: 0,199166,2,6,3,05,06,4,0,0,1,1,0,0,0,0
"POINT (8.471855592000050 49.546636294000102)",Unfall 199176 (2022) Kat:2, Licht: 0,199176,2,5,5,05,16,5,0,0,1,1,0,0,0,0
"POINT (8.523495061000061 49.436003400000097)",Unfall 199199 (2022) Kat:3, Licht: 2,199199,3,3,5,04,20,5,0,2,0,1,0,0,0,0
"POINT (8.525557708000060 49.490653422000001)",Unfall 199216 (2022) Kat:3, Licht: 0,199216,3,2,1,04,13,6,0,0,1,1,0,0,0,0
"POINT (8.495734075000030 49.453067267000101)",Unfall 199235 (2022) Kat:3, Licht: 0,199235,3,3,5,05,13,2,0,0,1,1,0,0,0,0
"POINT (8.493624703000020 49.456778476000103)",Unfall 199265 (2022) Kat:3, Licht: 0,199265,3,5,5,05,09,5,0,0,1,1,0,0,0,0
"POINT (8.550973862000030 49.511207382000102)",Unfall 199269 (2022) Kat:3, Licht: 0,199269,3,7,0,05,14,3,0,0,1,0,0,0,0,0
"POINT (8.470134248000020 49.504033260000000)",Unfall 199311 (2022) Kat:3, Licht: 2,199311,3,6,8,05,04,7,0,2,0,1,0,0,0,0
"POINT (8.482221145000040 49.509501918000097)",Unfall 199318 (2022) Kat:3, Licht: 0,199318,3,3,5,05,12,4,0,0,1,1,0,0,0,0
"POINT (8.488472443000029 49.454957729000100)",Unfall 199343 (2022) Kat:3, Licht: 0,199343,3,3,5,06,13,5,0,0,1,1,0,0,0,0
"POINT (8.506942826000060 49.447313358000002)",Unfall 199361 (2022) Kat:3, Licht: 0,199361,3,6,2,05,10,3,0,0,0,1,0,0,0,1
"POINT (8.575925460000059 49.446840014000003)",Unfall 199368 (2022) Kat:3, Licht: 0,199368,3,2,4,05,17,4,0,0,0,1,0,1,0,0
"POINT (8.505267639000071 49.494931088999998)",Unfall 199394 (2022) Kat:3, Licht: 2,199394,3,1,9,05,04,1,0,2,0,1,0,0,0,0
"POINT (8.485721452000060 49.506634313000099)",Unfall 199401 (2022) Kat:3, Licht: 0,199401,3,7,6,05,13,3,0,0,1,0,1,0,0,0
"POINT (8.493279325000060 49.453423906000097)",Unfall 199407 (2022) Kat:3, Licht: 0,199407,3,3,5,06,16,7,0,0,1,1,0,0,0,0
"POINT (8.533814454000041 49.432505632000101)",Unfall 199412 (2022) Kat:3, Licht: 0,199412,3,5,5,05,15,6,0,0,0,1,0,1,0,0
"POINT (8.478418999000040 49.460534956000103)",Unfall 199414 (2022) Kat:3, Licht: 0,199414,3,5,0,06,19,3,1,0,0,1,0,1,0,0
"POINT (8.501033930000061 49.454782475000101)",Unfall 199430 (2022) Kat:3, Licht: 0,199430,3,7,6,05,09,2,0,0,0,0,1,0,0,1
"POINT (8.554316002000061 49.497149890999999)",Unfall 199442 (2022) Kat:3, Licht: 0,199442,3,6,1,05,12,7,0,0,0,1,0,0,0,0
"POINT (8.491597669000040 49.477638016000100)",Unfall 199487 (2022) Kat:2, Licht: 0,199487,2,3,5,06,10,4,0,0,0,1,0,0,0,0
"POINT (8.471182684000039 49.490702190999997)",Unfall 199514 (2022) Kat:3, Licht: 0,199514,3,3,5,06,16,6,0,0,1,1,0,0,0,0
"POINT (8.485607195000060 49.489067126000101)",Unfall 199595 (2022) Kat:3, Licht: 0,199595,3,6,2,05,19,1,0,0,0,1,0,0,0,1
"POINT (8.469349152000060 49.487377242999997)",Unfall 199631 (2022) Kat:3, Licht: 0,199631,3,2,3,06,14,7,0,0,1,1,0,0,0,0
"POINT (8.489196421000029 49.462483335999998)",Unfall 199642 (2022) Kat:3, Licht: 0,199642,3,5,5,05,19,4,0,0,1,1,0,0,0,0
"POINT (8.483547866000039 49.477373260000000)",Unfall 199677 (2022) Kat:3, Licht: 0,199677,3,5,1,06,14,7,0,0,1,1,0,0,0,0
"POINT (8.536007833000040 49.420136346000000)",Unfall 199700 (2022) Kat:3, Licht: 0,199700,3,3,5,06,17,7,0,0,1,1,0,0,0,0
"POINT (8.462685782000049 49.485201203000003)",Unfall 199730 (2022) Kat:3, Licht: 0,199730,3,7,1,06,17,4,0,0,1,1,0,0,0,0
"POINT (8.446681952000059 49.545712578000099)",Unfall 199732 (2022) Kat:3, Licht: 0,199732,3,3,5,06,10,3,0,0,1,1,0,0,0,0
"POINT (8.476209141000030 49.482733033000002)",Unfall 199771 (2022) Kat:3, Licht: 0,199771,3,6,4,06,11,6,0,0,0,1,0,1,0,0
"POINT (8.482638078000040 49.478349170999998)",Unfall 199778 (2022) Kat:3, Licht: 2,199778,3,6,3,05,22,3,0,2,0,0,0,0,0,1
"POINT (8.489249084000051 49.460395117000097)",Unfall 199781 (2022) Kat:3, Licht: 0,199781,3,3,5,05,13,6,0,0,1,1,0,0,0,0
"POINT (8.538872564000030 49.452866127000000)",Unfall 199790 (2022) Kat:3, Licht: 1,199790,3,2,4,05,21,6,0,1,0,1,0,0,0,0
"POINT (8.574015441000030 49.439483961000100)",Unfall 199798 (2022) Kat:3, Licht: 0,199798,3,3,5,05,09,4,0,0,0,1,0,1,0,0
"POINT (8.472161320000049 49.519784749999999)",Unfall 199800 (2022) Kat:2, Licht: 0,199800,2,1,1,06,07,1,1,0,0,1,0,0,0,0
"POINT (8.495729014000061 49.450429178000000)",Unfall 199803 (2022) Kat:3, Licht: 0,199803,3,2,6,05,09,4,0,0,0,1,1,0,0,0
"POINT (8.477356093000029 49.462583269000000)",Unfall 199827 (2022) Kat:3, Licht: 0,199827,3,3,5,05,15,5,0,0,1,1,0,0,0,0