WKT,Name,OBJECTID,UKATEGORIE,UTYP1,UART,UMONAT,USTUNDE,UWOCHENTAG,STRZUSTAND,ULICHTVERH,ISTRAD,ISTPKW,ISTFUSS,ISTKRAD,ISTGKFZ,ISTSONSTIG
"POINT (8.495060738000060 49.518598720000099)",Unfall 199842 (2022) Kat:3, Licht: 0,199842,3,3,5,06,20,3,0,0,1,1,0,0,0,0
"POINT (8.468270568000040 49.529213593000101)",Unfall 199857 (2022) Kat:3, Licht: 0,199857,3,2,4,05,13,2,0,0,0,1,0,0,0,0
"POINT (8.495182491000040 49.452424135999998)",Unfall 199928 (2022) Kat:3, Licht: 0,199928,3,3,5,05,13,5,0,0,1,1,0,0,0,0
"POINT (8.484266475000030 49.456053687000100)",Unfall 199949 (2022) Kat:3, Licht: 0,199949,3,3,5,06,08,5,0,0,1,1,0,0,0,0
"POINT (8.467109591000050 49.485064524999999)",Unfall 199952 (2022) Kat:3, Licht: 0,199952,3,3,6,05,12,3,0,0,0,0,1,0,0,1
"POINT (8.487811267000041 49.484474509999998)",Unfall 199958 (2022) Kat:3, Licht: 0,199958,3,6,3,05,07,4,0,0,0,0,0,1,0,1
"POINT (8.456378867000071 49.488928641000001)",Unfall 199960 (2022) Kat:3, Licht: 0,199960,3,1,8,06,18,1,1,0,0,1,0,0,0,1
"POINT (8.468760806000031 49.493924934000098)",Unfall 199997 (2022) Kat:3, Licht: 0,199997,3,4,6,05,10,4,0,0,0,1,1,0,0,0
"POINT (8.485492276000061 49.489100209000100)",Unfall 200004 (2022) Kat:3, Licht: 2,200004,3,3,6,05,21,5,0,2,0,0,1,0,0,1
"POINT (8.567088398000070 49.449600918999998)",Unfall 200006 (2022) Kat:3, Licht: 0,200006,3,7,1,05,16,3,0,0,0,1,0,0,0,0
"POINT (8.468738635000021 49.484367308000103)",Unfall 200048 (2022) Kat:3, Licht: 0,200048,3,3,5,06,16,4,1,0,0,1,0,1,0,0
"POINT (8.487127677000050 49.522067950000100)",Unfall 200064 (2022) Kat:3, Licht: 0,200064,3,6,4,06,07,1,1,0,0,1,0,0,0,0
"POINT (8.480981550000021 49.539125247000101)",Unfall 200097 (2022) Kat:3, Licht: 0,200097,3,3,5,06,13,4,0,0,1,1,0,0,0,0
"POINT (8.487632017000070 49.484606115000098)",Unfall 200145 (2022) Kat:3, Licht: 0,200145,3,6,2,05,11,3,0,0,0,1,0,0,0,0
"POINT (8.477246358000061 49.527286635000102)",Unfall 200159 (2022) Kat:1, Licht: 0,200159,1,3,5,06,16,6,0,0,1,0,0,0,0,1
"POINT (8.475072082000050 49.489249820000097)",Unfall 200162 (2022) Kat:3, Licht: 0,200162,3,5,1,05,13,4,0,0,1,1,0,0,0,0
"POINT (8.476257032000030 49.484730755000001)",Unfall 200167 (2022) Kat:3, Licht: 0,200167,3,6,4,06,08,4,0,0,1,0,0,0,0,0
"POINT (8.467052231000030 49.510628914999998)",Unfall 200199 (2022) Kat:2, Licht: 1,200199,2,3,5,05,05,1,0,1,0,1,0,0,0,0
"POINT (8.552543432000050 49.510109057000101)",Unfall 200231 (2022) Kat:3, Licht: 0,200231,3,6,2,06,15,3,0,0,0,1,0,0,0,1
"POINT (8.467097812000080 49.474670801999999)",Unfall 200246 (2022) Kat:3, Licht: 0,200246,3,3,5,05,17,6,0,0,1,1,0,0,0,0
"POINT (8.485177385000039 49.467249848999998)",Unfall 200264 (2022) Kat:3, Licht: 0,200264,3,6,2,06,17,6,1,0,0,1,0,0,0,0
"POINT (8.493365056000069 49.480637827000102)",Unfall 200292 (2022) Kat:3, Licht: 0,200292,3,6,2,06,11,5,0,0,0,1,0,0,0,0
"POINT (8.472459396000030 49.516087965000096)",Unfall 200299 (2022) Kat:3, Licht: 0,200299,3,7,5,05,11,6,0,0,0,1,0,0,0,0
"POINT (8.471888966000050 49.491495950999997)",Unfall 200307 (2022) Kat:3, Licht: 0,200307,3,4,6,05,15,2,0,0,0,1,1,0,0,0
"POINT (8.505784952000059 49.477476783000000)",Unfall 200338 (2022) Kat:2, Licht: 0,200338,2,5,5,06,12,5,0,0,1,1,0,0,0,0
"POINT (8.473912499000051 49.499717912000101)",Unfall 200396 (2022) Kat:3, Licht: 0,200396,3,3,1,06,15,6,0,0,1,1,0,0,0,0
"POINT (8.467226391000050 49.490140965000101)",Unfall 200425 (2022) Kat:3, Licht: 0,200425,3,4,6,06,17,7,0,0,0,1,1,0,0,0
"POINT (8.486347736000029 49.526341278000103)",Unfall 200477 (2022) Kat:3, Licht: 0,200477,3,2,4,06,14,6,0,0,1,1,0,0,0,0
"POINT (8.464758799000039 49.486000623999999)",Unfall 200532 (2022) Kat:2, Licht: 0,200532,2,3,0,06,13,7,0,0,0,0,0,0,0,1
"POINT (8.467672199000051 49.488064005000098)",Unfall 200550 (2022) Kat:3, Licht: 0,200550,3,6,4,06,18,6,0,0,1,0,0,0,0,1
"POINT (8.495044801000059 49.453815999000000)",Unfall 200551 (2022) Kat:3, Licht: 2,200551,3,2,4,06,01,7,0,2,0,1,0,0,0,0
"POINT (8.519795300000061 49.488510108000099)",Unfall 200554 (2022) Kat:3, Licht: 0,200554,3,7,0,06,14,2,1,0,0,0,0,1,0,0
"POINT (8.481458249000070 49.522231603000101)",Unfall 200563 (2022) Kat:3, Licht: 0,200563,3,5,5,06,06,5,0,0,0,1,0,1,0,0
"POINT (8.481070200000030 49.456816298000000)",Unfall 200569 (2022) Kat:3, Licht: 0,200569,3,3,5,06,09,2,0,0,1,1,0,0,0,0
"POINT (8.472314736000040 49.494482177000101)",Unfall 200615 (2022) Kat:3, Licht: 0,200615,3,7,6,06,20,5,0,0,0,0,1,0,0,1
"POINT (8.509620133000061 49.446198821000102)",Unfall 200667 (2022) Kat:3, Licht: 0,200667,3,3,5,06,19,2,0,0,1,1,0,0,0,0
"POINT (8.477375160000070 49.485980881000003)",Unfall 200721 (2022) Kat:3, Licht: 0,200721,3,7,5,06,15,5,0,0,1,1,0,0,0,0
"POINT (8.476135471000021 49.518026833000100)",Unfall 200724 (2022) Kat:3, Licht: 0,200724,3,3,5,06,06,7,0,0,0,1,0,0,0,0
"POINT (8.454084430000020 49.534599804999999)",Unfall 200729 (2022) Kat:3, Licht: 2,200729,3,3,5,06,00,3,0,2,1,0,0,0,0,1
"POINT (8.503812206000021 49.492798919999998)",Unfall 200735 (2022) Kat:3, Licht: 0,200735,3,3,5,06,12,7,0,0,0,1,0,0,0,0
"POINT (8.475792044000061 49.491837738000100)",Unfall 200827 (2022) Kat:3, Licht: 1,200827,3,3,5,06,20,3,0,1,0,1,0,0,0,0
"POINT (8.465478403000080 49.489911110999998)",Unfall 200853 (2022) Kat:3, Licht: 0,200853,3,7,6,06,11,5,0,0,0,1,1,0,0,0
"POINT (8.508365309000061 49.507330316000001)",Unfall 200854 (2022) Kat:3, Licht: 0,200854,3,6,2,06,13,2,0,0,0,1,0,0,0,0
"POINT (8.509256699000050 49.519373195000099)",Unfall 200865 (2022) Kat:3, Licht: 2,200865,3,2,8,06,21,6,1,2,0,1,0,0,0,0
"POINT (8.468371307000041 49.552421609000099)",Unfall 200913 (2022) Kat:2, Licht: 0,200913,2,3,5,06,09,4,0,0,0,1,0,0,0,0
"POINT (8.487322254000050 49.504130691000100)",Unfall 200930 (2022) Kat:3, Licht: 0,200930,3,3,5,06,16,4,0,0,1,0,0,0,0,0
"POINT (8.510420527000059 49.446621848000099)",Unfall 200948 (2022) Kat:3, Licht: 0,200948,3,3,5,06,07,6,0,0,0,1,0,0,0,1
"POINT (8.510787291000041 49.516763965999999)",Unfall 201008 (2022) Kat:3, Licht: 2,201008,3,5,5,06,23,6,0,2,0,1,0,0,0,1
"POINT (8.472234031000029 49.475468057999997)",Unfall 201009 (2022) Kat:3, Licht: 0,201009,3,6,2,06,14,6,0,0,0,1,0,0,0,0
"POINT (8.492776588000030 49.476283473000102)",Unfall 201049 (2022) Kat:3, Licht: 0,201049,3,6,3,06,12,3,0,0,0,1,0,1,0,0
"POINT (8.450859102000040 49.549872762000099)",Unfall 201058 (2022) Kat:3, Licht: 0,201058,3,5,5,06,14,4,0,0,0,1,0,0,1,0
"POINT (8.499697774000030 49.474454487000102)",Unfall 201064 (2022) Kat:3, Licht: 0,201064,3,7,0,06,15,4,0,0,1,0,0,0,0,0
"POINT (8.561010564000069 49.462293834000000)",Unfall 201103 (2022) Kat:3, Licht: 0,201103,3,3,5,06,15,2,1,0,0,1,0,1,0,0
"POINT (8.495050516000051 49.529879846000000)",Unfall 201112 (2022) Kat:3, Licht: 0,201112,3,5,1,06,11,6,0,0,0,1,0,0,0,0
"POINT (8.502249268000069 49.519464357000103)",Unfall 201113 (2022) Kat:3, Licht: 0,201113,3,3,0,06,16,3,0,0,1,1,0,0,0,0
"POINT (8.493880789000061 49.511634157000103)",Unfall 201131 (2022) Kat:3, Licht: 0,201131,3,2,5,06,09,3,0,0,1,0,0,0,0,1
"POINT (8.480010540000020 49.477751501000100)",Unfall 201150 (2022) Kat:3, Licht: 0,201150,3,3,5,06,15,7,0,0,0,1,0,0,0,1
"POINT (8.575925460000059 49.446840014000003)",Unfall 201151 (2022) Kat:3, Licht: 0,201151,3,2,5,06,18,6,0,0,0,1,0,0,0,0
"POINT (8.475926809000040 49.500361075999997)",Unfall 201224 (2022) Kat:3, Licht: 0,201224,3,5,1,06,15,7,0,0,1,1,0,0,0,0
"POINT (8.483162501000040 49.497387695999997)",Unfall 201225 (2022) Kat:3, Licht: 0,201225,3,5,5,06,13,6,0,0,1,1,0,0,0,0
"POINT (8.472754567000040 49.494954935000102)",Unfall 201226 (2022) Kat:3, Licht: 0,201226,3,6,4,06,16,3,0,0,1,0,0,0,0,0
"POINT (8.476328954000049 49.488717367000000)",Unfall 201243 (2022) Kat:3, Licht: 0,201243,3,3,5,06,15,3,0,0,1,0,0,0,0,1
"POINT (8.468804457000029 49.485673224999999)",Unfall 201271 (2022) Kat:3, Licht: 0,201271,3,2,2,06,19,6,0,0,0,1,0,0,0,0
"POINT (8.564498636000049 49.456837809000000)",Unfall 201281 (2022) Kat:3, Licht: 0,201281,3,6,1,06,18,2,0,0,0,1,0,0,0,0
"POINT (8.479703714000040 49.479386589000100)",Unfall 201312 (2022) Kat:3, Licht: 0,201312,3,4,6,06,14,4,0,0,0,1,1,0,0,0
"POINT (8.500135892000060 49.474171365000103)",Unfall 201332 (2022) Kat:2, Licht: 2,201332,2,1,9,06,23,7,0,2,0,0,0,0,0,1
"POINT (8.466457642000019 49.497683863000098)",Unfall 201339 (2022) Kat:3, Licht: 2,201339,3,3,5,06,23,7,0,2,0,1,0,1,0,0
"POINT (8.470914227000041 49.497750864000103)",Unfall 201347 (2022) Kat:3, Licht: 0,201347,3,5,1,06,09,2,0,0,1,1,0,0,0,0
"POINT (8.475168705000041 49.508272333000001)",Unfall 201388 (2022) Kat:3, Licht: 0,201388,3,6,0,06,15,2,0,0,0,0,0,0,0,1
"POINT (8.500899650000060 49.450075850000097)",Unfall 201392 (2022) Kat:3, Licht: 0,201392,3,3,5,07,11,6,0,0,1,1,0,0,0,0
"POINT (8.471214297000071 49.492735005999997)",Unfall 201403 (2022) Kat:3, Licht: 0,201403,3,6,3,07,08,2,0,0,1,0,0,0,0,0
"POINT (8.471570524000070 49.472179195000102)",Unfall 201430 (2022) Kat:2, Licht: 0,201430,2,3,5,07,15,4,0,0,1,1,0,0,0,0
"POINT (8.446263440000051 49.542361202999999)",Unfall 201442 (2022) Kat:3, Licht: 0,201442,3,5,1,07,17,1,0,0,1,1,0,0,0,0
"POINT (8.463130787000070 49.493869227000097)",Unfall 201450 (2022) Kat:3, Licht: 0,201450,3,6,1,07,12,3,0,0,0,1,0,0,0,1
"POINT (8.491503681000040 49.479012731000097)",Unfall 201508 (2022) Kat:3, Licht: 0,201508,3,3,4,07,17,6,0,0,0,1,0,1,0,0
"POINT (8.486131257000070 49.526026989000101)",Unfall 201556 (2022) Kat:3, Licht: 0,201556,3,7,0,07,17,2,0,0,0,0,0,0,0,1
"POINT (8.508958605000030 49.465306471000098)",Unfall 201561 (2022) Kat:3, Licht: 0,201561,3,5,5,07,09,7,0,0,1,1,0,0,0,0
"POINT (8.479459145000019 49.488014241000002)",Unfall 201583 (2022) Kat:3, Licht: 0,201583,3,7,5,07,12,5,0,0,0,1,0,1,0,0
"POINT (8.470514662000030 49.502476156999997)",Unfall 201614 (2022) Kat:3, Licht: 0,201614,3,5,1,07,06,3,0,0,1,1,0,0,0,0
"POINT (8.483706505000040 49.469840060000102)",Unfall 201628 (2022) Kat:3, Licht: 0,201628,3,3,0,07,15,5,0,0,1,1,0,0,0,0
"POINT (8.459664305000050 49.485768217000000)",Unfall 201639 (2022) Kat:3, Licht: 0,201639,3,6,2,07,15,2,0,0,0,1,0,0,0,0
"POINT (8.508021571000031 49.512306752000001)",Unfall 201657 (2022) Kat:3, Licht: 0,201657,3,6,1,07,11,6,0,0,0,1,0,0,0,0
"POINT (8.478502406000080 49.460275920000100)",Unfall 201678 (2022) Kat:3, Licht: 0,201678,3,3,5,07,08,3,0,0,1,1,0,0,0,0
"POINT (8.474438144000031 49.472751366000097)",Unfall 201716 (2022) Kat:3, Licht: 0,201716,3,3,5,07,05,3,0,0,0,1,0,0,0,1
"POINT (8.493553692000029 49.479811305000098)",Unfall 201723 (2022) Kat:3, Licht: 0,201723,3,2,3,07,17,2,0,0,1,1,0,0,0,0
"POINT (8.522725571000020 49.440618751999999)",Unfall 201744 (2022) Kat:3, Licht: 0,201744,3,4,6,07,15,7,0,0,0,0,1,1,0,0
"POINT (8.467065764000040 49.510620796000097)",Unfall 201811 (2022) Kat:3, Licht: 0,201811,3,3,5,07,18,3,0,0,0,1,0,0,0,0
"POINT (8.485273567000039 49.496894593999997)",Unfall 201822 (2022) Kat:3, Licht: 0,201822,3,7,0,07,12,7,0,0,1,0,0,0,0,0
"POINT (8.459664305000050 49.485768217000000)",Unfall 201867 (2022) Kat:2, Licht: 0,201867,2,3,5,07,16,7,0,0,1,0,0,0,0,1
"POINT (8.464068767000070 49.484157842999998)",Unfall 201898 (2022) Kat:3, Licht: 2,201898,3,3,5,07,01,3,0,2,0,0,0,0,0,1
"POINT (8.569793760000040 49.455337473999997)",Unfall 201908 (2022) Kat:3, Licht: 0,201908,3,3,5,07,16,3,0,0,0,1,0,0,0,0
"POINT (8.473452169000041 49.491954305000000)",Unfall 201941 (2022) Kat:3, Licht: 0,201941,3,4,6,07,15,1,0,0,0,1,1,0,0,0
"POINT (8.466426787000049 49.485468447000102)",Unfall 201956 (2022) Kat:3, Licht: 2,201956,3,3,1,07,01,1,0,2,0,1,0,0,0,0
"POINT (8.494710628000060 49.511936704999997)",Unfall 201957 (2022) Kat:3, Licht: 0,201957,3,7,2,07,06,3,0,0,0,1,0,1,0,0
"POINT (8.473992541000030 49.516335286000100)",Unfall 201958 (2022) Kat:3, Licht: 0,201958,3,3,5,07,07,6,0,0,1,1,0,0,0,0
"POINT (8.476700098000039 49.462697663000000)",Unfall 201968 (2022) Kat:3, Licht: 0,201968,3,3,5,07,12,5,0,0,1,1,0,0,0,0
"POINT (8.487216312000040 49.496255797000103)",Unfall 201987 (2022) Kat:3, Licht: 0,201987,3,7,0,07,15,1,0,0,0,0,0,1,0,0
"POINT (8.447313978000070 49.531752143000098)",Unfall 201989 (2022) Kat:3, Licht: 0,201989,3,5,1,07,06,3,0,0,0,1,0,0,1,1
"POINT (8.442255224000061 49.521247428999999)",Unfall 201991 (2022) Kat:3, Licht: 2,201991,3,1,9,07,01,1,0,2,0,1,0,0,0,0
"POINT (8.541885615000069 49.485605521000103)",Unfall 202049 (2022) Kat:3, Licht: 0,202049,3,3,5,07,16,5,0,0,0,1,0,0,0,1
"POINT (8.482590740000029 49.455355290999996)",Unfall 202090 (2022) Kat:3, Licht: 0,202090,3,6,2,07,17,7,0,0,0,1,0,1,0,0
"POINT (8.479647330000031 49.489654946000002)",Unfall 202112 (2022) Kat:3, Licht: 0,202112,3,4,6,07,08,4,0,0,0,1,1,0,0,0
"POINT (8.483598098000069 49.454866219000102)",Unfall 202170 (2022) Kat:3, Licht: 0,202170,3,7,5,07,11,3,0,0,0,1,0,0,0,1
"POINT (8.475267701000060 49.496650811000102)",Unfall 202188 (2022) Kat:3, Licht: 0,202188,3,5,1,07,11,3,0,0,1,1,0,0,0,0
"POINT (8.463050128000020 49.488055121999999)",Unfall 202218 (2022) Kat:3, Licht: 0,202218,3,3,5,07,11,5,0,0,0,1,0,0,0,1
"POINT (8.498121699000020 49.472032961000103)",Unfall 202221 (2022) Kat:3, Licht: 0,202221,3,2,2,07,16,2,0,0,0,1,0,1,0,0
"POINT (8.477801117000070 49.545251782000001)",Unfall 202261 (2022) Kat:3, Licht: 0,202261,3,5,5,07,07,2,0,0,1,1,0,0,0,0
"POINT (8.496259438000040 49.452252470000097)",Unfall 202272 (2022) Kat:2, Licht: 0,202272,2,6,3,07,12,7,0,0,0,1,0,1,0,1
"POINT (8.527584672000049 49.508345171000002)",Unfall 202273 (2022) Kat:3, Licht: 0,202273,3,6,2,07,12,2,0,0,1,0,0,0,0,0
"POINT (8.472821287000039 49.485115096000101)",Unfall 202301 (2022) Kat:3, Licht: 0,202301,3,7,6,07,18,5,0,0,0,0,1,0,0,1
"POINT (8.499827445000051 49.514947946000099)",Unfall 202348 (2022) Kat:3, Licht: 0,202348,3,3,5,07,14,3,0,0,0,1,0,0,0,1
"POINT (8.479888666000020 49.542057511000102)",Unfall 202395 (2022) Kat:3, Licht: 0,202395,3,3,5,07,15,7,0,0,1,1,0,0,0,0
"POINT (8.479608358000061 49.495866526000000)",Unfall 202411 (2022) Kat:3, Licht: 0,202411,3,7,1,07,13,3,0,0,0,1,0,1,0,0
"POINT (8.468179259000070 49.497170939000100)",Unfall 202419 (2022) Kat:3, Licht: 0,202419,3,4,6,07,16,1,0,0,1,0,1,0,0,0
"POINT (8.476371125000069 49.465285349000098)",Unfall 202461 (2022) Kat:3, Licht: 0,202461,3,3,5,07,13,6,0,0,0,1,0,0,0,1
"POINT (8.509012129000039 49.519191272000100)",Unfall 202487 (2022) Kat:3, Licht: 0,202487,3,2,3,07,13,7,0,0,0,0,0,1,0,1
"POINT (8.506373718000020 49.508571636000099)",Unfall 202522 (2022) Kat:3, Licht: 0,202522,3,3,5,07,12,4,0,0,1,0,0,0,0,1
"POINT (8.476293851000040 49.484716345999999)",Unfall 202541 (2022) Kat:3, Licht: 0,202541,3,2,3,07,14,3,0,0,0,1,0,0,0,0
"POINT (8.461612763000060 49.493691835000000)",Unfall 202570 (2022) Kat:3, Licht: 2,202570,3,3,5,08,00,5,0,2,1,1,0,0,0,0
"POINT (8.535994595000030 49.420136782999997)",Unfall 202589 (2022) Kat:3, Licht: 0,202589,3,3,5,08,14,7,0,0,0,1,0,1,0,0
"POINT (8.450610921000020 49.539158592000000)",Unfall 202606 (2022) Kat:2, Licht: 0,202606,2,2,5,08,11,3,0,0,0,1,0,0,0,1
"POINT (8.490141663000029 49.498865391999999)",Unfall 202612 (2022) Kat:3, Licht: 0,202612,3,3,5,07,15,5,0,0,1,1,0,0,0,0
"POINT (8.477378079000060 49.462590435000003)",Unfall 202643 (2022) Kat:3, Licht: 0,202643,3,3,5,07,09,6,0,0,1,1,0,0,0,0
"POINT (8.468750375000070 49.491778089999997)",Unfall 202733 (2022) Kat:3, Licht: 2,202733,3,4,6,07,22,1,0,2,0,0,1,0,0,1
"POINT (8.475007587000050 49.480580740999997)",Unfall 202754 (2022) Kat:3, Licht: 0,202754,3,3,5,08,10,4,0,0,1,1,0,0,0,0
"POINT (8.499790723000050 49.529241962000100)",Unfall 202833 (2022) Kat:3, Licht: 0,202833,3,3,5,08,13,1,0,0,0,1,0,1,0,0
"POINT (8.551769122000049 49.492493183000100)",Unfall 202836 (2022) Kat:2, Licht: 0,202836,2,3,5,07,06,3,0,0,0,0,0,1,0,0
"POINT (8.469219563000021 49.489472480000103)",Unfall 202849 (2022) Kat:3, Licht: 0,202849,3,5,1,07,14,6,0,0,1,1,0,0,0,0
"POINT (8.533808299000039 49.424829987000102)",Unfall 202876 (2022) Kat:2, Licht: 0,202876,2,7,0,07,15,6,0,0,1,0,0,0,0,0
"POINT (8.481806690000040 49.472080973000097)",Unfall 202888 (2022) Kat:3, Licht: 0,202888,3,6,2,07,15,5,0,0,0,1,0,0,0,0
"POINT (8.480233636000040 49.481044670000102)",Unfall 202904 (2022) Kat:3, Licht: 2,202904,3,3,5,07,03,1,0,2,0,1,0,0,0,0
"POINT (8.459709450000050 49.494680630000097)",Unfall 202905 (2022) Kat:3, Licht: 0,202905,3,7,2,08,12,2,0,0,0,1,0,1,0,0
"POINT (8.455037414000060 49.484887075000103)",Unfall 202907 (2022) Kat:3, Licht: 0,202907,3,1,0,07,09,4,0,0,1,0,0,0,0,0
"POINT (8.500342226000040 49.519985430000098)",Unfall 202941 (2022) Kat:3, Licht: 0,202941,3,7,6,08,12,6,0,0,0,1,1,0,0,0
"POINT (8.470516148000060 49.479649601000098)",Unfall 203045 (2022) Kat:3, Licht: 0,203045,3,6,6,08,14,1,0,0,1,0,1,0,0,0
"POINT (8.494665221000050 49.501219419999998)",Unfall 203079 (2022) Kat:3, Licht: 2,203079,3,4,6,08,21,2,0,2,0,1,1,0,0,0
"POINT (8.479073553000029 49.548167185000104)",Unfall 203095 (2022) Kat:3, Licht: 0,203095,3,6,4,07,16,5,0,0,0,1,0,1,0,0
"POINT (8.528862305000080 49.434060662000000)",Unfall 203173 (2022) Kat:3, Licht: 1,203173,3,4,6,07,20,7,0,1,0,1,1,0,0,0
"POINT (8.526717894000059 49.510800382000099)",Unfall 203180 (2022) Kat:3, Licht: 0,203180,3,3,5,07,16,3,0,0,1,1,0,0,0,0
"POINT (8.471079555000070 49.546615336000102)",Unfall 203196 (2022) Kat:3, Licht: 0,203196,3,6,3,07,18,1,0,0,0,1,0,1,0,0
"POINT (8.464539432000040 49.487365870000097)",Unfall 203206 (2022) Kat:3, Licht: 0,203206,3,3,0,08,15,3,0,0,1,1,0,0,0,0
"POINT (8.464327089000051 49.485730703999998)",Unfall 203215 (2022) Kat:3, Licht: 0,203215,3,7,3,07,16,5,0,0,0,1,0,0,0,1
"POINT (8.473168557000060 49.500081461999997)",Unfall 203236 (2022) Kat:3, Licht: 2,203236,3,5,1,07,01,2,0,2,0,1,0,0,0,0
"POINT (8.463416771000031 49.489650224999998)",Unfall 203256 (2022) Kat:3, Licht: 0,203256,3,3,5,08,14,5,0,0,1,1,0,0,0,0
"POINT (8.491336535000070 49.459984734000003)",Unfall 203266 (2022) Kat:2, Licht: 0,203266,2,4,6,07,19,7,0,0,0,1,1,0,0,0
"POINT (8.476032963000019 49.517943481000003)",Unfall 203284 (2022) Kat:3, Licht: 0,203284,3,3,5,07,11,2,0,0,0,1,0,0,0,0
"POINT (8.532066729000061 49.506419844000000)",Unfall 203341 (2022) Kat:3, Licht: 0,203341,3,3,5,07,19,4,0,0,1,1,0,0,0,0
"POINT (8.498949062000070 49.453691319000001)",Unfall 203349 (2022) Kat:3, Licht: 0,203349,3,3,5,07,13,7,0,0,1,1,0,0,0,0
"POINT (8.463029461000080 49.484365928000003)",Unfall 203353 (2022) Kat:3, Licht: 2,203353,3,4,6,08,22,2,0,2,1,0,1,0,0,0
"POINT (8.500419868000050 49.514304064999997)",Unfall 203360 (2022) Kat:3, Licht: 0,203360,3,1,0,08,06,4,0,0,0,0,0,1,0,0
"POINT (8.479400042000069 49.489727535000000)",Unfall 203361 (2022) Kat:3, Licht: 0,203361,3,6,2,07,11,2,0,0,0,1,0,0,0,0
"POINT (8.468100780000039 49.485990334000100)",Unfall 203445 (2022) Kat:3, Licht: 0,203445,3,6,2,07,13,6,0,0,1,1,0,0,0,0
"POINT (8.501600857000030 49.504371937000002)",Unfall 203449 (2022) Kat:3, Licht: 0,203449,3,2,5,07,11,4,0,0,1,1,0,0,0,0
"POINT (8.511775310000081 49.478495872000103)",Unfall 203483 (2022) Kat:3, Licht: 0,203483,3,3,5,08,14,5,0,0,0,1,0,0,0,0
"POINT (8.469167721000080 49.484832116000099)",Unfall 203555 (2022) Kat:3, Licht: 0,203555,3,5,0,09,18,1,0,0,1,1,0,0,0,0
"POINT (8.506385458000070 49.499702411000001)",Unfall 203586 (2022) Kat:3, Licht: 0,203586,3,6,2,08,10,6,0,0,0,1,0,0,0,0
"POINT (8.473657073000030 49.483833552000100)",Unfall 203597 (2022) Kat:3, Licht: 0,203597,3,4,6,09,16,7,0,0,1,0,1,0,0,0
"POINT (8.471321718000070 49.479495879000098)",Unfall 203610 (2022) Kat:3, Licht: 2,203610,3,3,0,08,22,7,0,2,0,0,0,0,0,1
"POINT (8.492629438000050 49.481666169000100)",Unfall 203625 (2022) Kat:3, Licht: 2,203625,3,5,1,09,21,4,0,2,1,1,0,0,0,0
"POINT (8.467769037000039 49.500313409000100)",Unfall 203630 (2022) Kat:3, Licht: 0,203630,3,5,1,08,19,6,0,0,1,1,0,0,0,0
"POINT (8.509838932000040 49.445949681999998)",Unfall 203646 (2022) Kat:2, Licht: 0,203646,2,6,3,09,07,2,0,0,0,1,0,1,0,0
"POINT (8.487592153000040 49.466929835000002)",Unfall 203664 (2022) Kat:3, Licht: 0,203664,3,3,5,08,16,2,0,0,0,1,0,0,0,0
"POINT (8.443447194000040 49.548982991000102)",Unfall 203712 (2022) Kat:2, Licht: 0,203712,2,3,5,09,10,5,0,0,0,1,0,0,0,0
"POINT (8.539946107000050 49.511397310000099)",Unfall 203741 (2022) Kat:3, Licht: 2,203741,3,3,5,09,01,6,0,2,1,1,0,0,0,0
"POINT (8.472335408000051 49.494301137999997)",Unfall 203743 (2022) Kat:3, Licht: 0,203743,3,6,2,08,17,2,0,0,0,1,0,0,0,0
"POINT (8.471254093000031 49.490780582000099)",Unfall 203744 (2022) Kat:3, Licht: 0,203744,3,6,3,08,10,4,0,0,1,1,0,0,0,0
"POINT (8.477746689000069 49.461450007000103)",Unfall 203809 (2022) Kat:3, Licht: 0,203809,3,3,5,08,14,2,0,0,1,1,0,0,0,0
"POINT (8.488152282000041 49.463649353000100)",Unfall 203818 (2022) Kat:3, Licht: 0,203818,3,2,5,08,10,7,0,0,1,1,0,0,0,0
"POINT (8.488118892000051 49.495028753000000)",Unfall 203839 (2022) Kat:3, Licht: 0,203839,3,3,0,08,14,2,0,0,0,1,0,0,0,0
"POINT (8.465960295000061 49.488764371999999)",Unfall 203847 (2022) Kat:3, Licht: 0,203847,3,2,5,08,17,3,0,0,1,1,0,0,0,0
"POINT (8.467833949000070 49.477711484000103)",Unfall 203859 (2022) Kat:3, Licht: 0,203859,3,3,5,09,18,3,0,0,1,0,0,0,0,0
"POINT (8.485457741000060 49.466929151000002)",Unfall 203883 (2022) Kat:3, Licht: 1,203883,3,1,0,09,05,4,1,1,0,0,0,1,0,0
"POINT (8.477419988000070 49.546824170999997)",Unfall 203892 (2022) Kat:2, Licht: 0,203892,2,6,3,09,15,7,0,0,0,1,0,0,0,0
"POINT (8.474269952000039 49.481080763000101)",Unfall 203901 (2022) Kat:3, Licht: 2,203901,3,7,0,09,21,6,1,2,0,0,0,0,0,1