WKT,Name,OBJECTID,UKATEGORIE,UTYP1,UART,UMONAT,USTUNDE,UWOCHENTAG,STRZUSTAND,ULICHTVERH,ISTRAD,ISTPKW,ISTFUSS,ISTKRAD,ISTGKFZ,ISTSONSTIG
"POINT (8.486842738000060 49.507403639000103)",Unfall 203924 (2022) Kat:3, Licht: 0,203924,3,1,0,08,18,7,0,0,1,0,0,0,0,0
"POINT (8.489271971000051 49.460517127000102)",Unfall 203925 (2022) Kat:2, Licht: 1,203925,2,3,5,09,17,6,1,1,1,1,0,0,0,0
"POINT (8.494038794000060 49.518873049000000)",Unfall 203948 (2022) Kat:3, Licht: 0,203948,3,3,5,09,12,6,0,0,0,1,0,1,0,0
"POINT (8.471930402000050 49.470400858000097)",Unfall 203969 (2022) Kat:3, Licht: 0,203969,3,6,2,09,16,6,1,0,0,1,0,0,0,0
"POINT (8.531306750000059 49.479994589999997)",Unfall 203977 (2022) Kat:3, Licht: 0,203977,3,6,2,09,16,5,0,0,0,1,0,0,0,0
"POINT (8.516230398000060 49.497321653000000)",Unfall 204017 (2022) Kat:3, Licht: 0,204017,3,6,2,09,19,7,0,0,0,1,0,0,0,0
"POINT (8.504245016000031 49.521537746000000)",Unfall 204021 (2022) Kat:3, Licht: 2,204021,3,3,5,09,23,3,0,2,0,1,0,0,0,0
"POINT (8.495025556000030 49.453599155000099)",Unfall 204055 (2022) Kat:3, Licht: 0,204055,3,7,0,09,14,2,0,0,0,0,0,0,0,1
"POINT (8.575814462000039 49.440555062000001)",Unfall 204079 (2022) Kat:3, Licht: 0,204079,3,6,1,09,19,4,0,0,0,1,0,0,0,0
"POINT (8.471653571000051 49.546417796000100)",Unfall 204212 (2022) Kat:3, Licht: 2,204212,3,4,6,08,01,1,0,2,0,0,1,1,0,0
"POINT (8.490428614000050 49.478449843000099)",Unfall 204224 (2022) Kat:3, Licht: 1,204224,3,5,1,09,21,6,0,1,1,1,0,0,0,0
"POINT (8.476076055000020 49.488185182999999)",Unfall 204242 (2022) Kat:2, Licht: 0,204242,2,7,0,08,08,4,1,0,1,0,0,0,0,0
"POINT (8.503427944000070 49.502924782999997)",Unfall 204245 (2022) Kat:3, Licht: 1,204245,3,7,3,08,20,2,0,1,0,1,0,1,0,0
"POINT (8.479058065000061 49.489827898000001)",Unfall 204246 (2022) Kat:3, Licht: 0,204246,3,6,2,08,16,3,0,0,0,1,0,0,0,0
"POINT (8.466335149000029 49.492672809000098)",Unfall 204279 (2022) Kat:3, Licht: 0,204279,3,7,6,08,07,4,0,0,0,1,1,0,0,0
"POINT (8.532821251000030 49.432652355000101)",Unfall 204311 (2022) Kat:3, Licht: 0,204311,3,3,5,08,09,3,0,0,0,1,0,1,0,0
"POINT (8.471703956000059 49.492634780000103)",Unfall 204351 (2022) Kat:3, Licht: 0,204351,3,6,3,08,14,2,0,0,0,1,0,0,1,0
"POINT (8.466238211000070 49.486708463000099)",Unfall 204374 (2022) Kat:3, Licht: 0,204374,3,5,1,09,18,7,0,0,1,1,0,0,0,0
"POINT (8.463348359000070 49.490815398999999)",Unfall 204409 (2022) Kat:3, Licht: 0,204409,3,3,5,08,18,5,0,0,1,1,0,0,0,0
"POINT (8.487236520000071 49.464887693000001)",Unfall 204454 (2022) Kat:3, Licht: 0,204454,3,5,5,08,13,3,0,0,1,1,0,0,0,0
"POINT (8.472460660000021 49.480653513000000)",Unfall 204483 (2022) Kat:3, Licht: 0,204483,3,6,4,08,16,2,0,0,1,0,0,0,0,0
"POINT (8.485006390000020 49.496957459999997)",Unfall 204523 (2022) Kat:3, Licht: 0,204523,3,7,1,09,14,7,1,0,0,1,1,0,0,0
"POINT (8.475299477000020 49.464792170000102)",Unfall 204593 (2022) Kat:3, Licht: 0,204593,3,6,2,10,18,7,0,0,0,0,0,1,0,1
"POINT (8.489025638000040 49.481448851000003)",Unfall 204635 (2022) Kat:3, Licht: 0,204635,3,3,5,09,08,1,0,0,0,1,0,0,0,0
"POINT (8.477261784000060 49.481292654000100)",Unfall 204663 (2022) Kat:3, Licht: 1,204663,3,3,5,09,18,3,1,1,1,1,0,0,0,0
"POINT (8.442974055000040 49.544958613000098)",Unfall 204678 (2022) Kat:3, Licht: 0,204678,3,7,0,09,17,5,0,0,0,0,0,1,0,0
"POINT (8.581620302000029 49.444146195000002)",Unfall 204682 (2022) Kat:2, Licht: 0,204682,2,7,0,10,15,3,0,0,0,0,0,1,0,0
"POINT (8.478619788000060 49.495986051999999)",Unfall 204683 (2022) Kat:3, Licht: 2,204683,3,5,1,09,00,7,0,2,0,1,0,0,0,1
"POINT (8.527981212000039 49.432677910999999)",Unfall 204700 (2022) Kat:3, Licht: 1,204700,3,3,5,09,17,4,0,1,0,1,0,0,0,0
"POINT (8.499293916000060 49.503587669000098)",Unfall 204704 (2022) Kat:3, Licht: 0,204704,3,3,5,09,15,6,0,0,1,1,0,0,0,0
"POINT (8.474341095000060 49.481022145000097)",Unfall 204705 (2022) Kat:3, Licht: 0,204705,3,7,6,09,13,4,0,0,0,0,1,0,0,1
"POINT (8.490508231000041 49.530680295000103)",Unfall 204719 (2022) Kat:3, Licht: 0,204719,3,3,5,09,08,2,0,0,1,1,0,0,0,0
"POINT (8.494669289000059 49.454258922000101)",Unfall 204722 (2022) Kat:3, Licht: 0,204722,3,6,2,09,09,4,1,0,1,0,0,0,0,0
"POINT (8.505891932000051 49.509968001000097)",Unfall 204724 (2022) Kat:3, Licht: 0,204724,3,5,1,09,14,6,0,0,1,1,0,0,0,0
"POINT (8.456330856000021 49.490135639000101)",Unfall 204765 (2022) Kat:3, Licht: 0,204765,3,6,1,09,19,1,0,0,0,1,0,0,0,0
"POINT (8.506513379000070 49.417748482999997)",Unfall 204769 (2022) Kat:3, Licht: 0,204769,3,3,5,09,14,5,0,0,1,0,0,0,0,1
"POINT (8.481568301000040 49.490253070000101)",Unfall 204786 (2022) Kat:3, Licht: 0,204786,3,2,5,09,08,4,0,0,1,0,0,0,0,0
"POINT (8.488917561000051 49.528634834000101)",Unfall 204796 (2022) Kat:3, Licht: 0,204796,3,6,3,09,14,2,0,0,0,1,0,1,0,0
"POINT (8.470540047000039 49.492460575000102)",Unfall 204825 (2022) Kat:3, Licht: 0,204825,3,4,6,09,18,7,0,0,0,0,1,0,0,1
"POINT (8.474280104000060 49.508275892000000)",Unfall 204845 (2022) Kat:3, Licht: 0,204845,3,2,5,09,12,4,0,0,0,1,0,0,0,0
"POINT (8.473914964000070 49.542571481000003)",Unfall 204877 (2022) Kat:3, Licht: 2,204877,3,3,5,10,04,3,0,2,0,1,0,0,0,1
"POINT (8.484237907000020 49.471320859999999)",Unfall 204879 (2022) Kat:3, Licht: 0,204879,3,6,2,09,15,4,0,0,0,1,0,0,0,0
"POINT (8.483730514000060 49.469073696000102)",Unfall 204958 (2022) Kat:3, Licht: 0,204958,3,2,3,09,09,2,0,0,1,0,0,0,1,0
"POINT (8.470384197000040 49.502840161000101)",Unfall 204983 (2022) Kat:3, Licht: 0,204983,3,2,5,09,13,2,0,0,0,1,0,0,0,0
"POINT (8.482985282000071 49.481452591999997)",Unfall 204997 (2022) Kat:3, Licht: 0,204997,3,3,5,09,15,2,1,0,0,1,0,0,0,0
"POINT (8.470990642000061 49.493435374999997)",Unfall 205001 (2022) Kat:3, Licht: 0,205001,3,6,4,09,14,6,0,0,1,0,0,0,0,1
"POINT (8.467128358000020 49.471987497000001)",Unfall 205007 (2022) Kat:3, Licht: 0,205007,3,3,5,10,16,6,0,0,0,1,0,0,0,0
"POINT (8.477506014000030 49.497375261999998)",Unfall 205025 (2022) Kat:3, Licht: 0,205025,3,3,5,09,18,3,0,0,0,1,0,0,0,0
"POINT (8.483182181000069 49.498943483000097)",Unfall 205077 (2022) Kat:3, Licht: 2,205077,3,3,5,09,20,2,1,2,0,1,0,0,0,0
"POINT (8.496883976000049 49.538171614000099)",Unfall 205080 (2022) Kat:3, Licht: 1,205080,3,2,4,09,19,6,0,1,1,1,0,0,0,0
"POINT (8.488636691000069 49.483940509000000)",Unfall 205082 (2022) Kat:3, Licht: 0,205082,3,1,0,09,09,5,1,0,0,0,0,1,0,0
"POINT (8.473899912000039 49.504204000000101)",Unfall 205094 (2022) Kat:3, Licht: 0,205094,3,4,6,09,13,6,0,0,0,0,1,0,0,1
"POINT (8.480586000000070 49.479887413000000)",Unfall 205112 (2022) Kat:3, Licht: 1,205112,3,6,0,09,16,2,1,1,1,0,0,0,0,1
"POINT (8.528565216000059 49.511607130000101)",Unfall 205135 (2022) Kat:3, Licht: 0,205135,3,6,1,09,16,2,1,0,0,1,0,0,0,0
"POINT (8.539847620000049 49.453829176000099)",Unfall 205167 (2022) Kat:3, Licht: 1,205167,3,5,1,09,21,4,1,1,1,0,0,0,0,1
"POINT (8.466688782000061 49.497984986000098)",Unfall 205176 (2022) Kat:3, Licht: 0,205176,3,5,1,10,16,6,0,0,1,1,0,0,0,0
"POINT (8.480936802000031 49.522132915999997)",Unfall 205181 (2022) Kat:3, Licht: 0,205181,3,2,5,09,15,1,0,0,1,1,0,0,0,0
"POINT (8.481412118000041 49.453547377000099)",Unfall 205242 (2022) Kat:3, Licht: 0,205242,3,6,2,10,15,7,0,0,0,1,0,0,0,0
"POINT (8.462064277000019 49.485913166000003)",Unfall 205263 (2022) Kat:2, Licht: 0,205263,2,3,5,09,11,4,0,0,0,1,0,0,0,1
"POINT (8.457059401000040 49.490861238999997)",Unfall 205267 (2022) Kat:3, Licht: 0,205267,3,1,8,10,13,1,1,0,0,1,0,0,0,0
"POINT (8.469103230000030 49.493867719000001)",Unfall 205298 (2022) Kat:3, Licht: 0,205298,3,1,4,10,08,5,0,0,1,0,0,0,0,0
"POINT (8.484106187000069 49.454668131000098)",Unfall 205309 (2022) Kat:3, Licht: 0,205309,3,5,1,09,09,1,0,0,0,1,0,0,0,0
"POINT (8.450200311000060 49.549720489000002)",Unfall 205324 (2022) Kat:3, Licht: 0,205324,3,7,0,10,11,5,0,0,1,0,0,0,0,0
"POINT (8.474943637000020 49.485227109999997)",Unfall 205330 (2022) Kat:3, Licht: 1,205330,3,5,0,09,19,6,0,1,1,1,0,0,0,0
"POINT (8.488581111000030 49.504851322999997)",Unfall 205331 (2022) Kat:3, Licht: 0,205331,3,3,6,09,15,4,0,0,0,0,1,0,0,1
"POINT (8.501924176000051 49.494100467000102)",Unfall 205341 (2022) Kat:3, Licht: 0,205341,3,6,1,09,09,6,0,0,0,1,0,1,0,0
"POINT (8.478166735000061 49.486849049999996)",Unfall 205350 (2022) Kat:3, Licht: 0,205350,3,3,5,10,08,6,0,0,1,0,0,0,1,0
"POINT (8.523506754000040 49.438539825000099)",Unfall 205352 (2022) Kat:3, Licht: 0,205352,3,6,2,09,07,3,0,0,0,1,0,1,0,0
"POINT (8.462128286000050 49.485888457000001)",Unfall 205375 (2022) Kat:3, Licht: 0,205375,3,3,0,09,13,4,0,0,1,1,0,0,0,0
"POINT (8.472619427000041 49.504366369000103)",Unfall 205392 (2022) Kat:3, Licht: 2,205392,3,6,6,10,20,2,1,2,0,1,1,0,0,0
"POINT (8.462262842000030 49.495905284999999)",Unfall 205404 (2022) Kat:3, Licht: 1,205404,3,3,0,09,06,3,0,1,1,1,0,0,0,0
"POINT (8.475679784000020 49.503990559999998)",Unfall 205439 (2022) Kat:1, Licht: 2,205439,1,6,6,10,21,4,0,2,0,1,1,0,0,0
"POINT (8.470612024000051 49.493034487000003)",Unfall 205440 (2022) Kat:3, Licht: 0,205440,3,6,2,09,12,4,0,0,0,1,0,0,0,0
"POINT (8.562212102000050 49.511688548000102)",Unfall 205536 (2022) Kat:3, Licht: 0,205536,3,3,5,10,13,3,0,0,1,1,0,0,0,0
"POINT (8.470179139000040 49.488376402000000)",Unfall 205553 (2022) Kat:2, Licht: 2,205553,2,7,9,10,04,1,0,2,0,0,0,0,0,1
"POINT (8.472337698000050 49.497385551999997)",Unfall 205558 (2022) Kat:3, Licht: 2,205558,3,2,5,09,20,3,0,2,1,1,0,0,0,0
"POINT (8.483738551000039 49.497373288000098)",Unfall 205570 (2022) Kat:2, Licht: 0,205570,2,3,5,10,16,5,0,0,1,0,0,0,0,0
"POINT (8.466259089000060 49.481691726000101)",Unfall 205595 (2022) Kat:3, Licht: 1,205595,3,1,0,10,06,5,0,1,1,0,0,0,0,0
"POINT (8.465702393000070 49.487206839000102)",Unfall 205634 (2022) Kat:3, Licht: 0,205634,3,4,6,10,17,7,0,0,0,0,1,0,0,1
"POINT (8.470343896000029 49.492247239999998)",Unfall 205647 (2022) Kat:3, Licht: 0,205647,3,4,0,10,14,7,0,0,0,0,1,0,0,1
"POINT (8.483609522000050 49.480317312000103)",Unfall 205658 (2022) Kat:3, Licht: 0,205658,3,6,3,10,07,6,1,0,0,1,0,0,0,0
"POINT (8.470611263000020 49.482212327000099)",Unfall 205678 (2022) Kat:3, Licht: 0,205678,3,5,1,10,14,2,0,0,1,1,0,0,0,0
"POINT (8.470134248000020 49.504033260000000)",Unfall 205726 (2022) Kat:3, Licht: 2,205726,3,2,4,10,19,2,0,2,0,1,0,0,0,1
"POINT (8.457721322000049 49.496744270000100)",Unfall 205735 (2022) Kat:2, Licht: 2,205735,2,3,5,10,06,6,1,2,0,1,0,1,0,0
"POINT (8.473046695000050 49.464657963000001)",Unfall 205759 (2022) Kat:3, Licht: 0,205759,3,6,2,11,11,5,0,0,0,1,0,0,0,0
"POINT (8.453802566000039 49.486354322000103)",Unfall 205786 (2022) Kat:3, Licht: 0,205786,3,6,2,10,10,1,0,0,1,1,0,0,0,0
"POINT (8.493926469000030 49.455997023000101)",Unfall 205806 (2022) Kat:3, Licht: 0,205806,3,6,2,10,17,7,1,0,0,1,0,0,0,0
"POINT (8.471505684000020 49.493325060000103)",Unfall 205819 (2022) Kat:3, Licht: 0,205819,3,7,0,10,14,4,0,0,0,0,0,0,0,1
"POINT (8.460213054000061 49.533357432999999)",Unfall 205827 (2022) Kat:3, Licht: 2,205827,3,3,5,10,05,5,0,2,1,1,0,0,0,0
"POINT (8.471984952000071 49.520143830000102)",Unfall 205873 (2022) Kat:3, Licht: 2,205873,3,1,0,10,05,6,1,2,0,0,0,1,0,0
"POINT (8.481130830000041 49.483902917000101)",Unfall 205888 (2022) Kat:2, Licht: 2,205888,2,4,6,10,22,5,1,2,1,0,1,0,0,0
"POINT (8.470211040000040 49.493416695000100)",Unfall 205913 (2022) Kat:3, Licht: 0,205913,3,7,1,10,09,2,0,0,0,0,0,1,1,0
"POINT (8.509765576000060 49.517031492000100)",Unfall 205917 (2022) Kat:3, Licht: 0,205917,3,6,1,10,15,6,0,0,1,1,0,0,0,0
"POINT (8.474119993000039 49.508255122999998)",Unfall 205935 (2022) Kat:3, Licht: 0,205935,3,6,2,10,08,5,0,0,0,1,0,0,0,1
"POINT (8.462572455000039 49.493780376000103)",Unfall 205984 (2022) Kat:2, Licht: 0,205984,2,4,6,10,15,5,0,0,0,1,1,0,0,0
"POINT (8.525011727000050 49.436481493000002)",Unfall 205986 (2022) Kat:3, Licht: 2,205986,3,2,5,11,17,6,1,2,0,1,0,1,0,0
"POINT (8.474811797000029 49.465271496000099)",Unfall 206008 (2022) Kat:3, Licht: 0,206008,3,6,2,10,13,7,0,0,0,1,0,0,0,0
"POINT (8.471712586000020 49.498723455000103)",Unfall 206026 (2022) Kat:3, Licht: 2,206026,3,3,5,10,21,5,1,2,1,1,0,0,0,0
"POINT (8.484195975000031 49.480856726000098)",Unfall 206031 (2022) Kat:3, Licht: 2,206031,3,3,5,10,01,7,1,2,0,1,0,0,0,0
"POINT (8.497317520000021 49.450487204000098)",Unfall 206161 (2022) Kat:3, Licht: 2,206161,3,3,5,10,20,5,1,2,0,1,0,1,0,0
"POINT (8.507064578000040 49.447256117999999)",Unfall 206163 (2022) Kat:3, Licht: 0,206163,3,6,2,11,15,6,1,0,0,1,0,1,0,0
"POINT (8.527171921000051 49.443400318000002)",Unfall 206198 (2022) Kat:3, Licht: 1,206198,3,4,6,10,07,5,0,1,0,1,1,0,0,0
"POINT (8.492905655000071 49.457863361000101)",Unfall 206252 (2022) Kat:3, Licht: 0,206252,3,6,1,10,14,6,0,0,0,1,0,0,0,0
"POINT (8.478151846000060 49.483652081000102)",Unfall 206261 (2022) Kat:3, Licht: 2,206261,3,7,6,10,19,2,0,2,0,0,1,0,0,1
"POINT (8.467964430000050 49.487907576000097)",Unfall 206347 (2022) Kat:3, Licht: 1,206347,3,2,3,10,18,7,0,1,1,1,0,0,0,0
"POINT (8.475924635000069 49.518596830000000)",Unfall 206363 (2022) Kat:3, Licht: 0,206363,3,3,5,10,14,1,1,0,0,1,0,0,0,0
"POINT (8.466398295000030 49.490584033000097)",Unfall 206374 (2022) Kat:3, Licht: 2,206374,3,2,6,10,19,5,0,2,0,1,1,0,0,0
"POINT (8.467336233000029 49.482875364000101)",Unfall 206395 (2022) Kat:2, Licht: 0,206395,2,6,3,10,10,4,0,0,0,1,0,0,0,1
"POINT (8.450167761000049 49.548310677000103)",Unfall 206416 (2022) Kat:3, Licht: 0,206416,3,3,5,10,14,7,0,0,0,1,0,0,0,0
"POINT (8.532528636000050 49.423834900000003)",Unfall 206437 (2022) Kat:3, Licht: 2,206437,3,5,3,10,06,4,1,2,1,0,0,0,0,1
"POINT (8.466428478000070 49.485470285000098)",Unfall 206467 (2022) Kat:3, Licht: 2,206467,3,3,5,10,20,7,0,2,0,1,0,0,0,0
"POINT (8.485605382000070 49.482710416000003)",Unfall 206483 (2022) Kat:3, Licht: 0,206483,3,3,5,10,08,6,0,0,0,1,0,0,0,0
"POINT (8.478766500000059 49.487609734000003)",Unfall 206485 (2022) Kat:3, Licht: 2,206485,3,3,5,10,20,1,1,2,1,0,0,0,0,0
"POINT (8.475043140000031 49.491105378999997)",Unfall 206523 (2022) Kat:3, Licht: 0,206523,3,2,5,10,14,2,0,0,1,1,0,0,0,0
"POINT (8.492577417000060 49.521874830000101)",Unfall 206545 (2022) Kat:3, Licht: 2,206545,3,2,5,10,19,5,1,2,1,1,0,0,0,0
"POINT (8.500935608000081 49.505048721000001)",Unfall 206607 (2022) Kat:3, Licht: 0,206607,3,6,1,10,12,2,0,0,0,1,0,0,0,0
"POINT (8.462032293000050 49.546218840000101)",Unfall 206647 (2022) Kat:3, Licht: 2,206647,3,7,1,11,18,4,0,2,0,1,0,0,1,0
"POINT (8.467566347000060 49.517286979000097)",Unfall 206702 (2022) Kat:3, Licht: 2,206702,3,1,0,11,22,6,1,2,1,0,0,0,0,0
"POINT (8.479899844000039 49.544187520999998)",Unfall 206733 (2022) Kat:3, Licht: 0,206733,3,7,1,11,11,2,1,0,0,1,0,0,1,0
"POINT (8.539418518000049 49.484415505000101)",Unfall 206740 (2022) Kat:3, Licht: 2,206740,3,3,5,12,22,1,1,2,0,1,0,0,0,0
"POINT (8.479881997000060 49.459043463000100)",Unfall 206745 (2022) Kat:3, Licht: 0,206745,3,3,5,11,08,3,0,0,1,0,0,0,0,0
"POINT (8.481067083000029 49.456815387000098)",Unfall 206791 (2022) Kat:3, Licht: 2,206791,3,3,5,11,17,3,1,2,1,1,0,0,0,0
"POINT (8.484809839000039 49.467709011000103)",Unfall 206797 (2022) Kat:3, Licht: 0,206797,3,6,1,12,13,6,1,0,0,1,0,0,0,0
"POINT (8.512455951000049 49.481217280000102)",Unfall 206804 (2022) Kat:3, Licht: 2,206804,3,7,0,11,17,5,1,2,1,0,1,0,0,0
"POINT (8.474220567000030 49.482568763000103)",Unfall 206805 (2022) Kat:3, Licht: 0,206805,3,7,1,11,15,2,0,0,1,1,0,0,0,0
"POINT (8.478452512000050 49.460935657999997)",Unfall 206815 (2022) Kat:3, Licht: 2,206815,3,7,5,11,23,7,1,2,0,1,0,0,0,1
"POINT (8.445498728000080 49.500865113000003)",Unfall 206830 (2022) Kat:3, Licht: 2,206830,3,5,1,12,00,5,0,2,0,1,0,0,1,0
"POINT (8.472887673000059 49.492445657000097)",Unfall 206841 (2022) Kat:3, Licht: 2,206841,3,7,3,11,18,6,0,2,0,1,0,0,0,1
"POINT (8.481020950000071 49.478200545000000)",Unfall 206867 (2022) Kat:2, Licht: 0,206867,2,3,5,12,12,7,0,0,1,1,0,0,0,0
"POINT (8.468796107000060 49.531919928999997)",Unfall 206879 (2022) Kat:3, Licht: 2,206879,3,5,1,11,21,1,0,2,1,1,0,0,0,0
"POINT (8.481076472000041 49.456818130999999)",Unfall 206901 (2022) Kat:3, Licht: 0,206901,3,3,5,12,15,6,1,0,1,1,0,0,0,0
"POINT (8.509535933000050 49.446203807000103)",Unfall 206943 (2022) Kat:3, Licht: 0,206943,3,6,2,11,10,4,0,0,0,1,0,0,0,0
"POINT (8.484158567000071 49.468536282999999)",Unfall 206949 (2022) Kat:3, Licht: 0,206949,3,2,3,11,10,2,0,0,0,1,0,0,0,1
"POINT (8.484279139000019 49.472172150000098)",Unfall 206972 (2022) Kat:3, Licht: 0,206972,3,1,0,11,13,7,1,0,0,0,0,1,0,0
"POINT (8.470883189000061 49.516419007000103)",Unfall 206991 (2022) Kat:3, Licht: 0,206991,3,6,3,11,13,7,0,0,0,1,0,0,0,0
"POINT (8.488123219000039 49.495124304000100)",Unfall 206997 (2022) Kat:3, Licht: 2,206997,3,3,5,11,17,7,0,2,0,1,0,1,0,0
"POINT (8.472300546000040 49.546644804000003)",Unfall 207017 (2022) Kat:3, Licht: 0,207017,3,6,4,11,12,3,0,0,0,1,0,0,0,0
"POINT (8.537477823000071 49.502883123000103)",Unfall 207024 (2022) Kat:2, Licht: 1,207024,2,1,6,11,16,6,1,1,0,1,1,0,0,0
"POINT (8.457466711000050 49.496187377000098)",Unfall 207052 (2022) Kat:2, Licht: 1,207052,2,2,4,11,17,6,0,1,0,1,0,1,0,0
"POINT (8.491376157000049 49.477720769000001)",Unfall 207059 (2022) Kat:3, Licht: 2,207059,3,6,2,11,19,2,1,2,0,1,0,0,0,0
"POINT (8.483776663000070 49.469769040000102)",Unfall 207089 (2022) Kat:3, Licht: 0,207089,3,6,2,11,12,4,0,0,0,1,0,0,0,0
"POINT (8.493527310000051 49.480402529000102)",Unfall 207117 (2022) Kat:3, Licht: 0,207117,3,6,2,11,15,5,1,0,0,1,0,0,0,1
"POINT (8.493895970000040 49.455830650999999)",Unfall 207182 (2022) Kat:3, Licht: 1,207182,3,3,5,11,16,4,0,1,1,1,0,0,0,0
"POINT (8.527871146000050 49.431223847000098)",Unfall 207188 (2022) Kat:3, Licht: 1,207188,3,1,0,12,08,6,1,1,1,0,0,0,0,0
"POINT (8.468254890000029 49.493717902000100)",Unfall 207194 (2022) Kat:3, Licht: 0,207194,3,6,2,11,07,5,1,0,0,1,0,0,0,0
"POINT (8.477896957000040 49.472444662999997)",Unfall 207218 (2022) Kat:3, Licht: 0,207218,3,2,5,11,15,6,0,0,1,1,0,0,0,0
"POINT (8.510700753000039 49.507141805000103)",Unfall 207241 (2022) Kat:3, Licht: 0,207241,3,6,0,12,10,2,0,0,0,1,0,0,0,1
"POINT (8.467365727000070 49.498960199000102)",Unfall 207257 (2022) Kat:3, Licht: 0,207257,3,1,0,11,13,3,1,0,1,0,0,0,0,0
"POINT (8.463883735000019 49.491569988999998)",Unfall 207271 (2022) Kat:3, Licht: 1,207271,3,5,0,11,17,7,0,1,1,1,0,0,0,0
"POINT (8.487878672000020 49.464109712000003)",Unfall 207321 (2022) Kat:3, Licht: 0,207321,3,2,5,11,12,5,0,0,1,1,0,0,0,0
"POINT (8.479052115000060 49.477165610999997)",Unfall 207345 (2022) Kat:3, Licht: 2,207345,3,2,4,11,17,2,1,2,1,1,0,0,0,0
"POINT (8.484135467000041 49.498703600000098)",Unfall 207353 (2022) Kat:3, Licht: 2,207353,3,2,5,11,06,4,1,2,1,1,0,0,0,0
"POINT (8.469030414000031 49.498268455000101)",Unfall 207369 (2022) Kat:3, Licht: 0,207369,3,3,5,11,13,7,1,0,0,1,0,1,0,0
"POINT (8.472351569000070 49.497358882000100)",Unfall 207374 (2022) Kat:3, Licht: 0,207374,3,2,3,12,09,5,0,0,1,1,0,0,0,0
"POINT (8.484526072000049 49.468075554999999)",Unfall 207376 (2022) Kat:3, Licht: 2,207376,3,6,1,11,07,4,1,2,0,1,0,0,0,1
"POINT (8.482279959000040 49.509614586000097)",Unfall 207382 (2022) Kat:3, Licht: 1,207382,3,6,2,11,17,7,1,1,0,1,0,0,0,0
"POINT (8.504652953000059 49.444730370999999)",Unfall 207388 (2022) Kat:3, Licht: 0,207388,3,6,4,11,14,3,0,0,0,1,0,0,0,0
"POINT (8.448890555000050 49.542274902000003)",Unfall 207413 (2022) Kat:3, Licht: 2,207413,3,4,6,11,18,3,1,2,0,1,1,0,0,0
"POINT (8.471310398000069 49.479497405000103)",Unfall 207418 (2022) Kat:3, Licht: 0,207418,3,3,5,11,17,5,1,0,1,1,0,0,0,0
"POINT (8.475923942000071 49.499721526000002)",Unfall 207423 (2022) Kat:3, Licht: 2,207423,3,4,6,11,21,5,0,2,0,0,1,0,0,1
"POINT (8.497467566000070 49.453491075000002)",Unfall 207426 (2022) Kat:3, Licht: 0,207426,3,5,5,11,12,1,0,0,0,0,0,0,0,1
"POINT (8.465004223000051 49.489062665000098)",Unfall 207431 (2022) Kat:3, Licht: 0,207431,3,2,6,11,14,3,0,0,0,1,1,0,0,0
"POINT (8.452817546000061 49.536033969000101)",Unfall 207440 (2022) Kat:2, Licht: 0,207440,2,6,1,11,11,3,0,0,0,1,0,0,0,0
"POINT (8.466067290000071 49.487601647000098)",Unfall 207466 (2022) Kat:3, Licht: 2,207466,3,7,6,11,20,4,1,2,1,0,1,0,0,0
"POINT (8.508623119000051 49.518916273999999)",Unfall 207478 (2022) Kat:3, Licht: 0,207478,3,3,5,11,09,5,0,0,1,0,0,0,0,0
"POINT (8.472879345000020 49.484081312000100)",Unfall 207479 (2022) Kat:3, Licht: 0,207479,3,7,0,11,12,7,0,0,1,0,0,0,0,1
"POINT (8.503103165000031 49.503297572000101)",Unfall 207481 (2022) Kat:3, Licht: 0,207481,3,2,5,12,13,7,0,0,1,1,0,0,0,0
"POINT (8.494238860000049 49.455648156000102)",Unfall 207487 (2022) Kat:2, Licht: 0,207487,2,4,6,11,07,5,1,0,0,1,1,0,0,0
"POINT (8.516335026000039 49.497289109000100)",Unfall 207488 (2022) Kat:3, Licht: 2,207488,3,6,1,11,17,2,1,2,0,1,0,0,0,0
"POINT (8.466680125000041 49.478382402000101)",Unfall 207491 (2022) Kat:3, Licht: 2,207491,3,7,6,12,21,2,1,2,0,1,1,0,0,0
"POINT (8.471270740000019 49.510516617000100)",Unfall 207494 (2022) Kat:3, Licht: 1,207494,3,6,1,11,17,7,0,1,0,1,0,1,0,0
"POINT (8.486540181000070 49.476379715000100)",Unfall 207512 (2022) Kat:3, Licht: 0,207512,3,7,1,11,14,6,1,0,0,1,0,1,0,0
"POINT (8.483734415000070 49.469831567000000)",Unfall 207540 (2022) Kat:3, Licht: 2,207540,3,3,5,12,18,2,0,2,1,1,0,0,0,0
"POINT (8.509219937000070 49.519343240000097)",Unfall 207546 (2022) Kat:3, Licht: 2,207546,3,2,5,11,18,2,1,2,0,1,0,1,0,0