WKT,Name,OBJECTID,UKATEGORIE,UTYP1,UART,UMONAT,USTUNDE,UWOCHENTAG,STRZUSTAND,ULICHTVERH,ISTRAD,ISTPKW,ISTFUSS,ISTKRAD,ISTGKFZ,ISTSONSTIG
"POINT (8.533851090000040 49.424791243000101)",Unfall 207554 (2022) Kat:3, Licht: 2,207554,3,1,0,11,05,4,1,2,1,0,0,0,0,0
"POINT (8.483842585000049 49.468744743999999)",Unfall 207563 (2022) Kat:3, Licht: 0,207563,3,2,2,11,16,7,1,0,0,1,0,0,0,0
"POINT (8.471960057000050 49.520634606999998)",Unfall 207576 (2022) Kat:3, Licht: 0,207576,3,1,0,11,08,5,1,0,0,0,0,1,0,0
"POINT (8.488202628000071 49.461814234000002)",Unfall 207577 (2022) Kat:3, Licht: 0,207577,3,7,1,11,15,5,0,0,1,1,0,0,0,0
"POINT (8.469906654000059 49.504900163999999)",Unfall 207622 (2022) Kat:2, Licht: 0,207622,2,7,0,11,13,1,1,0,0,0,0,0,0,1
"POINT (8.469681753000030 49.490244759000099)",Unfall 207630 (2022) Kat:3, Licht: 0,207630,3,2,3,11,11,7,0,0,1,1,0,0,0,0
"POINT (8.503797934000030 49.457260313000099)",Unfall 207633 (2022) Kat:3, Licht: 0,207633,3,6,3,11,14,2,0,0,0,1,0,0,0,1
"POINT (8.480641047000059 49.513951919000100)",Unfall 207670 (2022) Kat:3, Licht: 0,207670,3,1,4,11,12,4,0,0,0,1,0,0,0,0
"POINT (8.465279096000071 49.486751680000097)",Unfall 207795 (2022) Kat:2, Licht: 0,207795,2,1,7,12,14,6,0,0,1,0,0,0,0,0
"POINT (8.492508472000051 49.506952706000000)",Unfall 207816 (2022) Kat:3, Licht: 0,207816,3,3,5,12,11,6,1,0,1,1,0,0,0,0
"POINT (8.476737840000061 49.481042506000101)",Unfall 207850 (2022) Kat:3, Licht: 0,207850,3,5,1,12,13,6,1,0,1,1,0,0,0,0
"POINT (8.529760235000030 49.430177263000097)",Unfall 207869 (2022) Kat:2, Licht: 0,207869,2,3,5,12,13,4,1,0,0,1,0,0,0,0
"POINT (8.470594102000060 49.492519367000099)",Unfall 207921 (2022) Kat:3, Licht: 0,207921,3,3,6,12,12,7,0,0,0,0,1,0,0,1
"POINT (8.465026086000019 49.488963064000103)",Unfall 207947 (2022) Kat:3, Licht: 2,207947,3,2,6,12,17,2,0,2,0,1,1,0,0,0
"POINT (8.476490771000041 49.465123568000102)",Unfall 208024 (2022) Kat:3, Licht: 0,208024,3,4,6,12,11,5,0,0,0,1,1,0,0,0
"POINT (8.581682813000040 49.442960409000101)",Unfall 208054 (2022) Kat:3, Licht: 0,208054,3,3,5,12,11,5,0,0,0,1,0,0,0,0
"POINT (8.514096881000061 49.509654476000001)",Unfall 208080 (2022) Kat:3, Licht: 0,208080,3,3,5,12,11,3,0,0,1,1,0,0,0,0
"POINT (8.482159546000050 49.464978983000002)",Unfall 208151 (2022) Kat:3, Licht: 0,208151,3,3,5,12,12,5,1,0,0,1,0,0,0,0
"POINT (8.490505866000030 49.460709426000101)",Unfall 208152 (2022) Kat:1, Licht: 2,208152,1,6,3,12,05,6,0,2,0,1,0,0,0,1
"POINT (8.470338554000019 49.479834029000102)",Unfall 208181 (2022) Kat:3, Licht: 0,208181,3,7,6,12,14,1,1,0,0,1,1,0,0,0
"POINT (8.464770752000049 49.487276448999999)",Unfall 208208 (2022) Kat:3, Licht: 2,208208,3,6,2,12,18,6,0,2,0,1,0,0,0,0
"POINT (8.578937999000059 49.422069590000000)",Unfall 208253 (2022) Kat:2, Licht: 2,208253,2,1,9,12,20,2,1,2,0,1,0,0,0,0
"POINT (8.504938971000060 49.495947672000099)",Unfall 208255 (2022) Kat:3, Licht: 2,208255,3,2,6,12,06,4,1,2,0,1,1,0,0,0
"POINT (8.479767775000029 49.476569332000103)",Unfall 208341 (2022) Kat:3, Licht: 2,208341,3,7,0,12,19,3,1,2,1,0,0,0,0,0
"POINT (8.490672528000060 49.460728178000103)",Unfall 208383 (2022) Kat:3, Licht: 2,208383,3,6,2,12,21,2,0,2,0,1,0,0,0,0
"POINT (8.483234020000049 49.486454688000002)",Unfall 208390 (2022) Kat:3, Licht: 0,208390,3,6,2,12,13,7,0,0,0,1,0,0,0,0
"POINT (8.457796227000070 49.547721498000001)",Unfall 208421 (2022) Kat:3, Licht: 0,208421,3,6,2,12,11,4,0,0,1,1,0,0,1,0
"POINT (8.504612841000039 49.448429331000099)",Unfall 208429 (2022) Kat:3, Licht: 2,208429,3,6,3,12,23,6,2,2,0,1,0,0,0,1
"POINT (8.476201187000070 49.496130923000102)",Unfall 208437 (2022) Kat:3, Licht: 2,208437,3,3,5,12,22,4,1,2,1,1,0,0,0,0
"POINT (8.526996740000071 49.433997353000102)",Unfall 208465 (2022) Kat:3, Licht: 2,208465,3,7,5,12,19,6,0,2,1,1,0,0,0,0
"POINT (8.472855714000049 49.492459576000002)",Unfall 208551 (2022) Kat:3, Licht: 0,208551,3,3,5,12,16,6,0,0,0,1,0,0,0,1
"POINT (8.478005030000080 49.495164752000100)",Unfall 208555 (2022) Kat:3, Licht: 0,208555,3,7,6,12,12,3,0,0,0,1,1,0,0,0
"POINT (8.484570975000050 49.485933499000097)",Unfall 208573 (2022) Kat:3, Licht: 2,208573,3,2,4,12,17,3,0,2,1,1,0,0,0,0
"POINT (8.487578445000050 49.462548554000101)",Unfall 208592 (2022) Kat:3, Licht: 0,208592,3,3,5,12,10,6,0,0,1,1,0,0,0,0
"POINT (8.487232875000069 49.464892129000098)",Unfall 208630 (2022) Kat:3, Licht: 0,208630,3,3,5,12,11,6,0,0,1,1,0,0,0,0
"POINT (8.509404713000039 49.446219063999997)",Unfall 208639 (2022) Kat:3, Licht: 2,208639,3,6,2,12,18,5,1,2,0,1,0,1,0,0
"POINT (8.470390119000058 49.481477348000055)",Unfall 79287 (2023) Kat:3, Licht: 2,79287,3,6,2,01,07,5,0,2,0,1,0,0,0,0
"POINT (8.566484926000044 49.424825843000065)",Unfall 79308 (2023) Kat:3, Licht: 1,79308,3,2,5,01,19,4,0,1,0,1,0,0,0,0
"POINT (8.461583281000060 49.493589679000081)",Unfall 79822 (2023) Kat:3, Licht: 2,79822,3,3,5,01,19,3,0,2,0,1,0,0,0,0
"POINT (8.476905683000041 49.516803883000080)",Unfall 80338 (2023) Kat:2, Licht: 2,80338,2,4,6,01,19,4,1,2,0,0,1,0,0,1
"POINT (8.569254162000050 49.442228904000046)",Unfall 82184 (2023) Kat:3, Licht: 2,82184,3,6,3,01,17,2,1,2,1,1,0,0,0,0
"POINT (8.504471186000046 49.477831450000053)",Unfall 82428 (2023) Kat:3, Licht: 2,82428,3,7,0,01,16,4,1,2,1,0,0,0,0,0
"POINT (8.529366211000024 49.512328569000033)",Unfall 82713 (2023) Kat:3, Licht: 0,82713,3,6,2,02,15,3,0,0,0,1,0,0,0,0
"POINT (8.480618397000057 49.554369076000057)",Unfall 82714 (2023) Kat:3, Licht: 0,82714,3,1,1,02,14,3,0,0,0,1,0,0,0,1
"POINT (8.469838575000040 49.477993667000078)",Unfall 82819 (2023) Kat:3, Licht: 0,82819,3,6,3,02,14,7,0,0,0,1,0,0,0,0
"POINT (8.533910982000066 49.501289526000051)",Unfall 82875 (2023) Kat:3, Licht: 0,82875,3,6,4,02,07,5,0,0,0,1,0,0,1,0
"POINT (8.519649366000067 49.467428391000055)",Unfall 83163 (2023) Kat:3, Licht: 0,83163,3,6,2,02,13,5,0,0,0,1,0,0,0,0
"POINT (8.526720997000041 49.511104785000043)",Unfall 83349 (2023) Kat:3, Licht: 2,83349,3,6,2,01,19,6,0,2,0,1,0,0,0,0
"POINT (8.461602530000050 49.504420286000027)",Unfall 83426 (2023) Kat:3, Licht: 2,83426,3,3,5,01,22,4,0,2,0,1,0,0,0,0
"POINT (8.520796464000057 49.477495393000027)",Unfall 83472 (2023) Kat:2, Licht: 0,83472,2,2,3,01,10,3,1,0,1,1,0,0,0,0
"POINT (8.479720392000047 49.488495415000045)",Unfall 83474 (2023) Kat:3, Licht: 0,83474,3,2,3,01,07,3,0,0,1,1,0,0,0,0
"POINT (8.558724167000037 49.498353079000026)",Unfall 83475 (2023) Kat:3, Licht: 0,83475,3,6,2,01,07,3,0,0,0,1,0,0,0,1
"POINT (8.446837799000036 49.555499772000076)",Unfall 83529 (2023) Kat:3, Licht: 0,83529,3,6,2,01,13,2,1,0,0,1,0,0,0,0
"POINT (8.429618099000038 49.552373811000052)",Unfall 83568 (2023) Kat:3, Licht: 2,83568,3,6,2,01,18,1,0,2,0,1,0,0,0,0
"POINT (8.449742794000031 49.585584586000039)",Unfall 83605 (2023) Kat:3, Licht: 2,83605,3,1,9,01,04,7,2,2,0,1,0,0,0,0
"POINT (8.560254043000043 49.511919986000066)",Unfall 83607 (2023) Kat:3, Licht: 0,83607,3,7,9,01,10,7,2,0,0,1,0,0,0,0
"POINT (8.457296205000034 49.553717283000026)",Unfall 83668 (2023) Kat:3, Licht: 0,83668,3,6,2,01,12,6,0,0,0,1,0,0,1,0
"POINT (8.449120378000032 49.553472516000056)",Unfall 83719 (2023) Kat:3, Licht: 1,83719,3,6,2,01,17,5,0,1,0,1,0,0,0,1
"POINT (8.434913329000040 49.552955215000054)",Unfall 83894 (2023) Kat:3, Licht: 1,83894,3,6,2,01,06,2,0,1,0,1,0,0,0,0
"POINT (8.473548063000067 49.495581881000078)",Unfall 83959 (2023) Kat:3, Licht: 0,83959,3,6,2,04,12,7,0,0,0,1,0,0,0,0
"POINT (8.531831729000032 49.505634756000063)",Unfall 83995 (2023) Kat:3, Licht: 1,83995,3,6,2,03,04,6,0,1,0,1,0,0,0,0
"POINT (8.526508728000067 49.476529031000041)",Unfall 84054 (2023) Kat:3, Licht: 0,84054,3,7,2,03,08,4,0,0,0,1,0,0,0,0
"POINT (8.550994218000028 49.491699017000030)",Unfall 84086 (2023) Kat:3, Licht: 0,84086,3,6,2,03,13,3,0,0,0,1,0,0,1,0
"POINT (8.504680828000062 49.506428481000057)",Unfall 84087 (2023) Kat:3, Licht: 0,84087,3,6,2,03,15,3,0,0,0,1,0,0,0,1
"POINT (8.520155978000048 49.469221954000034)",Unfall 84137 (2023) Kat:3, Licht: 0,84137,3,6,2,03,07,2,0,0,0,1,0,0,0,0
"POINT (8.475039242000037 49.515679446000036)",Unfall 84440 (2023) Kat:3, Licht: 0,84440,3,6,2,03,13,6,1,0,0,1,0,0,1,0
"POINT (8.541234036000048 49.431144282000048)",Unfall 84551 (2023) Kat:3, Licht: 2,84551,3,6,2,03,05,6,0,2,0,1,0,0,0,0
"POINT (8.504283368000074 49.506205871000077)",Unfall 84603 (2023) Kat:3, Licht: 0,84603,3,6,2,03,21,4,0,0,0,1,0,0,0,0
"POINT (8.489743390000058 49.528314506000072)",Unfall 84604 (2023) Kat:2, Licht: 0,84604,2,6,4,03,14,4,0,0,1,1,0,0,0,0
"POINT (8.485503423000068 49.494269996000071)",Unfall 84640 (2023) Kat:3, Licht: 0,84640,3,6,2,03,17,3,0,0,0,1,0,0,0,0
"POINT (8.504011589000072 49.477837904000069)",Unfall 84641 (2023) Kat:3, Licht: 2,84641,3,6,2,03,19,3,0,2,1,0,0,0,0,1
"POINT (8.475887296000053 49.487071064000077)",Unfall 84679 (2023) Kat:3, Licht: 0,84679,3,2,3,03,17,2,1,0,1,1,0,0,0,0
"POINT (8.532089510000048 49.463406639000027)",Unfall 84680 (2023) Kat:3, Licht: 2,84680,3,6,2,03,22,2,1,2,0,1,0,0,0,0
"POINT (8.447817071000031 49.552358505000029)",Unfall 84709 (2023) Kat:3, Licht: 2,84709,3,6,3,03,21,6,1,2,0,1,0,0,0,1
"POINT (8.480560572000059 49.522151124000061)",Unfall 84836 (2023) Kat:3, Licht: 0,84836,3,3,5,03,08,5,1,0,1,1,0,0,0,0
"POINT (8.546269344000052 49.420839662000049)",Unfall 84950 (2023) Kat:3, Licht: 0,84950,3,6,2,03,14,6,1,0,0,1,0,0,0,1
"POINT (8.540557466000053 49.442779297000072)",Unfall 85031 (2023) Kat:3, Licht: 0,85031,3,7,8,03,14,7,0,0,0,1,0,0,0,0
"POINT (8.450040858000023 49.549575670000081)",Unfall 85061 (2023) Kat:3, Licht: 0,85061,3,7,0,03,17,6,0,0,1,0,0,0,0,0
"POINT (8.519718704000070 49.467426631000080)",Unfall 85064 (2023) Kat:3, Licht: 0,85064,3,3,5,03,17,6,0,0,0,1,0,0,1,0
"POINT (8.523407544000065 49.465901581000026)",Unfall 85086 (2023) Kat:3, Licht: 2,85086,3,6,2,03,22,7,0,2,0,1,0,0,0,0
"POINT (8.498403276000033 49.554845855000053)",Unfall 85204 (2023) Kat:3, Licht: 2,85204,3,6,2,02,19,3,0,2,0,1,0,0,0,0
"POINT (8.450994630000025 49.491491072000031)",Unfall 85245 (2023) Kat:3, Licht: 0,85245,3,6,2,02,16,2,0,0,0,1,0,0,0,0
"POINT (8.558179627000072 49.469690526000079)",Unfall 85287 (2023) Kat:2, Licht: 0,85287,2,7,0,02,11,1,0,0,1,0,0,0,0,0
"POINT (8.549695844000041 49.511084022000034)",Unfall 85464 (2023) Kat:3, Licht: 2,85464,3,1,8,02,18,3,0,2,0,1,0,0,0,0
"POINT (8.505715601000077 49.506863685000042)",Unfall 85474 (2023) Kat:3, Licht: 0,85474,3,2,5,03,13,6,0,0,1,0,0,0,0,1
"POINT (8.545861638000076 49.458820747000061)",Unfall 85552 (2023) Kat:3, Licht: 2,85552,3,7,0,02,00,1,0,2,0,1,0,0,0,0
"POINT (8.476179681000076 49.487238976000071)",Unfall 85582 (2023) Kat:3, Licht: 2,85582,3,6,3,02,22,7,0,2,1,1,0,0,0,0
"POINT (8.544857834000027 49.517079930000079)",Unfall 85613 (2023) Kat:3, Licht: 1,85613,3,1,9,02,18,6,0,1,0,1,0,0,0,0
"POINT (8.566556534000028 49.419998338000028)",Unfall 85694 (2023) Kat:3, Licht: 0,85694,3,1,8,05,15,2,0,0,0,0,0,1,0,0
"POINT (8.475382378000063 49.485162155000069)",Unfall 85725 (2023) Kat:3, Licht: 0,85725,3,4,6,05,20,2,1,0,1,0,1,0,0,0
"POINT (8.457467128000076 49.544925375000048)",Unfall 85792 (2023) Kat:3, Licht: 0,85792,3,6,3,05,13,7,0,0,0,0,0,1,1,0
"POINT (8.512887994000039 49.449417969000081)",Unfall 85940 (2023) Kat:3, Licht: 0,85940,3,6,2,05,19,3,0,0,0,1,0,0,1,0
"POINT (8.517594940000038 49.487947862000055)",Unfall 85942 (2023) Kat:3, Licht: 0,85942,3,6,2,05,14,3,0,0,0,1,0,0,0,0
"POINT (8.469967644000064 49.510496942000032)",Unfall 85987 (2023) Kat:2, Licht: 0,85987,2,4,6,05,13,2,0,0,0,0,1,0,1,0
"POINT (8.521236764000037 49.482475187000034)",Unfall 86057 (2023) Kat:3, Licht: 0,86057,3,6,2,05,17,7,0,0,0,1,0,0,0,0
"POINT (8.541778105000049 49.459910556000068)",Unfall 86095 (2023) Kat:3, Licht: 0,86095,3,1,9,05,19,6,1,0,0,0,0,1,0,0
"POINT (8.457027783000058 49.483666100000050)",Unfall 86131 (2023) Kat:2, Licht: 0,86131,2,1,8,05,08,5,0,0,0,0,0,1,0,0
"POINT (8.491370713000038 49.499647208000056)",Unfall 86264 (2023) Kat:3, Licht: 2,86264,3,2,3,05,22,2,0,2,1,1,0,0,0,0
"POINT (8.511324235000075 49.444990358000041)",Unfall 86358 (2023) Kat:3, Licht: 0,86358,3,6,2,05,10,6,0,0,0,1,0,0,0,0
"POINT (8.469812951000051 49.510385917000065)",Unfall 86442 (2023) Kat:3, Licht: 0,86442,3,2,3,05,16,5,0,0,1,1,0,0,0,0
"POINT (8.480219969000075 49.495069042000068)",Unfall 86443 (2023) Kat:3, Licht: 0,86443,3,3,5,05,19,5,0,0,1,1,0,0,0,0
"POINT (8.529891196000051 49.512528782000061)",Unfall 86444 (2023) Kat:3, Licht: 0,86444,3,6,2,05,07,5,0,0,0,1,0,0,0,0
"POINT (8.481860003000065 49.525787262000051)",Unfall 86445 (2023) Kat:2, Licht: 0,86445,2,3,5,05,07,5,0,0,1,1,0,0,0,0
"POINT (8.488316089000023 49.494720516000029)",Unfall 86565 (2023) Kat:3, Licht: 0,86565,3,6,3,05,21,3,0,0,1,1,0,0,0,0
"POINT (8.499317506000068 49.503881646000082)",Unfall 86608 (2023) Kat:3, Licht: 0,86608,3,6,2,05,17,2,0,0,0,1,0,0,0,0
"POINT (8.472475170000052 49.482508091000057)",Unfall 86645 (2023) Kat:3, Licht: 2,86645,3,7,1,04,22,1,0,2,0,1,0,0,0,0
"POINT (8.518161168000063 49.516545095000026)",Unfall 86646 (2023) Kat:2, Licht: 0,86646,2,6,4,04,16,1,0,0,1,0,0,0,0,0
"POINT (8.474011311000027 49.479381387000046)",Unfall 86647 (2023) Kat:3, Licht: 0,86647,3,6,2,04,17,1,0,0,0,1,0,0,0,0
"POINT (8.471129178000069 49.553985030000035)",Unfall 86648 (2023) Kat:3, Licht: 0,86648,3,6,2,04,15,1,0,0,0,1,0,0,0,0
"POINT (8.447270061000040 49.554668359000061)",Unfall 86688 (2023) Kat:3, Licht: 0,86688,3,6,2,04,13,7,0,0,0,1,0,0,0,0
"POINT (8.473720102000073 49.483713564000027)",Unfall 86689 (2023) Kat:2, Licht: 0,86689,2,3,5,04,19,7,0,0,1,1,0,0,0,0
"POINT (8.484818834000066 49.494307202000073)",Unfall 86719 (2023) Kat:3, Licht: 0,86719,3,3,5,05,16,4,0,0,0,1,0,0,0,0
"POINT (8.533056162000037 49.426078788000041)",Unfall 86746 (2023) Kat:3, Licht: 0,86746,3,1,0,04,13,6,1,0,0,0,0,1,0,0
"POINT (8.471981678000077 49.513355912000065)",Unfall 86747 (2023) Kat:2, Licht: 0,86747,2,2,5,04,07,6,1,0,0,1,0,0,0,1
"POINT (8.457330058000025 49.491161372000079)",Unfall 86804 (2023) Kat:3, Licht: 2,86804,3,1,9,04,00,5,0,2,0,1,0,0,0,0
"POINT (8.524668943000052 49.465552318000050)",Unfall 86805 (2023) Kat:3, Licht: 0,86805,3,6,2,04,17,5,0,0,0,1,0,0,1,0
"POINT (8.486992857000075 49.496230029000060)",Unfall 86855 (2023) Kat:3, Licht: 2,86855,3,3,5,04,05,4,0,2,0,1,0,1,0,0
"POINT (8.485313258000076 49.530199078000066)",Unfall 86903 (2023) Kat:3, Licht: 0,86903,3,2,3,04,14,3,0,0,0,1,0,0,0,0
"POINT (8.487335248000022 49.475075727000046)",Unfall 86952 (2023) Kat:3, Licht: 0,86952,3,5,5,04,12,2,0,0,1,1,0,0,0,0
"POINT (8.513642516000061 49.517803259000061)",Unfall 86953 (2023) Kat:3, Licht: 0,86953,3,6,2,04,14,2,0,0,0,1,0,0,0,1
"POINT (8.480062936000024 49.474818288000051)",Unfall 86996 (2023) Kat:3, Licht: 2,86996,3,7,9,04,02,1,1,2,0,1,0,0,0,0
"POINT (8.483221585000024 49.492921122000041)",Unfall 87008 (2023) Kat:3, Licht: 1,87008,3,6,3,05,19,3,1,1,0,1,0,1,0,0
"POINT (8.515971960000059 49.507635475000029)",Unfall 87060 (2023) Kat:3, Licht: 0,87060,3,6,2,04,14,7,0,0,0,1,0,0,0,0
"POINT (8.461735166000039 49.494221846000073)",Unfall 87131 (2023) Kat:3, Licht: 0,87131,3,6,1,04,07,6,0,0,0,1,0,0,0,0
"POINT (8.500139215000047 49.474331937000045)",Unfall 87272 (2023) Kat:2, Licht: 0,87272,2,6,3,04,08,4,0,0,0,1,0,0,0,0
"POINT (8.456086321000043 49.488816594000070)",Unfall 87309 (2023) Kat:3, Licht: 0,87309,3,6,2,04,13,3,0,0,0,1,0,0,1,0
"POINT (8.459910283000056 49.492935505000048)",Unfall 87310 (2023) Kat:3, Licht: 0,87310,3,6,2,04,13,3,0,0,0,1,0,0,0,0
"POINT (8.570142044000022 49.460767660000045)",Unfall 87397 (2023) Kat:3, Licht: 2,87397,3,5,1,04,03,1,1,2,0,1,0,1,0,1
"POINT (8.464095405000023 49.484045910000077)",Unfall 87538 (2023) Kat:2, Licht: 0,87538,2,6,3,04,12,5,0,0,0,1,0,0,0,1
"POINT (8.474089497000023 49.496156189000033)",Unfall 87641 (2023) Kat:3, Licht: 0,87641,3,6,3,05,19,5,0,0,0,1,0,1,0,0
"POINT (8.545820988000060 49.482371249000039)",Unfall 87725 (2023) Kat:3, Licht: 0,87725,3,6,3,04,09,1,0,0,0,1,0,0,0,1
"POINT (8.471595008000065 49.481623739000042)",Unfall 87844 (2023) Kat:3, Licht: 0,87844,3,6,0,05,08,3,0,0,0,0,0,1,0,1
"POINT (8.467882735000046 49.509003249000045)",Unfall 87853 (2023) Kat:3, Licht: 0,87853,3,6,2,04,15,5,0,0,0,1,0,0,0,0
"POINT (8.475161366000066 49.485211471000071)",Unfall 87854 (2023) Kat:3, Licht: 0,87854,3,6,1,04,16,5,0,0,0,1,0,0,0,0
"POINT (8.538111008000044 49.461163733000035)",Unfall 87855 (2023) Kat:2, Licht: 0,87855,2,1,9,04,14,5,0,0,0,0,0,0,1,0
"POINT (8.552548150000064 49.491563180000071)",Unfall 87925 (2023) Kat:3, Licht: 0,87925,3,6,2,04,16,4,0,0,0,1,0,0,0,0
"POINT (8.464270003000024 49.506421283000066)",Unfall 88188 (2023) Kat:3, Licht: 0,88188,3,6,2,06,15,7,0,0,0,1,0,0,0,0
"POINT (8.504750421000040 49.522141306000037)",Unfall 88189 (2023) Kat:3, Licht: 0,88189,3,6,2,06,16,7,0,0,0,1,0,0,0,0
"POINT (8.481669827000076 49.490987780000069)",Unfall 88239 (2023) Kat:3, Licht: 2,88239,3,6,4,06,23,6,0,2,1,0,0,0,0,0
"POINT (8.538820103000035 49.418928018000031)",Unfall 88241 (2023) Kat:2, Licht: 0,88241,2,3,5,06,14,6,0,0,0,1,0,0,0,0
"POINT (8.481989459000033 49.474136952000038)",Unfall 88610 (2023) Kat:2, Licht: 0,88610,2,3,5,06,16,6,0,0,1,1,0,0,0,0
"POINT (8.456020338000030 49.487644210000042)",Unfall 88720 (2023) Kat:3, Licht: 0,88720,3,6,2,05,17,4,0,0,0,1,0,0,0,0
"POINT (8.544792959000063 49.518994572000054)",Unfall 88854 (2023) Kat:3, Licht: 2,88854,3,6,4,05,23,2,0,2,0,1,0,0,0,0
"POINT (8.483218009000041 49.493347097000026)",Unfall 88910 (2023) Kat:3, Licht: 0,88910,3,6,3,05,19,1,0,0,1,1,0,0,0,0
"POINT (8.522192317000076 49.477371177000066)",Unfall 88971 (2023) Kat:3, Licht: 0,88971,3,6,0,05,12,7,0,0,0,0,0,1,0,0
"POINT (8.463082365000048 49.482169508000027)",Unfall 89056 (2023) Kat:3, Licht: 0,89056,3,6,2,05,19,6,0,0,0,1,0,0,0,0
"POINT (8.489580775000036 49.470547046000036)",Unfall 89193 (2023) Kat:3, Licht: 0,89193,3,7,0,05,16,4,0,0,0,0,0,1,0,0
"POINT (8.476311395000039 49.516596740000068)",Unfall 89252 (2023) Kat:3, Licht: 0,89252,3,6,1,05,18,3,0,0,0,1,0,0,0,0
"POINT (8.458183632000043 49.482105234000073)",Unfall 89253 (2023) Kat:3, Licht: 0,89253,3,7,0,05,08,3,0,0,0,0,0,0,0,1
"POINT (8.487078514000075 49.496336888000030)",Unfall 89254 (2023) Kat:3, Licht: 0,89254,3,3,5,05,17,3,0,0,0,0,0,0,0,1
"POINT (8.453272085000037 49.553602908000073)",Unfall 89255 (2023) Kat:3, Licht: 0,89255,3,1,0,05,07,3,0,0,0,1,0,0,0,0
"POINT (8.550163620000035 49.488669422000044)",Unfall 89756 (2023) Kat:3, Licht: 0,89756,3,6,0,07,10,2,0,0,0,0,0,0,1,1
"POINT (8.505868903000021 49.463881959000048)",Unfall 89757 (2023) Kat:2, Licht: 0,89757,2,3,5,07,05,2,0,0,0,1,0,1,0,0
"POINT (8.530267661000039 49.429637063000030)",Unfall 89951 (2023) Kat:3, Licht: 0,89951,3,5,5,06,17,5,0,0,1,1,0,0,0,0
"POINT (8.519736046000048 49.467426703000058)",Unfall 90024 (2023) Kat:3, Licht: 0,90024,3,6,2,06,12,4,0,0,0,1,0,0,0,0
"POINT (8.477961659000073 49.476364358000069)",Unfall 90077 (2023) Kat:2, Licht: 0,90077,2,6,4,06,13,3,0,0,1,0,0,0,0,1
"POINT (8.493683622000049 49.500860674000080)",Unfall 90078 (2023) Kat:3, Licht: 0,90078,3,3,5,06,17,3,0,0,1,1,0,0,0,0
"POINT (8.503190029000052 49.554855934000045)",Unfall 90202 (2023) Kat:3, Licht: 0,90202,3,6,2,06,06,1,0,0,0,1,0,0,0,0
"POINT (8.560122704000037 49.508806830000026)",Unfall 90204 (2023) Kat:3, Licht: 2,90204,3,6,1,06,03,1,0,2,0,1,0,0,1,0
"POINT (8.482841997000037 49.493072224000059)",Unfall 90324 (2023) Kat:3, Licht: 0,90324,3,7,0,06,10,6,0,0,1,0,0,0,0,1
"POINT (8.560399130000064 49.502635011000052)",Unfall 90326 (2023) Kat:3, Licht: 2,90326,3,1,8,06,23,6,0,2,0,1,0,0,0,0
"POINT (8.475972925000065 49.486278699000081)",Unfall 90328 (2023) Kat:3, Licht: 2,90328,3,6,1,06,23,6,0,2,0,1,0,0,0,0
"POINT (8.519726322000054 49.467426663000026)",Unfall 90391 (2023) Kat:3, Licht: 0,90391,3,6,1,06,07,5,0,0,0,1,0,0,0,0
"POINT (8.467280669000047 49.508573036000030)",Unfall 90447 (2023) Kat:3, Licht: 0,90447,3,5,5,06,06,4,0,0,0,1,0,0,0,0
"POINT (8.513031849000072 49.477631115000065)",Unfall 90513 (2023) Kat:3, Licht: 0,90513,3,6,2,06,07,3,0,0,0,1,0,0,0,0
"POINT (8.571201467000037 49.450860592000026)",Unfall 90514 (2023) Kat:3, Licht: 0,90514,3,6,1,06,06,3,0,0,0,1,0,0,1,0
"POINT (8.490939625000067 49.470134503000054)",Unfall 90593 (2023) Kat:3, Licht: 2,90593,3,6,2,06,22,2,0,2,0,1,0,0,0,0
"POINT (8.519663752000042 49.467426403000047)",Unfall 90594 (2023) Kat:3, Licht: 0,90594,3,6,2,06,08,2,0,0,0,1,0,0,0,0
"POINT (8.537670698000056 49.419721888000026)",Unfall 90595 (2023) Kat:3, Licht: 0,90595,3,6,2,06,07,2,0,0,0,1,0,0,0,1
"POINT (8.573333928000068 49.460285937000037)",Unfall 90769 (2023) Kat:3, Licht: 0,90769,3,7,0,06,06,6,0,0,1,0,0,0,0,0
"POINT (8.543259617000047 49.476281465000056)",Unfall 90771 (2023) Kat:3, Licht: 0,90771,3,6,2,06,07,6,0,0,0,1,0,0,0,0
"POINT (8.485708964000025 49.530051683000067)",Unfall 90835 (2023) Kat:3, Licht: 2,90835,3,7,8,06,02,5,0,2,0,1,0,0,0,0
"POINT (8.475761721000026 49.486365389000071)",Unfall 90924 (2023) Kat:3, Licht: 0,90924,3,7,0,06,16,4,0,0,1,0,0,0,0,0
"POINT (8.524374897000030 49.440012312000079)",Unfall 91045 (2023) Kat:3, Licht: 0,91045,3,3,5,06,15,3,0,0,1,1,0,0,0,0
"POINT (8.546365234000064 49.514785009000036)",Unfall 91062 (2023) Kat:3, Licht: 0,91062,3,7,4,06,18,2,0,0,0,1,0,0,0,0
"POINT (8.489310185000022 49.494328756000073)",Unfall 91154 (2023) Kat:3, Licht: 0,91154,3,6,2,08,18,4,0,0,0,1,0,0,0,0