WKT,Name,OBJECTID,UKATEGORIE,UTYP1,UART,UMONAT,USTUNDE,UWOCHENTAG,STRZUSTAND,ULICHTVERH,ISTRAD,ISTPKW,ISTFUSS,ISTKRAD,ISTGKFZ,ISTSONSTIG
"POINT (8.460170916000038 49.493108635000056)",Unfall 91268 (2023) Kat:3, Licht: 0,91268,3,6,2,08,19,1,0,0,0,1,0,0,0,0
"POINT (8.531547641000031 49.437442203000046)",Unfall 91340 (2023) Kat:3, Licht: 0,91340,3,6,2,08,17,6,0,0,0,1,0,0,0,0
"POINT (8.510175672000059 49.507530838000037)",Unfall 91341 (2023) Kat:3, Licht: 0,91341,3,6,3,08,11,6,0,0,0,1,0,1,0,0
"POINT (8.536810839000054 49.498637135000081)",Unfall 91342 (2023) Kat:3, Licht: 0,91342,3,6,2,08,13,6,0,0,0,1,0,0,0,0
"POINT (8.534521442000027 49.448646703000065)",Unfall 91700 (2023) Kat:3, Licht: 0,91700,3,2,3,08,14,5,0,0,1,1,0,0,0,0
"POINT (8.522760596000069 49.473338577000050)",Unfall 91771 (2023) Kat:3, Licht: 0,91771,3,6,1,08,12,3,0,0,0,1,0,0,1,0
"POINT (8.531243747000076 49.479846195000050)",Unfall 91824 (2023) Kat:3, Licht: 2,91824,3,1,8,08,00,2,1,2,0,1,0,0,0,0
"POINT (8.483766589000027 49.473967053000081)",Unfall 91888 (2023) Kat:3, Licht: 0,91888,3,6,1,08,11,7,0,0,0,1,0,1,0,0
"POINT (8.551353484000060 49.489452889000063)",Unfall 91889 (2023) Kat:3, Licht: 0,91889,3,6,2,08,12,7,0,0,0,1,0,0,0,0
"POINT (8.471319575000052 49.481339803000026)",Unfall 92056 (2023) Kat:3, Licht: 1,92056,3,6,2,08,20,3,1,1,0,1,0,0,0,0
"POINT (8.482205507000060 49.491759994000063)",Unfall 92083 (2023) Kat:3, Licht: 0,92083,3,6,2,08,18,4,0,0,0,1,0,0,0,0
"POINT (8.539559886000063 49.462259118000077)",Unfall 92106 (2023) Kat:3, Licht: 1,92106,3,1,8,07,19,2,1,1,0,1,0,0,0,0
"POINT (8.582509894000054 49.457435686000053)",Unfall 92154 (2023) Kat:3, Licht: 0,92154,3,1,0,07,14,1,0,0,1,0,0,0,0,0
"POINT (8.520443644000068 49.466568840000036)",Unfall 92309 (2023) Kat:3, Licht: 0,92309,3,1,9,07,16,5,1,0,0,1,0,0,0,0
"POINT (8.471649765000052 49.481680185000073)",Unfall 92375 (2023) Kat:3, Licht: 0,92375,3,6,2,07,15,4,0,0,1,1,0,0,0,0
"POINT (8.560344779000047 49.509913055000027)",Unfall 92430 (2023) Kat:3, Licht: 2,92430,3,7,7,07,01,3,0,2,0,0,0,0,0,1
"POINT (8.543932998000059 49.482318267000039)",Unfall 92432 (2023) Kat:3, Licht: 0,92432,3,6,2,07,17,3,1,0,0,1,0,0,0,0
"POINT (8.466022524000039 49.483284388000072)",Unfall 92433 (2023) Kat:3, Licht: 0,92433,3,6,3,07,10,3,1,0,0,0,0,1,0,1
"POINT (8.482169073000023 49.473934400000076)",Unfall 92497 (2023) Kat:3, Licht: 0,92497,3,3,5,07,08,2,0,0,0,1,0,0,0,1
"POINT (8.456558255000061 49.481297701000074)",Unfall 92663 (2023) Kat:3, Licht: 0,92663,3,6,1,07,12,6,0,0,0,1,0,0,0,0
"POINT (8.532086100000072 49.463407658000051)",Unfall 92664 (2023) Kat:3, Licht: 0,92664,3,6,2,07,14,6,0,0,0,1,0,0,0,1
"POINT (8.546346083000060 49.514818041000069)",Unfall 92890 (2023) Kat:3, Licht: 0,92890,3,6,2,07,12,3,0,0,0,1,0,0,0,0
"POINT (8.496332097000050 49.476167588000067)",Unfall 93111 (2023) Kat:2, Licht: 0,93111,2,6,2,08,08,3,0,0,0,1,0,0,0,0
"POINT (8.566738328000042 49.418846124000027)",Unfall 93119 (2023) Kat:3, Licht: 0,93119,3,1,9,08,11,6,0,0,0,1,0,0,0,0
"POINT (8.471011750000059 49.481220351000047)",Unfall 93160 (2023) Kat:3, Licht: 0,93160,3,7,1,07,11,6,0,0,0,1,0,1,0,0
"POINT (8.545815355000059 49.482361787000059)",Unfall 93245 (2023) Kat:3, Licht: 0,93245,3,6,2,07,07,5,0,0,0,1,0,0,0,0
"POINT (8.550987630000066 49.491694787000029)",Unfall 93247 (2023) Kat:3, Licht: 0,93247,3,7,0,07,07,5,0,0,0,0,0,1,0,0
"POINT (8.544532703000073 49.482946507000065)",Unfall 93313 (2023) Kat:2, Licht: 0,93313,2,7,5,07,20,4,0,0,1,1,0,0,0,1
"POINT (8.450016450000021 49.549592469000061)",Unfall 93330 (2023) Kat:3, Licht: 0,93330,3,6,2,07,14,1,0,0,0,1,0,0,0,0
"POINT (8.458183632000043 49.482105234000073)",Unfall 93434 (2023) Kat:3, Licht: 2,93434,3,1,9,09,23,1,0,2,0,1,0,0,0,0
"POINT (8.473971933000030 49.483601669000052)",Unfall 93435 (2023) Kat:3, Licht: 0,93435,3,6,1,09,17,1,0,0,0,1,0,1,0,0
"POINT (8.529093325000076 49.431164628000033)",Unfall 93436 (2023) Kat:3, Licht: 0,93436,3,6,4,09,18,1,0,0,1,0,0,0,0,0
"POINT (8.477194051000026 49.474270217000026)",Unfall 93437 (2023) Kat:3, Licht: 0,93437,3,6,2,09,17,1,0,0,0,1,0,0,0,0
"POINT (8.468443901000057 49.478548066000030)",Unfall 93524 (2023) Kat:3, Licht: 0,93524,3,6,2,09,09,6,0,0,0,1,0,0,0,0
"POINT (8.497216831000060 49.502918763000082)",Unfall 93525 (2023) Kat:1, Licht: 2,93525,1,4,6,09,21,6,0,2,0,1,1,0,0,0
"POINT (8.449288488000036 49.550114021000070)",Unfall 93583 (2023) Kat:3, Licht: 0,93583,3,3,5,09,09,5,0,0,0,1,0,0,0,0
"POINT (8.490979244000073 49.499450073000048)",Unfall 93584 (2023) Kat:3, Licht: 0,93584,3,6,2,09,17,5,0,0,0,1,0,1,0,0
"POINT (8.456899750000048 49.481458458000077)",Unfall 93634 (2023) Kat:3, Licht: 0,93634,3,6,3,09,14,4,0,0,0,1,0,0,0,0
"POINT (8.535800773000062 49.462211626000055)",Unfall 93689 (2023) Kat:3, Licht: 0,93689,3,6,2,09,16,3,0,0,0,1,0,0,0,0
"POINT (8.476911522000023 49.487707809000028)",Unfall 93935 (2023) Kat:3, Licht: 0,93935,3,6,3,09,19,6,0,0,0,1,0,0,1,0
"POINT (8.568162588000064 49.450385752000045)",Unfall 93937 (2023) Kat:3, Licht: 2,93937,3,1,9,09,06,6,0,2,0,1,0,0,0,0
"POINT (8.542562572000065 49.473739104000060)",Unfall 93938 (2023) Kat:3, Licht: 0,93938,3,6,9,09,14,6,0,0,0,1,0,0,0,0
"POINT (8.531294479000053 49.512911383000073)",Unfall 93998 (2023) Kat:2, Licht: 0,93998,2,6,2,09,17,5,0,0,0,0,0,1,0,1
"POINT (8.515884408000034 49.477631321000047)",Unfall 94072 (2023) Kat:3, Licht: 0,94072,3,2,5,09,07,4,0,0,1,0,0,1,0,0
"POINT (8.483181446000060 49.494554671000060)",Unfall 94274 (2023) Kat:3, Licht: 0,94274,3,7,6,09,15,1,0,0,1,0,1,0,0,0
"POINT (8.569674123000027 49.448818343000028)",Unfall 94458 (2023) Kat:3, Licht: 0,94458,3,2,5,08,15,5,0,0,0,1,0,0,0,1
"POINT (8.445507503000044 49.489781406000077)",Unfall 94524 (2023) Kat:3, Licht: 0,94524,3,6,2,08,15,3,0,0,0,1,0,0,0,0
"POINT (8.460164858000041 49.500694127000031)",Unfall 94851 (2023) Kat:3, Licht: 0,94851,3,7,0,10,15,6,0,0,0,0,0,1,0,0
"POINT (8.522827985000049 49.473478395000029)",Unfall 94852 (2023) Kat:3, Licht: 0,94852,3,6,2,10,17,6,0,0,0,1,0,0,0,0
"POINT (8.505556201000047 49.463750317000063)",Unfall 94855 (2023) Kat:3, Licht: 0,94855,3,6,1,10,11,6,0,0,0,0,0,1,0,1
"POINT (8.560526118000041 49.516195307000032)",Unfall 94971 (2023) Kat:2, Licht: 2,94971,2,7,0,10,23,4,0,2,0,1,0,0,1,1
"POINT (8.475370172000055 49.485145155000055)",Unfall 95026 (2023) Kat:3, Licht: 0,95026,3,6,2,10,17,3,0,0,1,1,0,0,0,0
"POINT (8.447088313000052 49.565179739000030)",Unfall 95065 (2023) Kat:3, Licht: 0,95065,3,6,2,10,17,2,0,0,0,1,0,0,0,0
"POINT (8.537460667000062 49.419951016000027)",Unfall 95110 (2023) Kat:3, Licht: 0,95110,3,1,1,10,09,1,0,0,0,1,0,1,0,0
"POINT (8.464324592000025 49.506460474000050)",Unfall 95168 (2023) Kat:3, Licht: 2,95168,3,1,8,10,21,7,0,2,0,1,0,0,0,0
"POINT (8.467239251000024 49.508543439000050)",Unfall 95260 (2023) Kat:3, Licht: 2,95260,3,2,4,10,20,5,0,2,0,1,0,0,0,1
"POINT (8.487474402000032 49.475453507000054)",Unfall 95363 (2023) Kat:3, Licht: 2,95363,3,4,6,10,00,3,0,2,0,1,1,0,0,1
"POINT (8.482012893000046 49.494808978000037)",Unfall 95531 (2023) Kat:3, Licht: 0,95531,3,2,4,09,18,7,0,0,1,1,0,0,0,0
"POINT (8.477085077000027 49.474240824000049)",Unfall 95596 (2023) Kat:3, Licht: 2,95596,3,6,3,09,21,6,0,2,0,1,0,0,0,0
"POINT (8.550996440000063 49.491700444000060)",Unfall 95653 (2023) Kat:3, Licht: 0,95653,3,6,2,09,17,5,0,0,0,1,0,0,0,0
"POINT (8.459994196000025 49.498312176000070)",Unfall 95654 (2023) Kat:2, Licht: 0,95654,2,6,4,09,15,5,0,0,0,1,0,1,0,0
"POINT (8.465121696000040 49.507030229000065)",Unfall 95735 (2023) Kat:3, Licht: 0,95735,3,3,5,09,16,4,0,0,0,1,0,0,0,0
"POINT (8.483639339000035 49.493182072000081)",Unfall 95736 (2023) Kat:3, Licht: 0,95736,3,5,1,09,14,4,0,0,1,1,0,0,0,0
"POINT (8.490415177000045 49.528070057000036)",Unfall 96067 (2023) Kat:3, Licht: 0,96067,3,2,5,09,11,6,0,0,1,0,0,0,1,0
"POINT (8.476532030000044 49.474606229000074)",Unfall 96068 (2023) Kat:3, Licht: 1,96068,3,6,3,09,18,6,1,1,0,1,0,0,1,0
"POINT (8.515271152000025 49.488814244000082)",Unfall 96069 (2023) Kat:3, Licht: 2,96069,3,6,3,09,19,6,0,2,0,1,0,0,1,0
"POINT (8.481599648000042 49.524751714000047)",Unfall 96124 (2023) Kat:3, Licht: 0,96124,3,6,3,09,18,5,0,0,0,1,0,1,0,0
"POINT (8.492946551000045 49.489979120000044)",Unfall 96125 (2023) Kat:3, Licht: 0,96125,3,7,1,09,09,5,0,0,0,1,0,0,0,0
"POINT (8.489087544000029 49.498564364000060)",Unfall 96342 (2023) Kat:2, Licht: 0,96342,2,3,5,09,09,2,0,0,1,1,0,0,0,0
"POINT (8.486832795000055 49.496354338000060)",Unfall 96413 (2023) Kat:3, Licht: 0,96413,3,6,2,12,14,3,1,0,0,1,0,0,0,0
"POINT (8.451170951000051 49.548831022000059)",Unfall 96569 (2023) Kat:3, Licht: 2,96569,3,6,2,12,17,6,1,2,0,1,0,0,0,0
"POINT (8.572423742000069 49.449197206000065)",Unfall 96625 (2023) Kat:3, Licht: 0,96625,3,6,2,11,09,5,1,0,0,1,0,0,0,0
"POINT (8.488059735000036 49.497665855000037)",Unfall 96707 (2023) Kat:3, Licht: 0,96707,3,2,3,11,07,3,1,0,1,1,0,0,0,0
"POINT (8.522778658000050 49.473803462000035)",Unfall 96708 (2023) Kat:3, Licht: 2,96708,3,6,2,11,16,3,1,2,0,1,0,0,0,0
"POINT (8.516204862000052 49.488596331000053)",Unfall 96742 (2023) Kat:3, Licht: 2,96742,3,2,5,11,18,2,1,2,0,1,0,0,0,0
"POINT (8.479353913000068 49.488112120000039)",Unfall 96813 (2023) Kat:3, Licht: 0,96813,3,2,5,11,12,7,0,0,0,1,0,0,0,0
"POINT (8.534092052000062 49.513937715000054)",Unfall 96967 (2023) Kat:3, Licht: 0,96967,3,6,2,11,15,4,0,0,0,1,0,0,0,1
"POINT (8.555150565000076 49.521566140000061)",Unfall 96968 (2023) Kat:2, Licht: 2,96968,2,6,2,11,17,4,0,2,0,1,0,0,0,0
"POINT (8.532141995000075 49.463390958000048)",Unfall 96970 (2023) Kat:3, Licht: 2,96970,3,6,2,11,17,4,0,2,0,1,0,0,0,0
"POINT (8.529684294000049 49.512450430000058)",Unfall 97018 (2023) Kat:2, Licht: 2,97018,2,4,6,11,06,3,0,2,0,0,1,0,1,0
"POINT (8.517577424000024 49.486355109000044)",Unfall 97130 (2023) Kat:3, Licht: 2,97130,3,1,8,11,17,7,1,2,0,1,0,0,0,0
"POINT (8.446854891000044 49.555445692000035)",Unfall 97180 (2023) Kat:3, Licht: 0,97180,3,7,3,11,11,6,1,0,0,1,0,0,1,0
"POINT (8.516609601000027 49.507623390000049)",Unfall 97181 (2023) Kat:3, Licht: 0,97181,3,1,2,11,13,6,1,0,0,1,0,0,0,0
"POINT (8.524484334000022 49.513273349000031)",Unfall 97182 (2023) Kat:3, Licht: 2,97182,3,1,0,11,16,6,1,2,0,0,0,1,0,0
"POINT (8.446424889000070 49.564154075000033)",Unfall 97246 (2023) Kat:2, Licht: 2,97246,2,6,4,11,17,5,0,2,0,1,0,0,0,0
"POINT (8.462955279000028 49.484496315000058)",Unfall 97247 (2023) Kat:3, Licht: 1,97247,3,6,2,11,16,5,1,1,0,1,0,0,0,0
"POINT (8.565899481000031 49.464394174000063)",Unfall 97372 (2023) Kat:3, Licht: 2,97372,3,6,2,11,19,2,1,2,0,1,0,0,0,0
"POINT (8.496592257000032 49.525711027000057)",Unfall 97407 (2023) Kat:3, Licht: 2,97407,3,2,5,11,17,1,1,2,1,1,0,0,0,0
"POINT (8.450563908000049 49.491401788000076)",Unfall 97469 (2023) Kat:2, Licht: 2,97469,2,7,0,11,17,6,1,2,1,0,0,0,0,0
"POINT (8.541877826000075 49.447093424000059)",Unfall 97536 (2023) Kat:3, Licht: 0,97536,3,6,2,11,09,5,1,0,0,1,0,0,0,0
"POINT (8.540747523000050 49.442755243000079)",Unfall 97582 (2023) Kat:3, Licht: 2,97582,3,6,2,11,17,5,1,2,0,1,0,0,0,0
"POINT (8.487569963000055 49.475330447000033)",Unfall 97584 (2023) Kat:3, Licht: 2,97584,3,5,5,11,17,4,0,2,1,1,0,0,0,0
"POINT (8.457124849000024 49.545140454000034)",Unfall 97631 (2023) Kat:3, Licht: 2,97631,3,2,5,11,17,2,1,2,0,1,0,0,0,1
"POINT (8.459890651000023 49.481262444000038)",Unfall 97632 (2023) Kat:3, Licht: 0,97632,3,6,2,11,13,2,0,0,0,1,0,0,0,0
"POINT (8.550867156000038 49.488662045000069)",Unfall 97633 (2023) Kat:3, Licht: 0,97633,3,6,2,11,08,3,0,0,0,1,0,0,0,0
"POINT (8.462900438000077 49.484416706000047)",Unfall 97681 (2023) Kat:3, Licht: 0,97681,3,6,2,11,15,2,1,0,0,1,0,0,0,0
"POINT (8.485061249000069 49.493925194000042)",Unfall 97682 (2023) Kat:3, Licht: 1,97682,3,1,0,11,17,2,1,1,0,0,0,1,0,0
"POINT (8.530822979000050 49.512736132000043)",Unfall 97727 (2023) Kat:2, Licht: 2,97727,2,4,6,11,17,1,1,2,0,1,1,0,0,0
"POINT (8.560165958000027 49.516181663000054)",Unfall 97749 (2023) Kat:3, Licht: 0,97749,3,1,3,11,16,7,1,0,0,1,0,0,0,0
"POINT (8.546359520000067 49.514794864000066)",Unfall 97782 (2023) Kat:2, Licht: 0,97782,2,2,5,11,15,4,1,0,0,1,0,0,0,1
"POINT (8.488812629000051 49.498400863000029)",Unfall 97800 (2023) Kat:3, Licht: 2,97800,3,2,5,11,19,6,0,2,0,1,0,0,0,0
"POINT (8.471053922000067 49.481203397000058)",Unfall 97887 (2023) Kat:2, Licht: 2,97887,2,4,6,11,00,4,0,2,0,1,1,0,0,0
"POINT (8.456744693000076 49.486939143000029)",Unfall 97981 (2023) Kat:3, Licht: 2,97981,3,6,1,10,17,2,1,2,0,1,0,0,0,0
"POINT (8.518663473000061 49.467927499000041)",Unfall 98119 (2023) Kat:3, Licht: 2,98119,3,6,2,10,19,6,1,2,0,1,0,0,0,0
"POINT (8.480933361000041 49.523953707000032)",Unfall 98215 (2023) Kat:3, Licht: 0,98215,3,6,3,11,12,6,1,0,0,1,0,1,0,0
"POINT (8.552142742000058 49.490185432000033)",Unfall 98274 (2023) Kat:3, Licht: 0,98274,3,6,2,11,15,6,0,0,0,1,0,0,0,0
"POINT (8.472334099000022 49.480790219000028)",Unfall 98329 (2023) Kat:3, Licht: 0,98329,3,7,6,10,14,7,0,0,1,0,1,0,0,0
"POINT (8.487388915000054 49.475360283000043)",Unfall 98341 (2023) Kat:3, Licht: 0,98341,3,7,3,10,16,3,1,0,0,1,0,0,0,0
"POINT (8.477555626000026 49.476515959000039)",Unfall 98425 (2023) Kat:3, Licht: 2,98425,3,6,2,10,19,2,1,2,0,1,0,0,0,0
"POINT (8.476969795000059 49.474325613000076)",Unfall 98426 (2023) Kat:3, Licht: 0,98426,3,3,5,10,08,2,0,0,0,1,0,0,1,0
"POINT (8.524067484000057 49.476863100000060)",Unfall 98427 (2023) Kat:3, Licht: 0,98427,3,6,2,10,16,2,1,0,0,1,0,0,0,1
"POINT (8.560791876000053 49.506799766000029)",Unfall 98428 (2023) Kat:3, Licht: 2,98428,3,6,2,10,19,2,1,2,0,1,0,0,0,0
"POINT (8.438009219000037 49.553064655000071)",Unfall 98441 (2023) Kat:3, Licht: 0,98441,3,6,2,11,09,4,0,0,0,1,0,0,0,0
"POINT (8.520462236000071 49.494749130000059)",Unfall 98530 (2023) Kat:3, Licht: 2,98530,3,3,5,11,05,7,1,2,0,1,0,0,0,0
"POINT (8.475671911000063 49.486085761000027)",Unfall 98542 (2023) Kat:3, Licht: 0,98542,3,6,2,10,17,7,0,0,0,1,0,0,0,0
"POINT (8.493732131000058 49.479548947000069)",Unfall 98619 (2023) Kat:3, Licht: 2,98619,3,1,8,10,23,6,1,2,0,1,0,0,0,0
"POINT (8.496615456000029 49.525701996000066)",Unfall 98793 (2023) Kat:3, Licht: 0,98793,3,1,0,10,12,4,0,0,0,0,0,1,0,0
"POINT (8.487955446000058 49.475777206000032)",Unfall 98794 (2023) Kat:2, Licht: 0,98794,2,5,5,10,12,4,0,0,1,1,0,0,0,0
"POINT (8.524364246000061 49.439999911000029)",Unfall 98795 (2023) Kat:3, Licht: 2,98795,3,3,5,10,06,4,0,2,1,1,0,0,0,0
"POINT (8.524962941000069 49.436464296000054)",Unfall 99027 (2023) Kat:2, Licht: 2,99027,2,3,5,12,18,6,0,2,0,1,0,0,0,1
"POINT (8.567605421000053 49.434802837000063)",Unfall 99065 (2023) Kat:3, Licht: 0,99065,3,3,5,12,13,5,1,0,1,1,0,0,0,0
"POINT (8.565971526000055 49.431641137000042)",Unfall 99066 (2023) Kat:1, Licht: 1,99066,1,1,4,12,17,5,1,1,0,1,0,1,0,0
"POINT (8.477367079000032 49.517394848000038)",Unfall 99253 (2023) Kat:3, Licht: 0,99253,3,3,5,12,08,5,1,0,1,1,0,0,0,0
"POINT (8.524919623000073 49.436520034000068)",Unfall 99254 (2023) Kat:3, Licht: 0,99254,3,3,5,12,15,5,1,0,0,1,0,1,0,0
"POINT (8.532754443000044 49.503628388000038)",Unfall 99401 (2023) Kat:3, Licht: 0,99401,3,6,4,12,15,2,0,0,0,1,0,0,0,0
"POINT (8.541202920000046 49.456139155000074)",Unfall 99466 (2023) Kat:3, Licht: 0,99466,3,1,9,12,08,1,2,0,0,1,0,0,0,0
"POINT (8.491709183000069 49.477594952000061)",Unfall 99501 (2023) Kat:3, Licht: 1,99501,3,7,5,12,16,7,0,1,0,1,0,0,0,0
"POINT (8.525174140000047 49.512661780000030)",Unfall 99581 (2023) Kat:3, Licht: 0,99581,3,6,2,12,14,5,1,0,0,1,0,0,0,0
"POINT (8.491338708000058 49.499631092000072)",Unfall 99623 (2023) Kat:3, Licht: 0,99623,3,2,5,12,16,4,0,0,1,1,0,0,0,0
"POINT (8.530780861000039 49.479869174000044)",Unfall 99625 (2023) Kat:3, Licht: 2,99625,3,6,1,12,16,4,0,2,0,1,0,0,0,0
"POINT (8.559861000000069 49.522310018000042)",Unfall 99647 (2023) Kat:3, Licht: 2,99647,3,1,8,12,23,4,1,2,0,1,0,0,0,0
"POINT (8.512222722000047 49.489005582000061)",Unfall 99692 (2023) Kat:3, Licht: 2,99692,3,3,5,12,19,3,1,2,1,1,0,0,0,0
"POINT (8.487667555000030 49.497220327000036)",Unfall 99831 (2023) Kat:1, Licht: 2,99831,1,4,6,12,01,7,0,2,0,0,1,0,0,1
"POINT (8.457124596000028 49.545140613000058)",Unfall 99961 (2023) Kat:3, Licht: 2,99961,3,6,1,12,20,6,1,2,0,1,0,0,1,0
"POINT (8.503290526000058 49.473441926000078)",Unfall 99999 (2023) Kat:3, Licht: 0,99999,3,6,1,12,14,4,0,0,0,1,0,0,0,0
"POINT (8.465837072000056 49.489843599000039)",Unfall 202132 (2023) Kat:3, Licht: 2,202132,3,2,6,02,02,7,0,2,0,1,1,0,0,0
"POINT (8.475076835000038 49.451656248000063)",Unfall 202155 (2023) Kat:3, Licht: 2,202155,3,2,6,02,18,6,0,2,0,1,1,0,0,0
"POINT (8.483705098000030 49.469451895000077)",Unfall 202182 (2023) Kat:3, Licht: 0,202182,3,6,3,02,12,5,0,0,0,1,0,0,1,0
"POINT (8.478709358000060 49.462146519000044)",Unfall 202183 (2023) Kat:3, Licht: 1,202183,3,4,6,02,17,5,0,1,1,0,1,0,0,0
"POINT (8.520463554000060 49.489679650000028)",Unfall 202184 (2023) Kat:3, Licht: 0,202184,3,2,6,02,09,5,0,0,0,1,1,0,0,0
"POINT (8.497121696000022 49.450851524000029)",Unfall 202209 (2023) Kat:2, Licht: 0,202209,2,3,5,02,09,4,0,0,1,1,0,0,0,0
"POINT (8.490721750000034 49.460673260000078)",Unfall 202210 (2023) Kat:3, Licht: 0,202210,3,6,2,02,08,4,0,0,0,1,0,0,0,0
"POINT (8.510205989000042 49.507759827000029)",Unfall 202211 (2023) Kat:3, Licht: 1,202211,3,6,0,02,18,4,0,1,1,1,0,0,0,0
"POINT (8.516112753000073 49.477704606000032)",Unfall 202241 (2023) Kat:3, Licht: 0,202241,3,3,5,02,07,3,0,0,0,1,0,0,0,0
"POINT (8.477244412000061 49.485970807000058)",Unfall 202247 (2023) Kat:3, Licht: 0,202247,3,3,0,02,15,6,0,0,1,1,0,0,0,0
"POINT (8.481125505000023 49.456832461000033)",Unfall 202263 (2023) Kat:3, Licht: 0,202263,3,3,5,02,14,2,0,0,1,1,0,0,0,0
"POINT (8.489276246000031 49.462384683000039)",Unfall 202264 (2023) Kat:3, Licht: 2,202264,3,3,5,02,19,2,0,2,1,1,0,0,0,0
"POINT (8.510920192000071 49.526291987000036)",Unfall 202265 (2023) Kat:3, Licht: 2,202265,3,5,1,02,18,2,0,2,0,1,0,0,0,0
"POINT (8.481715976000032 49.523918534000074)",Unfall 202279 (2023) Kat:3, Licht: 0,202279,3,6,2,02,11,1,1,0,0,1,0,0,0,0
"POINT (8.466908626000077 49.510731264000071)",Unfall 202296 (2023) Kat:3, Licht: 2,202296,3,3,5,02,06,7,0,2,0,1,0,0,0,0
"POINT (8.485414814000023 49.466773176000061)",Unfall 202315 (2023) Kat:3, Licht: 2,202315,3,6,2,02,18,6,1,2,0,1,0,0,0,1
"POINT (8.483883866000042 49.471044239000037)",Unfall 202340 (2023) Kat:3, Licht: 0,202340,3,6,2,02,18,5,0,0,0,1,0,0,0,0
"POINT (8.454443267000045 49.544092442000078)",Unfall 202360 (2023) Kat:3, Licht: 0,202360,3,3,5,02,15,4,0,0,0,1,0,0,0,1
"POINT (8.489918935000048 49.529867738000064)",Unfall 202361 (2023) Kat:3, Licht: 0,202361,3,6,2,02,09,4,0,0,0,1,0,0,0,1
"POINT (8.474781378000046 49.490864900000076)",Unfall 202390 (2023) Kat:3, Licht: 2,202390,3,6,2,01,18,3,0,2,0,1,0,0,0,0
"POINT (8.519465184000069 49.421430962000045)",Unfall 202391 (2023) Kat:3, Licht: 0,202391,3,3,5,01,17,3,0,0,1,1,0,0,0,0
"POINT (8.505039814000042 49.522164990000078)",Unfall 202392 (2023) Kat:3, Licht: 2,202392,3,2,6,01,19,3,1,2,0,1,1,0,0,0
"POINT (8.488146653000058 49.463566787000047)",Unfall 202393 (2023) Kat:3, Licht: 0,202393,3,3,5,01,09,3,0,0,1,1,0,0,0,0
"POINT (8.470187847000034 49.481748182000047)",Unfall 202431 (2023) Kat:3, Licht: 2,202431,3,6,2,02,23,6,0,2,0,1,0,0,0,0
"POINT (8.477608694000025 49.517611002000081)",Unfall 202440 (2023) Kat:3, Licht: 0,202440,3,7,0,01,16,1,0,0,1,0,0,0,0,0
"POINT (8.475421993000054 49.490096084000072)",Unfall 202457 (2023) Kat:3, Licht: 2,202457,3,6,3,01,19,7,0,2,1,1,0,0,0,0
"POINT (8.498962466000023 49.453758252000057)",Unfall 202493 (2023) Kat:3, Licht: 0,202493,3,3,5,01,13,5,0,0,1,1,0,0,0,0
"POINT (8.473647455000048 49.515807086000052)",Unfall 202525 (2023) Kat:3, Licht: 0,202525,3,2,5,01,12,4,0,0,0,1,0,0,0,0
"POINT (8.475696566000067 49.473427975000050)",Unfall 202526 (2023) Kat:3, Licht: 0,202526,3,7,8,01,16,4,0,0,0,1,0,0,0,0
"POINT (8.524581247000071 49.440355709000073)",Unfall 202527 (2023) Kat:3, Licht: 2,202527,3,1,0,01,06,4,1,2,1,0,0,0,0,0
"POINT (8.484365860000025 49.480791261000036)",Unfall 202546 (2023) Kat:3, Licht: 0,202546,3,6,2,01,11,3,0,0,0,1,0,0,0,0
"POINT (8.472648858000071 49.485181686000033)",Unfall 202547 (2023) Kat:3, Licht: 0,202547,3,4,6,01,08,3,1,0,0,0,1,0,0,1
"POINT (8.530954267000027 49.428755636000062)",Unfall 202594 (2023) Kat:3, Licht: 0,202594,3,3,5,01,10,7,2,0,0,1,0,0,0,1
"POINT (8.446426194000026 49.507439270000077)",Unfall 202612 (2023) Kat:3, Licht: 2,202612,3,1,9,01,21,6,2,2,0,1,0,0,0,0
"POINT (8.515200258000050 49.509617758000047)",Unfall 202639 (2023) Kat:3, Licht: 2,202639,3,2,5,01,18,5,1,2,1,1,0,0,0,0
"POINT (8.482136276000062 49.474190886000031)",Unfall 202726 (2023) Kat:3, Licht: 0,202726,3,3,5,01,12,2,1,0,1,1,0,0,0,0
"POINT (8.506783176000056 49.509492812000076)",Unfall 202727 (2023) Kat:2, Licht: 0,202727,2,3,5,01,08,2,0,0,1,1,0,0,0,0
"POINT (8.494320379000044 49.455445501000042)",Unfall 202729 (2023) Kat:2, Licht: 0,202729,2,4,6,01,14,2,0,0,0,1,1,0,0,0
"POINT (8.467007256000045 49.510655898000039)",Unfall 202758 (2023) Kat:3, Licht: 2,202758,3,3,5,01,03,1,1,2,0,1,0,0,0,0
"POINT (8.497174724000047 49.502669846000060)",Unfall 202781 (2023) Kat:3, Licht: 0,202781,3,7,0,01,16,5,1,0,1,0,0,0,0,0
"POINT (8.471153108000067 49.516357807000077)",Unfall 202791 (2023) Kat:3, Licht: 0,202791,3,6,2,01,08,2,1,0,0,1,0,0,0,0