WKT,Name,OBJECTID,UKATEGORIE,UTYP1,UART,UMONAT,USTUNDE,UWOCHENTAG,STRZUSTAND,ULICHTVERH,ISTRAD,ISTPKW,ISTFUSS,ISTKRAD,ISTGKFZ,ISTSONSTIG
"POINT (8.484340813000074 49.471990040000037)",Unfall 206666 (2023) Kat:3, Licht: 0,206666,3,1,9,06,20,4,0,0,0,0,0,1,0,0
"POINT (8.465033630000050 49.488971205000041)",Unfall 206705 (2023) Kat:3, Licht: 0,206705,3,3,5,06,10,7,0,0,1,1,0,0,0,0
"POINT (8.506730022000056 49.509510830000067)",Unfall 206714 (2023) Kat:3, Licht: 0,206714,3,3,5,06,19,3,0,0,1,1,0,0,0,0
"POINT (8.473412624000048 49.485816782000029)",Unfall 206715 (2023) Kat:3, Licht: 0,206715,3,4,6,06,16,3,0,0,1,0,1,0,0,0
"POINT (8.470508906000020 49.507891082000071)",Unfall 206716 (2023) Kat:3, Licht: 0,206716,3,7,3,06,07,3,0,0,0,1,0,0,0,1
"POINT (8.488470615000040 49.454949085000067)",Unfall 206758 (2023) Kat:3, Licht: 0,206758,3,3,5,06,16,2,0,0,0,1,0,1,0,0
"POINT (8.575900685000022 49.446669393000036)",Unfall 206802 (2023) Kat:3, Licht: 0,206802,3,7,0,06,19,1,0,0,1,0,0,0,0,0
"POINT (8.463386763000074 49.489617023000051)",Unfall 206804 (2023) Kat:3, Licht: 0,206804,3,3,5,06,11,1,0,0,0,1,0,1,0,0
"POINT (8.459198371000070 49.496741116000067)",Unfall 206805 (2023) Kat:3, Licht: 0,206805,3,6,0,06,05,1,0,0,0,0,0,0,0,1
"POINT (8.466541804000030 49.486591126000064)",Unfall 206842 (2023) Kat:3, Licht: 0,206842,3,6,2,06,18,7,0,0,0,1,0,0,0,0
"POINT (8.484728137000047 49.481527518000064)",Unfall 206882 (2023) Kat:3, Licht: 0,206882,3,3,5,06,08,6,0,0,0,1,0,1,0,0
"POINT (8.483328013000062 49.477777926000044)",Unfall 206883 (2023) Kat:3, Licht: 2,206883,3,4,6,06,21,6,0,2,0,0,1,0,0,1
"POINT (8.475543279000021 49.464865585000041)",Unfall 206884 (2023) Kat:3, Licht: 0,206884,3,3,5,06,18,6,0,0,1,1,0,0,0,0
"POINT (8.495877513000039 49.452929476000065)",Unfall 206885 (2023) Kat:3, Licht: 0,206885,3,6,3,06,16,6,0,0,0,1,0,1,0,0
"POINT (8.562371477000056 49.457921433000081)",Unfall 206886 (2023) Kat:3, Licht: 2,206886,3,7,9,06,02,6,0,2,0,1,0,0,0,0
"POINT (8.459353879000048 49.489392400000042)",Unfall 206887 (2023) Kat:3, Licht: 0,206887,3,5,5,06,07,6,0,0,0,1,0,0,0,1
"POINT (8.545779692000053 49.489954129000068)",Unfall 206930 (2023) Kat:3, Licht: 0,206930,3,5,7,06,12,5,0,0,1,1,0,0,0,0
"POINT (8.493899033000048 49.455831120000028)",Unfall 207042 (2023) Kat:3, Licht: 0,207042,3,4,6,05,11,3,0,0,0,1,1,0,0,0
"POINT (8.471421268000029 49.472789776000070)",Unfall 207043 (2023) Kat:3, Licht: 0,207043,3,7,6,05,11,3,0,0,0,0,1,0,0,1
"POINT (8.450685611000040 49.549832664000064)",Unfall 207108 (2023) Kat:3, Licht: 0,207108,3,7,1,05,18,2,0,0,0,1,0,1,0,0
"POINT (8.530173228000024 49.511937183000043)",Unfall 207123 (2023) Kat:3, Licht: 0,207123,3,7,6,05,20,1,0,0,0,1,1,0,0,0
"POINT (8.493426378000038 49.476030942000079)",Unfall 207153 (2023) Kat:3, Licht: 0,207153,3,7,0,06,14,2,0,0,1,0,0,0,0,0
"POINT (8.464239270000064 49.486893779000070)",Unfall 207163 (2023) Kat:3, Licht: 2,207163,3,7,9,05,22,7,0,2,0,1,0,0,0,0
"POINT (8.469966976000023 49.484492648000071)",Unfall 207165 (2023) Kat:3, Licht: 2,207165,3,1,6,05,23,7,0,2,0,1,1,0,0,0
"POINT (8.471430455000075 49.472759145000055)",Unfall 207228 (2023) Kat:3, Licht: 2,207228,3,3,5,05,22,6,0,2,1,1,0,0,0,0
"POINT (8.519256091000045 49.515735450000079)",Unfall 207229 (2023) Kat:3, Licht: 0,207229,3,2,4,05,16,6,0,0,0,1,0,0,0,0
"POINT (8.513422003000073 49.517528998000046)",Unfall 207288 (2023) Kat:2, Licht: 0,207288,2,6,4,05,14,5,0,0,1,0,0,0,0,0
"POINT (8.492578337000054 49.481736090000027)",Unfall 207373 (2023) Kat:2, Licht: 0,207373,2,3,5,07,13,4,0,0,0,1,0,1,0,0
"POINT (8.478059996000070 49.486734336000040)",Unfall 207375 (2023) Kat:3, Licht: 0,207375,3,3,5,07,17,4,0,0,0,1,0,0,0,1
"POINT (8.478480612000055 49.460904089000053)",Unfall 207419 (2023) Kat:3, Licht: 0,207419,3,6,2,07,15,3,0,0,0,1,0,0,0,0
"POINT (8.463410946000067 49.477246340000079)",Unfall 207518 (2023) Kat:3, Licht: 0,207518,3,5,1,07,20,1,0,0,1,1,0,0,0,0
"POINT (8.446016974000031 49.547415817000058)",Unfall 207519 (2023) Kat:3, Licht: 0,207519,3,6,3,07,17,1,0,0,1,1,0,0,0,0
"POINT (8.484275262000040 49.480826172000036)",Unfall 207553 (2023) Kat:3, Licht: 0,207553,3,2,5,07,11,7,0,0,1,1,0,0,0,0
"POINT (8.488029730000051 49.524413156000037)",Unfall 207588 (2023) Kat:3, Licht: 0,207588,3,5,1,06,06,6,1,0,1,1,0,0,0,0
"POINT (8.493896050000046 49.455830663000029)",Unfall 207589 (2023) Kat:3, Licht: 0,207589,3,3,5,06,08,6,0,0,1,1,0,0,0,0
"POINT (8.475299720000066 49.485096853000073)",Unfall 207590 (2023) Kat:3, Licht: 0,207590,3,4,6,06,12,6,0,0,0,1,1,0,0,0
"POINT (8.558688691000043 49.465843175000032)",Unfall 207650 (2023) Kat:3, Licht: 0,207650,3,7,0,06,17,5,0,0,1,0,0,0,0,0
"POINT (8.485727715000053 49.464772460000063)",Unfall 207651 (2023) Kat:3, Licht: 0,207651,3,3,5,06,18,5,0,0,1,0,0,0,0,0
"POINT (8.499168655000062 49.473202540000045)",Unfall 207652 (2023) Kat:3, Licht: 0,207652,3,3,5,06,16,5,0,0,0,0,0,0,0,1
"POINT (8.479447675000074 49.487935986000082)",Unfall 207653 (2023) Kat:3, Licht: 0,207653,3,6,2,06,09,5,0,0,1,0,0,0,0,1
"POINT (8.479894506000051 49.541164475000073)",Unfall 207704 (2023) Kat:2, Licht: 0,207704,2,7,0,06,10,4,0,0,1,0,0,0,0,1
"POINT (8.490449347000038 49.460985089000076)",Unfall 207705 (2023) Kat:3, Licht: 0,207705,3,6,2,06,17,4,0,0,0,1,0,0,0,0
"POINT (8.553683595000052 49.468856802000062)",Unfall 207706 (2023) Kat:3, Licht: 0,207706,3,2,4,06,13,4,0,0,0,1,0,1,0,0
"POINT (8.468742846000055 49.550850003000050)",Unfall 207767 (2023) Kat:3, Licht: 0,207767,3,7,1,06,16,3,0,0,0,0,1,0,0,1
"POINT (8.472727622000036 49.536838933000070)",Unfall 207768 (2023) Kat:3, Licht: 0,207768,3,5,1,06,17,3,0,0,1,1,0,0,0,0
"POINT (8.457244301000060 49.495015073000047)",Unfall 207769 (2023) Kat:3, Licht: 0,207769,3,5,1,06,13,3,0,0,0,1,0,0,0,1
"POINT (8.481661914000028 49.479155021000054)",Unfall 207770 (2023) Kat:3, Licht: 0,207770,3,5,1,06,10,3,0,0,1,1,0,0,0,0
"POINT (8.472750972000028 49.500134808000041)",Unfall 207773 (2023) Kat:3, Licht: 0,207773,3,7,6,06,08,3,0,0,0,1,1,0,0,0
"POINT (8.467038513000034 49.510745522000036)",Unfall 207822 (2023) Kat:3, Licht: 0,207822,3,2,6,06,20,2,0,0,0,1,1,0,0,0
"POINT (8.563392725000028 49.458926459000054)",Unfall 207823 (2023) Kat:3, Licht: 2,207823,3,7,0,06,23,2,0,2,0,0,0,0,0,1
"POINT (8.523323969000046 49.507806239000047)",Unfall 207824 (2023) Kat:3, Licht: 0,207824,3,3,5,06,10,2,0,0,0,1,0,1,0,0
"POINT (8.478037156000028 49.482940966000058)",Unfall 207825 (2023) Kat:2, Licht: 0,207825,2,3,5,06,14,2,0,0,1,1,0,0,0,0
"POINT (8.456664439000065 49.489425378000078)",Unfall 207869 (2023) Kat:3, Licht: 2,207869,3,6,2,06,23,1,0,2,0,1,0,0,0,0
"POINT (8.481424257000072 49.453547645000071)",Unfall 207918 (2023) Kat:1, Licht: 0,207918,1,3,5,06,18,7,0,0,1,0,0,0,0,1
"POINT (8.489805057000069 49.451343977000079)",Unfall 207966 (2023) Kat:3, Licht: 0,207966,3,3,5,06,16,6,0,0,1,1,0,0,0,0
"POINT (8.478894951000029 49.477122362000046)",Unfall 207969 (2023) Kat:3, Licht: 0,207969,3,3,5,06,07,6,0,0,0,0,0,1,1,0
"POINT (8.460346590000029 49.503485481000041)",Unfall 207972 (2023) Kat:3, Licht: 0,207972,3,6,2,06,16,6,0,0,0,1,0,0,0,0
"POINT (8.448833100000058 49.542677583000057)",Unfall 207973 (2023) Kat:3, Licht: 0,207973,3,2,4,06,14,6,0,0,0,1,0,1,0,0
"POINT (8.477203021000037 49.539063925000050)",Unfall 208023 (2023) Kat:3, Licht: 0,208023,3,3,5,06,13,5,0,0,0,1,0,1,0,0
"POINT (8.467537012000037 49.491684833000079)",Unfall 208024 (2023) Kat:3, Licht: 0,208024,3,6,2,06,18,5,0,0,1,1,0,0,0,0
"POINT (8.481353861000059 49.478025530000082)",Unfall 208053 (2023) Kat:3, Licht: 0,208053,3,5,1,06,20,5,0,0,1,1,0,0,0,0
"POINT (8.493707537000034 49.500790684000037)",Unfall 208068 (2023) Kat:3, Licht: 0,208068,3,3,5,07,14,2,0,0,1,0,0,0,0,1
"POINT (8.480999466000071 49.535643454000081)",Unfall 208090 (2023) Kat:3, Licht: 0,208090,3,3,5,06,16,4,0,0,1,1,0,0,0,0
"POINT (8.479323293000050 49.493353966000029)",Unfall 208091 (2023) Kat:3, Licht: 0,208091,3,6,4,06,08,4,0,0,1,0,0,0,0,0
"POINT (8.506750687000022 49.509503817000052)",Unfall 208092 (2023) Kat:2, Licht: 0,208092,2,3,5,06,12,4,0,0,0,1,0,1,0,0
"POINT (8.473521704000063 49.481800116000045)",Unfall 208093 (2023) Kat:3, Licht: 0,208093,3,3,5,06,20,4,0,0,1,0,0,0,0,1
"POINT (8.468063429000040 49.484700987000053)",Unfall 208267 (2023) Kat:3, Licht: 0,208267,3,3,5,06,10,7,0,0,1,1,0,0,0,0
"POINT (8.476337935000060 49.508355478000055)",Unfall 208341 (2023) Kat:3, Licht: 0,208341,3,7,2,07,12,5,0,0,0,0,0,1,0,1
"POINT (8.478819255000076 49.453451046000055)",Unfall 208381 (2023) Kat:3, Licht: 0,208381,3,4,6,07,08,4,0,0,0,1,1,0,0,0
"POINT (8.561968230000048 49.451491736000037)",Unfall 208382 (2023) Kat:3, Licht: 0,208382,3,3,5,07,16,4,1,0,0,1,0,1,0,0
"POINT (8.464423600000032 49.500790442000039)",Unfall 208383 (2023) Kat:3, Licht: 0,208383,3,4,6,07,11,4,0,0,0,0,1,0,0,1
"POINT (8.478516869000032 49.460279081000067)",Unfall 208424 (2023) Kat:3, Licht: 0,208424,3,3,5,07,09,3,0,0,1,1,0,0,0,0
"POINT (8.567320041000073 49.447897598000054)",Unfall 208459 (2023) Kat:3, Licht: 0,208459,3,1,0,07,13,2,0,0,1,0,0,0,0,0
"POINT (8.446826747000046 49.545667038000033)",Unfall 208517 (2023) Kat:3, Licht: 2,208517,3,5,1,07,02,7,0,2,0,1,0,0,0,1
"POINT (8.477438027000062 49.485896449000052)",Unfall 208573 (2023) Kat:3, Licht: 0,208573,3,7,0,07,08,6,0,0,1,0,0,0,0,0
"POINT (8.480494756000041 49.457795306000037)",Unfall 208574 (2023) Kat:3, Licht: 2,208574,3,2,3,07,23,6,0,2,0,1,0,0,0,1
"POINT (8.470900589000053 49.492809312000077)",Unfall 208575 (2023) Kat:3, Licht: 0,208575,3,7,8,07,08,6,0,0,0,1,0,0,0,0
"POINT (8.490304685000069 49.460804951000057)",Unfall 208576 (2023) Kat:3, Licht: 0,208576,3,2,5,07,15,6,1,0,1,1,0,0,0,0
"POINT (8.512165957000036 49.485487746000047)",Unfall 208627 (2023) Kat:3, Licht: 0,208627,3,3,5,07,15,5,0,0,1,0,0,0,0,0
"POINT (8.540511749000075 49.486385784000049)",Unfall 208628 (2023) Kat:3, Licht: 0,208628,3,7,4,07,18,5,0,0,1,1,0,0,0,0
"POINT (8.456490669000061 49.494320347000041)",Unfall 208629 (2023) Kat:2, Licht: 0,208629,2,3,5,07,07,5,0,0,1,0,0,1,0,0
"POINT (8.486424895000027 49.459680903000049)",Unfall 208630 (2023) Kat:2, Licht: 0,208630,2,3,5,07,13,5,0,0,1,1,0,0,0,0
"POINT (8.468908495000051 49.493741342000078)",Unfall 208674 (2023) Kat:3, Licht: 0,208674,3,1,0,07,06,4,0,0,1,0,0,0,0,0
"POINT (8.490213415000028 49.460775454000043)",Unfall 208728 (2023) Kat:3, Licht: 0,208728,3,2,3,07,19,3,0,0,1,1,0,0,0,0
"POINT (8.524913138000045 49.510341666000045)",Unfall 208829 (2023) Kat:3, Licht: 0,208829,3,6,4,07,14,1,0,0,1,0,0,0,0,0
"POINT (8.466562266000039 49.490627159000042)",Unfall 208830 (2023) Kat:3, Licht: 2,208830,3,3,5,07,00,1,1,2,0,1,0,0,0,0
"POINT (8.471259539000073 49.525389094000047)",Unfall 208833 (2023) Kat:3, Licht: 0,208833,3,6,3,07,16,1,0,0,1,1,0,0,0,0
"POINT (8.474806642000033 49.489347746000078)",Unfall 208932 (2023) Kat:3, Licht: 0,208932,3,7,9,07,17,2,1,0,0,1,0,1,0,0
"POINT (8.565300786000023 49.465342651000071)",Unfall 208936 (2023) Kat:3, Licht: 0,208936,3,6,3,07,10,6,0,0,1,1,0,0,0,0
"POINT (8.493593675000056 49.515061347000028)",Unfall 209002 (2023) Kat:3, Licht: 0,209002,3,2,5,07,09,5,0,0,1,1,0,0,0,0
"POINT (8.475984023000024 49.473567413000069)",Unfall 209003 (2023) Kat:3, Licht: 0,209003,3,2,5,07,14,5,0,0,0,1,0,0,0,1
"POINT (8.505257909000022 49.494961745000069)",Unfall 209066 (2023) Kat:3, Licht: 2,209066,3,7,1,07,00,4,0,2,0,1,0,1,0,0
"POINT (8.478910906000067 49.477280804000031)",Unfall 209114 (2023) Kat:3, Licht: 0,209114,3,2,0,07,17,3,0,0,0,1,0,1,0,0
"POINT (8.467397181000024 49.490322651000042)",Unfall 209115 (2023) Kat:3, Licht: 0,209115,3,2,0,07,08,3,0,0,1,1,0,0,0,0
"POINT (8.575841994000029 49.440500238000027)",Unfall 209170 (2023) Kat:3, Licht: 0,209170,3,4,6,07,07,2,0,0,1,0,1,0,0,0
"POINT (8.544139893000022 49.488864285000034)",Unfall 209171 (2023) Kat:3, Licht: 0,209171,3,2,5,07,14,2,0,0,1,1,0,0,0,0
"POINT (8.473983163000071 49.534136797000031)",Unfall 209172 (2023) Kat:2, Licht: 0,209172,2,2,3,07,13,2,0,0,1,0,0,0,0,0
"POINT (8.458712684000034 49.496677294000051)",Unfall 209224 (2023) Kat:2, Licht: 2,209224,2,7,0,07,00,1,0,2,1,0,0,0,0,0
"POINT (8.471008412000060 49.491716471000075)",Unfall 209225 (2023) Kat:3, Licht: 0,209225,3,1,8,07,13,1,0,0,0,0,0,1,0,0
"POINT (8.482572104000042 49.456788678000066)",Unfall 209269 (2023) Kat:3, Licht: 0,209269,3,2,5,07,19,7,0,0,1,1,0,0,0,0
"POINT (8.474816217000068 49.516521585000078)",Unfall 209270 (2023) Kat:3, Licht: 0,209270,3,2,5,07,15,7,0,0,0,1,0,0,0,0
"POINT (8.542246670000054 49.487210281000046)",Unfall 209377 (2023) Kat:3, Licht: 0,209377,3,2,5,07,10,5,0,0,0,1,0,1,0,0
"POINT (8.478747688000055 49.499447026000041)",Unfall 209378 (2023) Kat:3, Licht: 2,209378,3,3,5,07,23,5,0,2,0,0,0,0,0,1
"POINT (8.478664920000028 49.497952721000047)",Unfall 209384 (2023) Kat:3, Licht: 0,209384,3,3,5,07,12,5,0,0,1,1,0,0,0,0
"POINT (8.495947696000030 49.452862056000072)",Unfall 209391 (2023) Kat:3, Licht: 0,209391,3,6,3,08,19,5,0,0,0,1,0,0,0,0
"POINT (8.502421692000041 49.502904823000051)",Unfall 209452 (2023) Kat:3, Licht: 0,209452,3,1,4,08,18,3,0,0,0,1,0,1,0,0
"POINT (8.569778374000066 49.455333575000054)",Unfall 209453 (2023) Kat:3, Licht: 0,209453,3,7,0,08,11,3,0,0,1,0,0,0,0,0
"POINT (8.487685037000062 49.484567188000028)",Unfall 209454 (2023) Kat:3, Licht: 0,209454,3,6,2,08,10,3,0,0,0,1,0,0,0,0
"POINT (8.470910885000023 49.475207201000046)",Unfall 209554 (2023) Kat:3, Licht: 0,209554,3,2,6,08,17,5,0,0,0,1,1,0,0,0
"POINT (8.465047440000035 49.488986104000048)",Unfall 209555 (2023) Kat:3, Licht: 0,209555,3,3,5,08,15,5,0,0,0,1,0,1,0,0
"POINT (8.524071357000025 49.509442341000067)",Unfall 209588 (2023) Kat:3, Licht: 0,209588,3,3,5,08,18,4,0,0,0,1,0,1,0,0
"POINT (8.497641633000057 49.513145798000039)",Unfall 209589 (2023) Kat:3, Licht: 0,209589,3,5,1,08,10,4,0,0,0,1,0,0,0,0
"POINT (8.503603972000064 49.457624497000040)",Unfall 209590 (2023) Kat:2, Licht: 0,209590,2,2,3,08,16,4,0,0,1,0,0,0,1,0
"POINT (8.467012060000059 49.510653017000038)",Unfall 209591 (2023) Kat:3, Licht: 0,209591,3,3,5,08,14,4,0,0,0,1,0,0,1,0
"POINT (8.482944572000065 49.513603038000042)",Unfall 209623 (2023) Kat:3, Licht: 0,209623,3,7,2,08,05,3,0,0,0,1,0,0,0,0
"POINT (8.477687445000072 49.497515172000078)",Unfall 209624 (2023) Kat:3, Licht: 0,209624,3,7,5,08,10,3,0,0,1,1,0,0,0,0
"POINT (8.483378671000025 49.473623854000039)",Unfall 209625 (2023) Kat:2, Licht: 0,209625,2,6,3,08,16,3,0,0,0,1,0,0,0,0
"POINT (8.469934313000067 49.504576978000046)",Unfall 209702 (2023) Kat:3, Licht: 0,209702,3,6,2,08,17,7,0,0,0,1,0,1,0,0
"POINT (8.464206749000027 49.500952818000030)",Unfall 209732 (2023) Kat:3, Licht: 0,209732,3,3,5,08,13,6,0,0,0,1,0,1,0,0
"POINT (8.467523870000036 49.490454432000035)",Unfall 209733 (2023) Kat:3, Licht: 0,209733,3,6,3,08,12,6,0,0,1,1,0,0,0,0
"POINT (8.526770132000024 49.407195745000081)",Unfall 209758 (2023) Kat:3, Licht: 0,209758,3,3,0,08,06,5,1,0,1,1,0,0,0,0
"POINT (8.481048238000028 49.539125396000031)",Unfall 209797 (2023) Kat:3, Licht: 0,209797,3,3,5,08,11,4,0,0,1,1,0,0,0,0
"POINT (8.474916841000038 49.465021639000042)",Unfall 209798 (2023) Kat:3, Licht: 0,209798,3,2,5,08,12,4,0,0,1,0,0,0,1,0
"POINT (8.493921188000058 49.511599504000060)",Unfall 209800 (2023) Kat:3, Licht: 0,209800,3,2,3,08,07,4,0,0,1,0,0,0,1,0
"POINT (8.463665353000067 49.488722517000042)",Unfall 209832 (2023) Kat:3, Licht: 0,209832,3,3,5,08,15,3,0,0,1,1,0,0,0,0
"POINT (8.503097256000046 49.444438492000074)",Unfall 209867 (2023) Kat:3, Licht: 2,209867,3,1,0,08,05,2,1,2,0,0,0,1,0,0
"POINT (8.487985187000049 49.495296522000046)",Unfall 209892 (2023) Kat:3, Licht: 0,209892,3,6,3,08,11,1,0,0,1,1,0,0,0,0
"POINT (8.496076637000044 49.514987654000038)",Unfall 209894 (2023) Kat:3, Licht: 0,209894,3,7,0,08,20,1,0,0,0,1,0,0,0,0
"POINT (8.508777716000054 49.446450691000052)",Unfall 209926 (2023) Kat:3, Licht: 2,209926,3,7,9,08,04,7,0,2,0,1,0,0,0,0
"POINT (8.483688950000044 49.510097320000057)",Unfall 209927 (2023) Kat:2, Licht: 0,209927,2,7,2,08,19,7,0,0,0,1,0,0,0,0
"POINT (8.527594064000027 49.449302025000065)",Unfall 209959 (2023) Kat:3, Licht: 0,209959,3,6,2,08,17,6,0,0,0,1,0,0,0,0
"POINT (8.531786197000031 49.432367745000079)",Unfall 210022 (2023) Kat:3, Licht: 0,210022,3,3,5,08,10,5,0,0,0,1,0,0,0,0
"POINT (8.460265287000027 49.533341586000063)",Unfall 210061 (2023) Kat:3, Licht: 0,210061,3,2,4,08,06,4,0,0,0,1,0,1,0,0
"POINT (8.471107494000023 49.474273794000055)",Unfall 210062 (2023) Kat:3, Licht: 0,210062,3,4,6,08,16,4,0,0,1,0,1,0,0,0
"POINT (8.476541760000032 49.484619326000029)",Unfall 210118 (2023) Kat:3, Licht: 0,210118,3,6,2,08,17,2,0,0,0,1,0,1,0,0
"POINT (8.467365475000065 49.498960352000040)",Unfall 210185 (2023) Kat:3, Licht: 0,210185,3,5,0,08,10,6,0,0,1,1,0,0,0,0
"POINT (8.482597137000027 49.481157548000056)",Unfall 210186 (2023) Kat:2, Licht: 0,210186,2,2,6,08,15,6,0,0,0,1,1,0,0,0
"POINT (8.472904044000074 49.464660286000026)",Unfall 210208 (2023) Kat:3, Licht: 0,210208,3,5,1,08,16,2,0,0,1,1,0,0,0,0
"POINT (8.480697904000067 49.485220701000060)",Unfall 210225 (2023) Kat:3, Licht: 0,210225,3,3,5,08,18,5,0,0,1,1,0,0,0,0
"POINT (8.471539651000057 49.487518454000053)",Unfall 210356 (2023) Kat:3, Licht: 0,210356,3,3,5,07,14,1,0,0,0,1,0,0,0,0
"POINT (8.456130400000063 49.483788990000050)",Unfall 210380 (2023) Kat:2, Licht: 0,210380,2,7,0,08,08,6,0,0,1,0,0,0,0,0
"POINT (8.473636997000028 49.484800914000061)",Unfall 210393 (2023) Kat:3, Licht: 0,210393,3,4,6,07,19,7,0,0,0,0,1,0,0,1
"POINT (8.525645317000055 49.510163916000067)",Unfall 210425 (2023) Kat:3, Licht: 0,210425,3,6,2,07,16,6,1,0,0,1,0,0,0,0
"POINT (8.473300394000034 49.467253200000073)",Unfall 210473 (2023) Kat:3, Licht: 0,210473,3,6,2,08,13,6,0,0,0,1,0,0,0,1
"POINT (8.470841105000034 49.501360840000075)",Unfall 210507 (2023) Kat:3, Licht: 1,210507,3,7,6,09,18,6,1,1,1,0,1,0,0,0
"POINT (8.517755789000034 49.512718929000073)",Unfall 210508 (2023) Kat:3, Licht: 0,210508,3,3,5,09,09,6,0,0,0,1,0,1,0,0
"POINT (8.484762474000036 49.472484103000056)",Unfall 210509 (2023) Kat:3, Licht: 2,210509,3,1,8,09,02,6,0,2,0,1,0,0,0,0
"POINT (8.507548561000021 49.514037073000054)",Unfall 210562 (2023) Kat:3, Licht: 0,210562,3,2,3,09,10,5,0,0,1,1,0,0,0,0
"POINT (8.466029155000058 49.530850770000029)",Unfall 210611 (2023) Kat:2, Licht: 2,210611,2,2,5,09,05,4,0,2,0,1,0,1,0,0
"POINT (8.457680062000065 49.496747058000039)",Unfall 210612 (2023) Kat:2, Licht: 0,210612,2,2,5,09,07,4,0,0,1,0,0,0,1,0
"POINT (8.513682141000061 49.517930972000045)",Unfall 210649 (2023) Kat:3, Licht: 0,210649,3,6,3,09,07,3,0,0,0,1,0,0,0,1
"POINT (8.506257148000032 49.482916458000034)",Unfall 210680 (2023) Kat:2, Licht: 0,210680,2,2,4,09,17,2,0,0,0,1,0,1,0,0
"POINT (8.487050676000024 49.511349104000033)",Unfall 210732 (2023) Kat:3, Licht: 0,210732,3,1,9,09,15,1,0,0,0,1,0,0,0,0
"POINT (8.466399937000062 49.489240106000068)",Unfall 210770 (2023) Kat:3, Licht: 2,210770,3,7,3,09,20,7,0,2,1,1,0,0,0,0
"POINT (8.484231117000036 49.471282175000056)",Unfall 210809 (2023) Kat:3, Licht: 0,210809,3,6,0,09,17,6,0,0,1,0,0,0,0,0
"POINT (8.480968085000029 49.513913879000029)",Unfall 210810 (2023) Kat:2, Licht: 2,210810,2,7,3,09,05,6,0,2,0,1,0,1,0,0
"POINT (8.494373596000059 49.521595502000082)",Unfall 210903 (2023) Kat:2, Licht: 2,210903,2,3,5,09,23,4,0,2,0,1,0,1,0,0
"POINT (8.485705835000033 49.473885670000072)",Unfall 210904 (2023) Kat:3, Licht: 0,210904,3,3,5,09,07,4,0,0,1,1,0,0,0,0
"POINT (8.446073748000060 49.556473940000046)",Unfall 210949 (2023) Kat:3, Licht: 0,210949,3,3,0,09,12,3,0,0,0,1,0,1,0,0
"POINT (8.494208765000053 49.455718720000050)",Unfall 210989 (2023) Kat:2, Licht: 0,210989,2,4,6,09,12,2,1,0,0,1,1,0,0,0
"POINT (8.448511678000045 49.496669288000078)",Unfall 211092 (2023) Kat:3, Licht: 2,211092,3,7,0,09,02,7,0,2,1,0,0,0,0,0
"POINT (8.464952932000074 49.500460234000059)",Unfall 211093 (2023) Kat:3, Licht: 0,211093,3,5,1,09,18,7,0,0,1,1,0,0,0,0
"POINT (8.508467135000046 49.497980276000078)",Unfall 211094 (2023) Kat:2, Licht: 0,211094,2,5,5,09,10,7,0,0,0,1,0,1,0,0
"POINT (8.465434801000072 49.531150911000054)",Unfall 211198 (2023) Kat:3, Licht: 2,211198,3,6,4,09,20,5,0,2,1,0,0,0,0,0
"POINT (8.491597669000043 49.477638016000071)",Unfall 211260 (2023) Kat:3, Licht: 0,211260,3,3,5,09,10,4,0,0,0,1,0,0,0,0
"POINT (8.487852459000067 49.464141204000043)",Unfall 211311 (2023) Kat:3, Licht: 0,211311,3,3,5,09,09,3,0,0,1,0,0,0,0,0
"POINT (8.456790559000069 49.492532736000044)",Unfall 211359 (2023) Kat:2, Licht: 0,211359,2,2,5,09,15,2,0,0,0,1,0,1,0,0
"POINT (8.470261452000045 49.493325290000030)",Unfall 211501 (2023) Kat:3, Licht: 0,211501,3,3,5,10,18,1,0,0,0,1,0,0,0,0
"POINT (8.464474260000031 49.488367858000061)",Unfall 211520 (2023) Kat:3, Licht: 0,211520,3,3,5,10,07,7,0,0,1,1,0,0,0,0
"POINT (8.480485066000028 49.551470492000078)",Unfall 211552 (2023) Kat:3, Licht: 0,211552,3,3,5,10,16,6,0,0,0,1,0,0,0,0
"POINT (8.468364270000052 49.491884418000041)",Unfall 211553 (2023) Kat:3, Licht: 0,211553,3,5,1,10,16,6,0,0,1,0,0,0,0,1
"POINT (8.523141278000026 49.471027419000052)",Unfall 211554 (2023) Kat:3, Licht: 0,211554,3,3,5,10,09,6,0,0,1,0,0,0,0,1
"POINT (8.470220805000054 49.493411202000061)",Unfall 211664 (2023) Kat:3, Licht: 0,211664,3,3,5,10,08,4,0,0,1,1,0,0,0,0
"POINT (8.489197537000052 49.462481958000069)",Unfall 211665 (2023) Kat:3, Licht: 2,211665,3,2,5,10,18,4,0,2,1,1,0,0,0,0