WKT,Name,OBJECTID,UKATEGORIE,UTYP1,UART,UMONAT,USTUNDE,UWOCHENTAG,STRZUSTAND,ULICHTVERH,ISTRAD,ISTPKW,ISTFUSS,ISTKRAD,ISTGKFZ,ISTSONSTIG
"POINT (8.485951745000023 49.466407976000028)",Unfall 211667 (2023) Kat:3, Licht: 2,211667,3,2,3,10,21,4,0,2,0,1,0,0,0,1
"POINT (8.477866547000076 49.490164952000043)",Unfall 211719 (2023) Kat:3, Licht: 0,211719,3,3,5,10,15,3,0,0,1,1,0,0,0,0
"POINT (8.489664372000050 49.487873778000051)",Unfall 211721 (2023) Kat:3, Licht: 2,211721,3,1,1,10,22,3,0,2,0,1,0,1,0,0
"POINT (8.468634612000074 49.480828843000040)",Unfall 211722 (2023) Kat:3, Licht: 0,211722,3,4,6,10,12,3,0,0,1,0,1,0,0,0
"POINT (8.473380451000025 49.451117988000078)",Unfall 211723 (2023) Kat:2, Licht: 2,211723,2,2,5,10,19,3,0,2,1,0,0,0,0,1
"POINT (8.497903588000042 49.525473296000030)",Unfall 211767 (2023) Kat:3, Licht: 0,211767,3,6,1,10,16,2,0,0,0,1,0,0,0,0
"POINT (8.493687903000023 49.500806168000054)",Unfall 211768 (2023) Kat:3, Licht: 0,211768,3,3,5,10,16,2,0,0,1,1,0,0,0,0
"POINT (8.525276088000055 49.495191794000050)",Unfall 211769 (2023) Kat:3, Licht: 0,211769,3,3,5,10,16,2,0,0,1,1,0,0,0,0
"POINT (8.481858473000045 49.489017911000076)",Unfall 211770 (2023) Kat:3, Licht: 0,211770,3,2,5,10,07,2,0,0,1,1,0,0,0,0
"POINT (8.470709307000050 49.508516470000075)",Unfall 211771 (2023) Kat:2, Licht: 0,211771,2,4,6,10,14,2,0,0,0,1,1,0,0,0
"POINT (8.485940945000038 49.466419789000042)",Unfall 211840 (2023) Kat:1, Licht: 2,211840,1,2,3,10,21,7,0,2,1,0,0,0,0,1
"POINT (8.469839073000060 49.505716742000061)",Unfall 211885 (2023) Kat:3, Licht: 0,211885,3,6,3,10,13,6,0,0,0,1,0,0,0,0
"POINT (8.469919236000067 49.504757964000078)",Unfall 211887 (2023) Kat:3, Licht: 0,211887,3,3,5,10,13,6,0,0,1,1,0,0,0,0
"POINT (8.493154086000061 49.566064461000053)",Unfall 211930 (2023) Kat:3, Licht: 2,211930,3,7,0,10,20,5,0,2,1,0,0,0,0,0
"POINT (8.493706202000055 49.500791737000043)",Unfall 211931 (2023) Kat:2, Licht: 1,211931,2,3,5,10,19,5,0,1,0,1,0,0,0,1
"POINT (8.487483016000056 49.464587719000065)",Unfall 211932 (2023) Kat:3, Licht: 1,211932,3,3,5,10,20,5,0,1,1,1,0,0,0,1
"POINT (8.466966561000049 49.477665291000051)",Unfall 211934 (2023) Kat:3, Licht: 0,211934,3,7,6,10,07,5,0,0,0,1,1,0,0,0
"POINT (8.483716711000056 49.497317492000036)",Unfall 211970 (2023) Kat:3, Licht: 0,211970,3,2,3,10,08,4,0,0,1,1,0,0,0,0
"POINT (8.479757775000053 49.471238606000043)",Unfall 211971 (2023) Kat:3, Licht: 0,211971,3,3,5,10,14,4,0,0,0,1,0,1,0,0
"POINT (8.467965061000029 49.483611991000032)",Unfall 211972 (2023) Kat:3, Licht: 0,211972,3,3,5,10,08,4,0,0,1,1,0,0,0,0
"POINT (8.462352983000073 49.503607437000028)",Unfall 212005 (2023) Kat:3, Licht: 2,212005,3,7,1,10,03,7,0,2,1,1,1,0,0,0
"POINT (8.456673445000035 49.491943833000050)",Unfall 212013 (2023) Kat:3, Licht: 2,212013,3,6,4,10,04,3,0,2,1,0,0,0,0,1
"POINT (8.469936545000053 49.504549314000030)",Unfall 212014 (2023) Kat:3, Licht: 0,212014,3,6,1,10,15,3,0,0,0,1,0,0,0,0
"POINT (8.469204491000028 49.488523351000026)",Unfall 212056 (2023) Kat:3, Licht: 0,212056,3,3,5,10,16,2,0,0,1,1,0,0,0,0
"POINT (8.470992030000048 49.493435183000031)",Unfall 212057 (2023) Kat:3, Licht: 0,212057,3,3,5,10,16,2,0,0,1,1,1,0,0,0
"POINT (8.483109906000038 49.513595031000079)",Unfall 212070 (2023) Kat:3, Licht: 0,212070,3,6,1,10,11,2,0,0,0,1,0,0,0,0
"POINT (8.479330079000022 49.560637265000025)",Unfall 212106 (2023) Kat:3, Licht: 0,212106,3,2,4,10,16,1,0,0,1,1,0,0,0,0
"POINT (8.478550550000023 49.516684441000052)",Unfall 212199 (2023) Kat:3, Licht: 2,212199,3,4,6,09,05,6,0,2,0,1,1,0,0,0
"POINT (8.481127165000032 49.456832947000066)",Unfall 212200 (2023) Kat:3, Licht: 0,212200,3,3,5,09,08,6,0,0,1,1,0,0,0,0
"POINT (8.530430324000065 49.429486613000051)",Unfall 212201 (2023) Kat:3, Licht: 0,212201,3,3,5,09,11,6,0,0,0,1,0,0,0,1
"POINT (8.490403859000025 49.451634683000066)",Unfall 212202 (2023) Kat:3, Licht: 0,212202,3,3,5,09,10,6,0,0,1,1,0,0,0,0
"POINT (8.491010814000049 49.476947630000041)",Unfall 212203 (2023) Kat:3, Licht: 0,212203,3,3,5,09,17,6,0,0,0,0,0,0,0,1
"POINT (8.562447778000035 49.457874465000032)",Unfall 212204 (2023) Kat:1, Licht: 0,212204,1,3,5,09,10,6,0,0,1,1,0,0,0,0
"POINT (8.500149673000067 49.534333327000070)",Unfall 212258 (2023) Kat:3, Licht: 0,212258,3,6,4,09,08,5,0,0,1,0,0,0,0,1
"POINT (8.487138242000071 49.474887276000061)",Unfall 212308 (2023) Kat:3, Licht: 0,212308,3,4,0,09,16,5,0,0,0,1,1,0,0,1
"POINT (8.485448229000042 49.524833077000039)",Unfall 212393 (2023) Kat:3, Licht: 0,212393,3,5,5,09,15,3,0,0,0,1,0,0,0,1
"POINT (8.481084960000032 49.457379560000049)",Unfall 212394 (2023) Kat:3, Licht: 0,212394,3,6,2,09,12,3,0,0,0,1,0,0,0,0
"POINT (8.469335706000038 49.491152077000038)",Unfall 212397 (2023) Kat:3, Licht: 0,212397,3,7,6,09,11,3,0,0,0,0,1,0,0,1
"POINT (8.457767975000024 49.491706952000072)",Unfall 212455 (2023) Kat:3, Licht: 0,212455,3,1,8,09,17,2,0,0,1,0,0,0,0,0
"POINT (8.483757311000033 49.497255049000046)",Unfall 212456 (2023) Kat:3, Licht: 0,212456,3,3,5,09,15,2,0,0,0,1,0,0,0,1
"POINT (8.467112953000026 49.468016926000075)",Unfall 212458 (2023) Kat:3, Licht: 0,212458,3,2,4,09,11,2,0,0,1,1,0,0,0,0
"POINT (8.549788624000030 49.512575599000058)",Unfall 212460 (2023) Kat:3, Licht: 0,212460,3,7,5,09,12,2,0,0,1,1,0,0,0,0
"POINT (8.508723763000035 49.514213263000045)",Unfall 212461 (2023) Kat:3, Licht: 0,212461,3,6,1,09,15,2,0,0,0,1,0,0,0,0
"POINT (8.472851266000021 49.492461473000048)",Unfall 212463 (2023) Kat:3, Licht: 0,212463,3,2,3,09,07,2,0,0,0,0,0,0,1,1
"POINT (8.480438415000037 49.489451274000032)",Unfall 212464 (2023) Kat:3, Licht: 0,212464,3,3,5,09,11,2,0,0,0,1,0,0,0,1
"POINT (8.537314183000035 49.474681871000030)",Unfall 212481 (2023) Kat:3, Licht: 0,212481,3,6,2,10,11,2,0,0,0,1,0,0,0,0
"POINT (8.472347742000068 49.497366242000055)",Unfall 212497 (2023) Kat:3, Licht: 2,212497,3,2,4,09,20,1,0,2,1,1,0,0,0,0
"POINT (8.484573788000034 49.485828386000037)",Unfall 212575 (2023) Kat:3, Licht: 0,212575,3,3,2,11,10,4,1,0,0,1,0,0,0,0
"POINT (8.471673018000047 49.498717888000044)",Unfall 212576 (2023) Kat:3, Licht: 0,212576,3,3,5,11,12,4,1,0,1,1,0,0,0,0
"POINT (8.579229633000068 49.439983148000067)",Unfall 212577 (2023) Kat:3, Licht: 1,212577,3,4,6,11,17,4,1,1,0,1,1,0,0,0
"POINT (8.488292188000059 49.479276092000077)",Unfall 212578 (2023) Kat:3, Licht: 2,212578,3,6,2,11,18,4,1,2,0,1,0,0,0,0
"POINT (8.464395700000068 49.488466019000043)",Unfall 212579 (2023) Kat:3, Licht: 0,212579,3,7,3,11,13,4,1,0,0,1,0,0,0,1
"POINT (8.490700579000077 49.460767591000035)",Unfall 212604 (2023) Kat:3, Licht: 0,212604,3,2,3,11,09,3,0,0,1,0,0,0,1,0
"POINT (8.509466575000033 49.445937275000063)",Unfall 212605 (2023) Kat:3, Licht: 2,212605,3,6,2,11,18,3,1,2,0,1,0,0,0,0
"POINT (8.510388264000028 49.446638021000069)",Unfall 212606 (2023) Kat:2, Licht: 0,212606,2,3,5,11,08,3,0,0,1,0,0,0,0,1
"POINT (8.474102583000047 49.496651771000074)",Unfall 212644 (2023) Kat:3, Licht: 0,212644,3,4,6,11,11,2,1,0,0,1,1,0,0,0
"POINT (8.464713688000074 49.489845721000052)",Unfall 212695 (2023) Kat:3, Licht: 0,212695,3,5,6,11,14,7,0,0,0,1,1,0,0,0
"POINT (8.471340733000034 49.493471170000078)",Unfall 212696 (2023) Kat:3, Licht: 2,212696,3,7,7,11,01,7,1,2,1,0,0,0,0,0
"POINT (8.493720057000075 49.511760247000041)",Unfall 212728 (2023) Kat:3, Licht: 0,212728,3,6,4,11,15,6,0,0,1,0,0,0,0,0
"POINT (8.471039758000074 49.472319889000062)",Unfall 212746 (2023) Kat:3, Licht: 2,212746,3,7,0,11,06,1,1,2,0,0,0,0,0,1
"POINT (8.501080218000027 49.459232179000026)",Unfall 212752 (2023) Kat:3, Licht: 0,212752,3,2,3,11,11,6,0,0,1,1,0,0,0,0
"POINT (8.490509002000067 49.530680036000035)",Unfall 212772 (2023) Kat:3, Licht: 0,212772,3,3,5,11,08,5,1,0,1,1,0,0,0,0
"POINT (8.510400512000047 49.506987642000070)",Unfall 212800 (2023) Kat:3, Licht: 0,212800,3,6,3,11,12,4,0,0,0,1,0,0,0,0
"POINT (8.483668714000032 49.497228793000033)",Unfall 212835 (2023) Kat:3, Licht: 0,212835,3,2,5,11,16,3,0,0,1,1,0,0,0,0
"POINT (8.486325279000027 49.526422722000063)",Unfall 212836 (2023) Kat:3, Licht: 0,212836,3,2,5,11,15,3,0,0,1,1,0,0,0,0
"POINT (8.487343250000038 49.504103090000058)",Unfall 212868 (2023) Kat:3, Licht: 1,212868,3,7,0,11,07,2,1,1,0,0,0,0,0,1
"POINT (8.475892843000054 49.479754175000039)",Unfall 212869 (2023) Kat:3, Licht: 2,212869,3,1,0,11,17,2,1,2,1,0,0,0,0,0
"POINT (8.473731867000026 49.488736328000073)",Unfall 212870 (2023) Kat:3, Licht: 0,212870,3,7,0,11,16,2,1,0,0,0,0,1,0,0
"POINT (8.455104456000072 49.484814970000059)",Unfall 212872 (2023) Kat:3, Licht: 2,212872,3,1,0,11,06,2,1,2,1,0,0,0,0,0
"POINT (8.486571826000045 49.479944096000054)",Unfall 212905 (2023) Kat:3, Licht: 0,212905,3,6,3,11,10,1,1,0,0,1,0,0,0,0
"POINT (8.528379617000041 49.429710973000056)",Unfall 212906 (2023) Kat:3, Licht: 0,212906,3,3,5,11,16,1,1,0,0,1,0,0,0,0
"POINT (8.464075193000042 49.491579146000049)",Unfall 212925 (2023) Kat:3, Licht: 0,212925,3,3,5,11,16,7,1,0,1,1,0,0,0,0
"POINT (8.581667499000048 49.443090906000066)",Unfall 212926 (2023) Kat:3, Licht: 0,212926,3,3,5,11,13,7,0,0,0,1,0,1,0,0
"POINT (8.454678007000041 49.521689761000061)",Unfall 212947 (2023) Kat:3, Licht: 0,212947,3,2,4,11,06,6,0,0,0,1,0,0,0,0
"POINT (8.470176532000039 49.492065229000048)",Unfall 212948 (2023) Kat:2, Licht: 0,212948,2,4,6,11,10,6,0,0,0,0,1,0,0,1
"POINT (8.478381578000040 49.496877717000075)",Unfall 212956 (2023) Kat:3, Licht: 0,212956,3,4,6,11,13,6,0,0,1,0,1,0,0,0
"POINT (8.490791101000070 49.497453708000080)",Unfall 212982 (2023) Kat:3, Licht: 2,212982,3,3,5,11,18,5,1,2,0,1,0,0,0,0
"POINT (8.488101822000033 49.529052550000074)",Unfall 212983 (2023) Kat:3, Licht: 0,212983,3,2,5,11,15,5,0,0,1,1,0,0,0,0
"POINT (8.484680463000075 49.467871655000067)",Unfall 213033 (2023) Kat:3, Licht: 2,213033,3,6,2,10,22,3,0,2,0,1,0,0,0,0
"POINT (8.498067786000036 49.513326216000053)",Unfall 213034 (2023) Kat:2, Licht: 0,213034,2,3,5,10,14,3,0,0,0,0,0,1,0,1
"POINT (8.523409691000040 49.449900665000030)",Unfall 213035 (2023) Kat:3, Licht: 0,213035,3,7,5,10,13,3,0,0,1,0,0,0,0,1
"POINT (8.492010362000030 49.477479854000080)",Unfall 213093 (2023) Kat:2, Licht: 2,213093,2,7,0,10,02,1,1,2,0,0,0,0,0,1
"POINT (8.466453850000050 49.485329712000066)",Unfall 213094 (2023) Kat:3, Licht: 2,213094,3,3,5,10,18,1,1,2,0,1,0,0,0,0
"POINT (8.469064527000057 49.528467127000056)",Unfall 213148 (2023) Kat:3, Licht: 2,213148,3,2,5,10,06,6,1,2,0,1,0,0,0,0
"POINT (8.457719970000028 49.496744362000072)",Unfall 213149 (2023) Kat:3, Licht: 0,213149,3,3,5,10,15,6,1,0,1,1,0,0,0,0
"POINT (8.481840075000036 49.493825539000056)",Unfall 213150 (2023) Kat:3, Licht: 1,213150,3,3,5,10,07,6,1,1,1,1,0,0,0,0
"POINT (8.476230336000071 49.496158798000067)",Unfall 213151 (2023) Kat:3, Licht: 2,213151,3,3,5,10,19,6,0,2,1,1,0,0,0,0
"POINT (8.493810309000025 49.511689448000027)",Unfall 213156 (2023) Kat:3, Licht: 2,213156,3,2,5,10,22,3,1,2,0,1,0,0,0,0
"POINT (8.538477330000035 49.453204611000046)",Unfall 213202 (2023) Kat:3, Licht: 0,213202,3,3,5,10,08,5,1,0,1,1,0,0,0,0
"POINT (8.452854495000054 49.490677733000041)",Unfall 213203 (2023) Kat:3, Licht: 0,213203,3,7,0,10,09,5,1,0,1,0,0,0,0,0
"POINT (8.488313625000046 49.497540800000081)",Unfall 213236 (2023) Kat:3, Licht: 2,213236,3,3,5,10,06,4,1,2,0,1,0,0,0,1
"POINT (8.464714033000064 49.493442740000035)",Unfall 213237 (2023) Kat:3, Licht: 0,213237,3,7,5,10,09,4,1,0,1,1,0,0,0,0
"POINT (8.524058756000045 49.504807040000060)",Unfall 213267 (2023) Kat:3, Licht: 2,213267,3,3,5,10,18,3,1,2,1,0,0,0,0,0
"POINT (8.471547107000049 49.487515573000053)",Unfall 213268 (2023) Kat:2, Licht: 0,213268,2,4,6,10,11,3,1,0,0,1,1,0,0,0
"POINT (8.461610513000039 49.486468134000063)",Unfall 213269 (2023) Kat:3, Licht: 0,213269,3,5,1,10,14,3,1,0,0,1,0,0,0,0
"POINT (8.536122280000029 49.473336607000078)",Unfall 213270 (2023) Kat:3, Licht: 0,213270,3,3,5,10,11,3,1,0,0,1,0,0,0,0
"POINT (8.456323794000070 49.490085430000079)",Unfall 213271 (2023) Kat:3, Licht: 2,213271,3,3,3,10,19,3,1,2,0,1,0,1,0,0
"POINT (8.531784912000035 49.484166760000051)",Unfall 213340 (2023) Kat:3, Licht: 0,213340,3,4,6,10,15,1,0,0,0,0,1,1,0,0
"POINT (8.470011163000038 49.504021691000048)",Unfall 213341 (2023) Kat:2, Licht: 2,213341,2,1,1,10,02,1,0,2,0,1,1,0,0,1
"POINT (8.484165658000052 49.498812502000078)",Unfall 213405 (2023) Kat:3, Licht: 2,213405,3,4,6,10,20,6,0,2,0,1,1,0,0,0
"POINT (8.477371068000025 49.499539857000059)",Unfall 213406 (2023) Kat:3, Licht: 0,213406,3,3,5,10,16,6,0,0,0,1,0,0,0,0
"POINT (8.483726629000046 49.497342830000036)",Unfall 213407 (2023) Kat:3, Licht: 0,213407,3,3,5,10,17,6,0,0,1,1,0,0,0,0
"POINT (8.491326026000024 49.477739164000070)",Unfall 213408 (2023) Kat:3, Licht: 2,213408,3,6,2,10,06,6,1,2,0,1,0,0,0,0
"POINT (8.488604806000069 49.527898166000057)",Unfall 213418 (2023) Kat:3, Licht: 0,213418,3,3,5,11,17,2,1,0,0,1,0,1,0,0
"POINT (8.485818694000045 49.522124329000064)",Unfall 213453 (2023) Kat:3, Licht: 1,213453,3,1,9,10,18,5,1,1,0,1,0,0,0,0
"POINT (8.483647039000061 49.497280527000044)",Unfall 213455 (2023) Kat:3, Licht: 2,213455,3,2,5,10,19,5,1,2,1,1,0,0,0,0
"POINT (8.569433006000054 49.456849732000080)",Unfall 213457 (2023) Kat:3, Licht: 0,213457,3,1,9,10,09,5,1,0,0,0,0,1,0,0
"POINT (8.485472893000065 49.471639272000061)",Unfall 213458 (2023) Kat:2, Licht: 0,213458,2,1,0,10,07,5,1,0,0,0,0,1,0,0
"POINT (8.530047632000048 49.518444990000035)",Unfall 213462 (2023) Kat:3, Licht: 0,213462,3,7,1,11,12,6,0,0,1,1,0,0,0,0
"POINT (8.520815426000070 49.512063528000056)",Unfall 213475 (2023) Kat:3, Licht: 0,213475,3,5,1,11,15,3,0,0,1,1,0,0,0,0
"POINT (8.472782189000043 49.513268067000070)",Unfall 213521 (2023) Kat:3, Licht: 0,213521,3,3,5,11,15,4,0,0,1,1,0,0,0,0
"POINT (8.499957412000072 49.495832201000042)",Unfall 213556 (2023) Kat:3, Licht: 0,213556,3,3,5,10,12,3,0,0,0,1,0,0,0,0
"POINT (8.483002192000072 49.468097396000076)",Unfall 213597 (2023) Kat:3, Licht: 0,213597,3,5,2,10,10,2,0,0,1,1,0,0,0,0
"POINT (8.468245100000047 49.485934242000042)",Unfall 213599 (2023) Kat:3, Licht: 1,213599,3,2,5,10,07,2,0,1,1,1,0,0,0,0
"POINT (8.510433360000036 49.517631924000057)",Unfall 213632 (2023) Kat:3, Licht: 2,213632,3,2,4,12,22,3,1,2,0,1,0,0,0,0
"POINT (8.466377964000060 49.486654349000048)",Unfall 213710 (2023) Kat:3, Licht: 2,213710,3,4,6,12,23,7,0,2,1,0,1,0,0,0
"POINT (8.470482513000036 49.507808712000042)",Unfall 213739 (2023) Kat:3, Licht: 2,213739,3,5,1,12,22,6,1,2,0,1,0,0,0,0
"POINT (8.471594744000072 49.486516928000071)",Unfall 213769 (2023) Kat:3, Licht: 2,213769,3,7,6,12,17,5,1,2,0,1,1,0,0,0
"POINT (8.563234215000023 49.466966457000069)",Unfall 213770 (2023) Kat:3, Licht: 0,213770,3,7,0,12,10,5,0,0,1,0,0,0,0,0
"POINT (8.501642898000057 49.505069404000039)",Unfall 213771 (2023) Kat:2, Licht: 2,213771,2,3,5,12,06,5,1,2,1,0,0,0,0,1
"POINT (8.468901587000062 49.485679826000080)",Unfall 213851 (2023) Kat:3, Licht: 2,213851,3,4,6,12,19,3,1,2,0,1,1,0,0,0
"POINT (8.503552587000058 49.457598187000031)",Unfall 213886 (2023) Kat:3, Licht: 2,213886,3,3,5,12,16,2,0,2,1,1,0,0,0,0
"POINT (8.472477035000054 49.484233919000076)",Unfall 213910 (2023) Kat:3, Licht: 0,213910,3,5,1,12,15,1,1,0,1,1,0,0,0,0
"POINT (8.473039808000067 49.499096288000032)",Unfall 213911 (2023) Kat:3, Licht: 2,213911,3,5,1,12,19,1,0,2,1,1,0,0,0,0
"POINT (8.480273498000031 49.495023447000051)",Unfall 213927 (2023) Kat:3, Licht: 0,213927,3,3,5,12,10,7,1,0,0,1,0,1,0,0
"POINT (8.465355104000025 49.488924056000030)",Unfall 213928 (2023) Kat:3, Licht: 2,213928,3,6,2,12,17,7,1,2,0,1,0,0,0,1
"POINT (8.488447344000065 49.511291885000048)",Unfall 213929 (2023) Kat:3, Licht: 2,213929,3,6,2,12,00,7,0,2,0,1,0,0,0,0
"POINT (8.470888210000055 49.501234103000058)",Unfall 213930 (2023) Kat:3, Licht: 2,213930,3,7,3,12,18,7,1,2,0,1,0,0,0,1
"POINT (8.529001482000069 49.431362590000049)",Unfall 213960 (2023) Kat:3, Licht: 2,213960,3,4,6,12,07,6,1,2,0,1,1,0,0,0
"POINT (8.512147751000043 49.507483632000060)",Unfall 213961 (2023) Kat:3, Licht: 2,213961,3,4,6,12,07,6,1,2,0,1,1,0,0,0
"POINT (8.466247514000031 49.490287344000080)",Unfall 213996 (2023) Kat:3, Licht: 0,213996,3,5,1,12,14,5,0,0,1,1,0,0,0,0
"POINT (8.529221638000024 49.490493310000033)",Unfall 214031 (2023) Kat:3, Licht: 1,214031,3,4,6,12,08,4,0,1,0,1,1,0,0,0
"POINT (8.475008833000061 49.483328154000048)",Unfall 214059 (2023) Kat:2, Licht: 0,214059,2,4,6,12,13,3,1,0,0,1,1,0,0,0
"POINT (8.512155104000044 49.507484299000055)",Unfall 214060 (2023) Kat:1, Licht: 2,214060,1,4,6,12,18,3,1,2,0,1,1,0,0,0
"POINT (8.458134111000049 49.546643835000054)",Unfall 214110 (2023) Kat:3, Licht: 2,214110,3,1,0,12,23,1,0,2,0,0,0,1,0,0
"POINT (8.470006168000054 49.470778456000062)",Unfall 214111 (2023) Kat:3, Licht: 2,214111,3,6,3,12,17,1,0,2,1,0,0,0,0,1
"POINT (8.474116152000022 49.546693861000051)",Unfall 214128 (2023) Kat:3, Licht: 0,214128,3,7,6,12,14,7,0,0,0,0,1,0,0,1
"POINT (8.456937014000061 49.493309161000070)",Unfall 214165 (2023) Kat:2, Licht: 2,214165,2,2,5,12,20,6,0,2,0,1,0,0,0,0
"POINT (8.448995225000033 49.543927454000027)",Unfall 214190 (2023) Kat:3, Licht: 2,214190,3,3,5,11,06,5,1,2,0,1,0,0,0,0
"POINT (8.471592900000076 49.493208431000028)",Unfall 214191 (2023) Kat:2, Licht: 0,214191,2,6,4,11,13,5,0,0,1,0,0,0,0,0
"POINT (8.498413707000054 49.460597250000035)",Unfall 214192 (2023) Kat:3, Licht: 0,214192,3,5,5,11,15,5,0,0,0,1,0,1,0,0
"POINT (8.516596533000040 49.516550197000072)",Unfall 214193 (2023) Kat:2, Licht: 2,214193,2,1,0,11,19,5,0,2,0,0,0,1,0,0
"POINT (8.465470674000073 49.488878429000067)",Unfall 214194 (2023) Kat:3, Licht: 2,214194,3,4,6,11,18,5,0,2,0,1,1,0,0,0
"POINT (8.495484032000036 49.521269557000039)",Unfall 214227 (2023) Kat:3, Licht: 0,214227,3,3,5,11,15,4,0,0,1,1,0,0,0,0
"POINT (8.474686396000038 49.483454792000032)",Unfall 214228 (2023) Kat:3, Licht: 0,214228,3,7,0,11,13,4,0,0,0,0,0,1,0,0
"POINT (8.468901381000023 49.487548731000061)",Unfall 214229 (2023) Kat:3, Licht: 0,214229,3,5,3,11,15,4,0,0,1,1,0,0,0,0
"POINT (8.479287792000036 49.482291130000078)",Unfall 214259 (2023) Kat:3, Licht: 0,214259,3,6,1,11,08,3,1,0,1,1,0,0,0,1
"POINT (8.471168604000070 49.479074859000036)",Unfall 214260 (2023) Kat:3, Licht: 2,214260,3,7,0,11,07,3,0,2,1,0,0,0,0,0
"POINT (8.463318214000026 49.493864415000075)",Unfall 214261 (2023) Kat:3, Licht: 0,214261,3,6,2,11,08,3,1,0,0,1,0,0,0,0
"POINT (8.473204141000053 49.482723618000080)",Unfall 214262 (2023) Kat:3, Licht: 2,214262,3,6,3,11,18,3,1,2,1,0,0,0,0,0
"POINT (8.468556878000072 49.462087061000034)",Unfall 214345 (2023) Kat:3, Licht: 2,214345,3,5,1,11,18,7,1,2,0,1,0,0,0,0
"POINT (8.494728317000067 49.509630745000038)",Unfall 214418 (2023) Kat:3, Licht: 0,214418,3,7,0,11,07,5,0,0,1,0,0,0,0,0
"POINT (8.477030684000056 49.474280829000065)",Unfall 214419 (2023) Kat:3, Licht: 2,214419,3,6,3,11,18,5,0,2,0,0,0,0,0,1
"POINT (8.469328774000076 49.492396558000053)",Unfall 214452 (2023) Kat:3, Licht: 2,214452,3,7,6,11,17,4,0,2,1,1,1,0,0,0
"POINT (8.502106449000053 49.450171357000045)",Unfall 214453 (2023) Kat:3, Licht: 0,214453,3,1,0,11,13,4,1,0,0,0,0,0,0,1
"POINT (8.480926914000065 49.525770905000059)",Unfall 214493 (2023) Kat:3, Licht: 2,214493,3,3,5,11,20,3,1,2,0,1,0,0,0,0
"POINT (8.503941787000031 49.502218795000033)",Unfall 214494 (2023) Kat:3, Licht: 0,214494,3,5,1,11,15,3,0,0,1,0,0,0,0,1
"POINT (8.481066461000069 49.547023010000032)",Unfall 214576 (2023) Kat:3, Licht: 2,214576,3,2,5,11,20,7,1,2,0,1,0,0,0,0
"POINT (8.464022131000036 49.485138002000042)",Unfall 214598 (2023) Kat:3, Licht: 1,214598,3,3,5,11,17,6,1,1,0,1,0,0,0,0
"POINT (8.477794909000067 49.486450873000081)",Unfall 214600 (2023) Kat:3, Licht: 0,214600,3,6,2,11,12,6,1,0,1,1,0,0,0,0
"POINT (8.474046753000039 49.543307580000032)",Unfall 214601 (2023) Kat:3, Licht: 0,214601,3,3,5,11,12,6,1,0,0,1,0,1,0,0
"POINT (8.456571378000035 49.491474747000041)",Unfall 214637 (2023) Kat:3, Licht: 1,214637,3,2,1,11,16,5,1,1,0,1,0,0,0,1
"POINT (8.489196536000065 49.528988689000073)",Unfall 214639 (2023) Kat:3, Licht: 0,214639,3,6,3,11,13,5,1,0,0,1,0,0,0,0
"POINT (8.490136338000070 49.478313434000029)",Unfall 215439 (2023) Kat:3, Licht: 0,215439,3,3,5,12,10,1,0,0,0,1,0,0,0,0
"POINT (8.466828262000035 49.488342801000044)",Unfall 215451 (2023) Kat:3, Licht: 2,215451,3,3,5,12,01,7,1,2,0,1,0,0,0,0
"POINT (8.466295632000026 49.489127246000066)",Unfall 215474 (2023) Kat:3, Licht: 0,215474,3,5,3,12,13,6,0,0,1,1,0,0,0,0
"POINT (8.500765767000075 49.530282849000059)",Unfall 215522 (2023) Kat:3, Licht: 2,215522,3,3,5,12,23,3,1,2,0,1,0,1,0,0
"POINT (8.471589915000038 49.492699405000053)",Unfall 215523 (2023) Kat:3, Licht: 0,215523,3,6,2,12,13,3,0,0,0,1,0,0,0,0
"POINT (8.483069491000037 49.523381609000069)",Unfall 215581 (2023) Kat:3, Licht: 0,215581,3,1,9,12,10,6,1,0,0,1,0,0,0,0
"POINT (8.483047387000056 49.524594863000061)",Unfall 215608 (2023) Kat:3, Licht: 2,215608,3,7,0,12,18,5,1,2,1,0,0,0,0,0
"POINT (8.474210856000070 49.481567124000037)",Unfall 215609 (2023) Kat:3, Licht: 0,215609,3,1,0,12,21,5,1,0,0,0,0,0,0,1
"POINT (8.564705793000030 49.456801585000051)",Unfall 215636 (2023) Kat:3, Licht: 2,215636,3,3,5,12,18,6,1,2,0,1,0,0,0,0
"POINT (8.577928118000045 49.458917351000082)",Unfall 265532 (2023) Kat:3, Licht: 1,265532,3,6,1,01,07,5,0,1,1,0,0,0,0,0
"POINT (8.490204140000060 49.528134671000032)",Unfall 265540 (2023) Kat:3, Licht: 0,265540,3,3,5,02,11,6,0,0,1,1,0,0,0,0