WKT,Name,OBJECTID,UKATEGORIE,UTYP1,UART,UMONAT,USTUNDE,UWOCHENTAG,STRZUSTAND,ULICHTVERH,ISTRAD,ISTPKW,ISTFUSS,ISTKRAD,ISTGKFZ,ISTSONSTIG
"POINT (8.447880132000023 49.564740256000050)",Unfall 265644 (2023) Kat:3, Licht: 0,265644,3,6,4,04,17,4,0,0,1,0,0,0,0,0
"POINT (8.493414691000055 49.486932152000065)",Unfall 265683 (2023) Kat:3, Licht: 0,265683,3,2,0,05,08,5,0,0,1,0,0,0,0,0
"POINT (8.524602922000042 49.510556316000077)",Unfall 265689 (2023) Kat:2, Licht: 0,265689,2,6,4,05,06,6,0,0,1,0,0,0,0,0
"POINT (8.488836587000037 49.498047926000027)",Unfall 265739 (2023) Kat:2, Licht: 0,265739,2,7,0,05,07,5,0,0,1,0,0,0,0,0
"POINT (8.553995339000039 49.491913410000052)",Unfall 265759 (2023) Kat:3, Licht: 0,265759,3,3,5,05,07,3,0,0,1,0,0,0,0,0
"POINT (8.477615762000028 49.450780289000079)",Unfall 265885 (2023) Kat:3, Licht: 0,265885,3,3,5,06,18,6,0,0,1,0,0,0,0,0
"POINT (8.452566771000022 49.447690022000074)",Unfall 265924 (2023) Kat:3, Licht: 2,265924,3,7,0,06,22,3,0,2,1,0,0,0,0,0
"POINT (8.454852754000058 49.552359545000058)",Unfall 266054 (2023) Kat:3, Licht: 0,266054,3,6,0,06,18,6,0,0,1,1,0,0,0,0
"POINT (8.457911040000056 49.458349496000039)",Unfall 266075 (2023) Kat:3, Licht: 0,266075,3,7,6,07,17,2,0,0,1,0,1,0,0,0
"POINT (8.483775569000045 49.493101197000044)",Unfall 266335 (2023) Kat:3, Licht: 0,266335,3,2,3,08,17,2,0,0,1,0,0,0,0,0
"POINT (8.509684551000021 49.457858509000062)",Unfall 266381 (2023) Kat:3, Licht: 0,266381,3,6,4,08,10,3,0,0,1,0,0,0,0,0
"POINT (8.459818887000040 49.482474695000064)",Unfall 266671 (2023) Kat:2, Licht: 0,266671,2,7,7,10,12,7,0,0,1,0,0,0,0,0
"POINT (8.480879409000067 49.544932025000037)",Unfall 266744 (2023) Kat:3, Licht: 0,266744,3,2,5,11,12,3,0,0,1,1,0,0,0,0
"POINT (8.461723325000037 49.494190684000046)",Unfall 78292 (2024) Kat:3, Licht: 2,78292,3,6,3,01,21,1,0,2,0,1,0,0,0,0
"POINT (8.459768409000048 49.498071604000074)",Unfall 78351 (2024) Kat:3, Licht: 2,78351,3,6,4,01,23,6,1,2,0,1,0,0,0,0
"POINT (8.523773919000064 49.439336775000072)",Unfall 78352 (2024) Kat:3, Licht: 0,78352,3,4,6,01,15,6,0,0,0,1,1,0,0,0
"POINT (8.522877273000063 49.481630696000082)",Unfall 78354 (2024) Kat:3, Licht: 2,78354,3,1,8,01,05,6,2,2,0,1,0,0,0,0
"POINT (8.480842772000074 49.522102180000047)",Unfall 78486 (2024) Kat:3, Licht: 0,78486,3,2,4,01,08,2,0,0,1,1,0,0,0,0
"POINT (8.490667796000025 49.527986047000070)",Unfall 78487 (2024) Kat:3, Licht: 1,78487,3,2,3,01,17,2,1,1,1,0,0,0,0,1
"POINT (8.503659826000046 49.473287139000035)",Unfall 78510 (2024) Kat:3, Licht: 0,78510,3,6,2,01,11,7,1,0,0,1,0,0,0,0
"POINT (8.465748185000052 49.507477933000075)",Unfall 78597 (2024) Kat:3, Licht: 1,78597,3,7,1,01,17,2,0,1,0,1,0,0,0,0
"POINT (8.544016528000043 49.478069087000051)",Unfall 81327 (2024) Kat:3, Licht: 2,81327,3,1,3,01,07,4,0,2,0,1,0,0,1,0
"POINT (8.542072833000077 49.472326089000035)",Unfall 81482 (2024) Kat:3, Licht: 0,81482,3,6,3,02,15,4,0,0,0,1,0,0,1,0
"POINT (8.511558122000054 49.444880781000052)",Unfall 81681 (2024) Kat:3, Licht: 2,81681,3,2,5,02,22,4,0,2,0,1,0,0,0,0
"POINT (8.490038520000041 49.493693234000034)",Unfall 81712 (2024) Kat:3, Licht: 2,81712,3,7,0,02,20,3,0,2,1,0,0,0,0,0
"POINT (8.560506474000022 49.516821260000029)",Unfall 81713 (2024) Kat:3, Licht: 2,81713,3,1,8,02,02,3,0,2,0,1,0,0,0,0
"POINT (8.551465987000029 49.459943379000038)",Unfall 81759 (2024) Kat:3, Licht: 0,81759,3,6,1,02,14,2,0,0,0,1,0,0,0,1
"POINT (8.468398442000023 49.509371732000034)",Unfall 81884 (2024) Kat:3, Licht: 2,81884,3,6,2,02,20,2,0,2,0,1,0,0,0,0
"POINT (8.551984197000024 49.490210883000032)",Unfall 81923 (2024) Kat:3, Licht: 0,81923,3,6,2,01,08,4,0,0,0,1,0,0,0,0
"POINT (8.497193091000042 49.502730139000050)",Unfall 81956 (2024) Kat:3, Licht: 0,81956,3,3,5,01,14,3,0,0,1,1,0,0,0,0
"POINT (8.473907853000071 49.483893904000070)",Unfall 81957 (2024) Kat:3, Licht: 0,81957,3,6,3,01,10,3,0,0,0,1,0,0,1,0
"POINT (8.488083530000040 49.475929983000071)",Unfall 82070 (2024) Kat:3, Licht: 0,82070,3,6,2,01,12,7,0,0,0,1,0,0,0,0
"POINT (8.466793597000049 49.553981791000069)",Unfall 82110 (2024) Kat:3, Licht: 0,82110,3,6,2,01,15,6,0,0,0,1,0,0,0,0
"POINT (8.539599831000032 49.516082478000044)",Unfall 82332 (2024) Kat:3, Licht: 0,82332,3,1,8,01,09,2,1,0,0,1,0,0,0,0
"POINT (8.520094341000060 49.441241320000074)",Unfall 82374 (2024) Kat:3, Licht: 0,82374,3,1,0,01,11,7,2,0,0,1,0,0,0,0
"POINT (8.485262159000058 49.494734715000050)",Unfall 82512 (2024) Kat:3, Licht: 0,82512,3,1,0,01,08,4,2,0,1,0,0,0,0,0
"POINT (8.476891630000068 49.474383105000072)",Unfall 82513 (2024) Kat:3, Licht: 0,82513,3,3,1,01,15,4,1,0,0,1,0,0,1,0
"POINT (8.514046112000074 49.462143611000045)",Unfall 82565 (2024) Kat:3, Licht: 0,82565,3,6,3,01,14,3,0,0,0,1,0,0,1,0
"POINT (8.534188071000074 49.448519901000054)",Unfall 82742 (2024) Kat:3, Licht: 0,82742,3,1,0,03,16,4,1,0,0,0,0,1,0,0
"POINT (8.465401279000048 49.507230027000048)",Unfall 82781 (2024) Kat:3, Licht: 1,82781,3,1,1,03,06,3,0,1,0,1,0,1,0,0
"POINT (8.475656031000028 49.486050282000065)",Unfall 82834 (2024) Kat:3, Licht: 0,82834,3,6,3,03,14,2,0,0,1,0,0,0,0,1
"POINT (8.496844509000027 49.502544936000049)",Unfall 82866 (2024) Kat:3, Licht: 0,82866,3,6,2,03,16,1,0,0,0,1,0,0,0,0
"POINT (8.461490331000050 49.493661529000065)",Unfall 82867 (2024) Kat:3, Licht: 0,82867,3,3,5,03,17,1,0,0,0,1,0,0,0,1
"POINT (8.547027110000045 49.513407584000049)",Unfall 82869 (2024) Kat:3, Licht: 2,82869,3,7,1,03,20,1,0,2,0,1,0,0,0,0
"POINT (8.458588124000073 49.491799667000066)",Unfall 83010 (2024) Kat:3, Licht: 0,83010,3,6,3,03,10,5,0,0,0,1,0,1,0,0
"POINT (8.420012829000029 49.549463466000077)",Unfall 83029 (2024) Kat:3, Licht: 0,83029,3,6,2,03,07,4,0,0,0,1,0,0,0,0
"POINT (8.497164927000028 49.502715091000027)",Unfall 83121 (2024) Kat:2, Licht: 0,83121,2,3,5,03,17,2,0,0,1,0,0,0,0,1
"POINT (8.517577079000034 49.487840878000043)",Unfall 83187 (2024) Kat:3, Licht: 0,83187,3,1,8,03,15,7,1,0,0,1,0,0,0,0
"POINT (8.475994781000054 49.477936666000062)",Unfall 83324 (2024) Kat:3, Licht: 0,83324,3,6,2,03,11,4,1,0,0,1,0,0,0,0
"POINT (8.456311071000073 49.489033413000072)",Unfall 83423 (2024) Kat:3, Licht: 0,83423,3,6,3,03,13,2,0,0,0,1,0,0,0,0
"POINT (8.515166844000021 49.463543868000045)",Unfall 83424 (2024) Kat:3, Licht: 0,83424,3,1,9,03,07,2,1,0,0,0,0,1,0,0
"POINT (8.456025528000055 49.488501239000072)",Unfall 83460 (2024) Kat:3, Licht: 0,83460,3,6,2,03,14,1,0,0,0,1,0,0,0,0
"POINT (8.493570191000060 49.500799950000044)",Unfall 83497 (2024) Kat:3, Licht: 2,83497,3,2,4,03,20,7,0,2,1,1,0,0,0,0
"POINT (8.551001097000039 49.491703433000055)",Unfall 83498 (2024) Kat:3, Licht: 0,83498,3,6,1,03,15,7,0,0,0,1,0,0,0,0
"POINT (8.570888678000074 49.460998699000072)",Unfall 83547 (2024) Kat:3, Licht: 0,83547,3,3,5,03,08,6,0,0,1,1,0,0,0,0
"POINT (8.546597492000046 49.514155410000058)",Unfall 83548 (2024) Kat:3, Licht: 0,83548,3,7,6,03,14,6,0,0,0,1,1,0,0,0
"POINT (8.504661200000044 49.522202803000027)",Unfall 83549 (2024) Kat:3, Licht: 0,83549,3,6,3,03,12,6,0,0,0,1,0,0,0,0
"POINT (8.539964815000076 49.474558674000036)",Unfall 83640 (2024) Kat:3, Licht: 2,83640,3,2,4,03,05,4,0,2,0,1,0,1,0,0
"POINT (8.471388903000047 49.481065951000062)",Unfall 83641 (2024) Kat:3, Licht: 2,83641,3,2,5,03,18,4,0,2,1,1,0,0,0,0
"POINT (8.486395164000044 49.495572809000066)",Unfall 83642 (2024) Kat:3, Licht: 0,83642,3,4,6,03,15,4,0,0,0,0,1,0,0,1
"POINT (8.452989660000071 49.491930362000062)",Unfall 83643 (2024) Kat:3, Licht: 0,83643,3,6,3,03,16,4,0,0,0,1,0,1,0,0
"POINT (8.452583706000041 49.547943521000036)",Unfall 83687 (2024) Kat:3, Licht: 0,83687,3,6,2,03,06,3,0,0,0,1,0,0,0,0
"POINT (8.504196820000061 49.477830465000068)",Unfall 83688 (2024) Kat:3, Licht: 0,83688,3,7,0,03,15,3,1,0,1,0,0,0,0,0
"POINT (8.516792418000023 49.465770673000065)",Unfall 83760 (2024) Kat:3, Licht: 0,83760,3,6,3,03,14,1,0,0,0,1,0,0,0,0
"POINT (8.533906953000042 49.501296052000043)",Unfall 83970 (2024) Kat:3, Licht: 2,83970,3,6,2,02,19,4,0,2,0,1,0,0,0,0
"POINT (8.510170301000073 49.507530594000059)",Unfall 84048 (2024) Kat:3, Licht: 0,84048,3,2,5,02,13,2,0,0,1,1,0,0,0,0
"POINT (8.470788988000038 49.511086426000077)",Unfall 84063 (2024) Kat:3, Licht: 0,84063,3,2,4,02,08,5,0,0,1,1,0,0,0,0
"POINT (8.551498132000063 49.489415361000056)",Unfall 84195 (2024) Kat:3, Licht: 0,84195,3,6,2,03,17,5,0,0,0,1,0,0,0,0
"POINT (8.486994212000070 49.496467789000064)",Unfall 84197 (2024) Kat:3, Licht: 0,84197,3,2,3,02,16,5,1,0,0,1,0,0,0,1
"POINT (8.540950105000036 49.443689132000031)",Unfall 84198 (2024) Kat:3, Licht: 2,84198,3,6,2,02,19,5,1,2,0,1,0,0,0,0
"POINT (8.564335349000032 49.466303018000076)",Unfall 84239 (2024) Kat:3, Licht: 2,84239,3,3,5,02,18,4,0,2,0,1,0,0,0,0
"POINT (8.552843465000024 49.491667463000056)",Unfall 84240 (2024) Kat:3, Licht: 0,84240,3,6,2,02,15,4,1,0,0,1,0,0,0,0
"POINT (8.489912413000070 49.493811551000078)",Unfall 84316 (2024) Kat:3, Licht: 0,84316,3,6,3,02,14,5,0,0,0,1,0,1,0,0
"POINT (8.471018121000043 49.481217790000073)",Unfall 84323 (2024) Kat:2, Licht: 0,84323,2,1,0,02,16,2,1,0,0,1,0,0,0,0
"POINT (8.524349032000032 49.439982547000056)",Unfall 84414 (2024) Kat:3, Licht: 0,84414,3,3,5,02,16,6,0,0,1,1,0,0,0,0
"POINT (8.517671652000047 49.488449197000079)",Unfall 84416 (2024) Kat:3, Licht: 0,84416,3,3,5,02,14,6,0,0,0,1,0,0,0,0
"POINT (8.458997293000039 49.481380016000060)",Unfall 84488 (2024) Kat:3, Licht: 0,84488,3,6,2,05,18,4,1,0,0,1,0,0,0,0
"POINT (8.516425422000054 49.488338479000049)",Unfall 84489 (2024) Kat:3, Licht: 0,84489,3,1,9,05,17,4,1,0,0,0,0,1,0,0
"POINT (8.493444169000043 49.500874083000042)",Unfall 84535 (2024) Kat:3, Licht: 0,84535,3,2,3,05,17,3,0,0,1,1,0,0,0,0
"POINT (8.495505307000030 49.479124036000030)",Unfall 84715 (2024) Kat:3, Licht: 0,84715,3,4,6,05,12,6,0,0,1,0,1,0,0,0
"POINT (8.475873564000040 49.486959924000075)",Unfall 84816 (2024) Kat:3, Licht: 0,84816,3,6,3,05,10,4,0,0,0,1,0,0,0,0
"POINT (8.548909420000030 49.481866671000034)",Unfall 84842 (2024) Kat:3, Licht: 0,84842,3,2,2,05,17,3,0,0,0,1,0,0,0,0
"POINT (8.521584060000066 49.515156268000055)",Unfall 84843 (2024) Kat:3, Licht: 0,84843,3,7,5,05,11,3,1,0,0,1,0,0,0,1
"POINT (8.457449934000067 49.491147541000032)",Unfall 84873 (2024) Kat:3, Licht: 2,84873,3,6,3,05,04,2,1,2,0,1,0,1,0,0
"POINT (8.459041519000039 49.482526479000057)",Unfall 84907 (2024) Kat:3, Licht: 2,84907,3,7,4,05,22,1,1,2,0,1,0,0,0,0
"POINT (8.465704115000051 49.483299372000033)",Unfall 84994 (2024) Kat:2, Licht: 2,84994,2,4,6,05,00,6,1,2,0,1,1,0,0,0
"POINT (8.446881344000076 49.555350524000062)",Unfall 84995 (2024) Kat:3, Licht: 0,84995,3,7,0,05,17,6,0,0,0,0,0,0,0,1
"POINT (8.519712149000043 49.515984511000056)",Unfall 84996 (2024) Kat:3, Licht: 0,84996,3,6,1,05,16,6,0,0,0,1,0,0,0,0
"POINT (8.472614078000049 49.482650873000068)",Unfall 84997 (2024) Kat:3, Licht: 0,84997,3,7,6,05,15,6,0,0,1,0,1,0,0,0
"POINT (8.480410433000031 49.489441222000039)",Unfall 85086 (2024) Kat:3, Licht: 2,85086,3,3,5,05,22,4,0,2,0,1,0,0,0,0
"POINT (8.513070924000033 49.460896671000057)",Unfall 85156 (2024) Kat:3, Licht: 0,85156,3,6,2,04,16,3,0,0,0,1,0,1,0,0
"POINT (8.531388412000069 49.479823919000069)",Unfall 85208 (2024) Kat:3, Licht: 0,85208,3,6,2,04,17,2,0,0,0,1,0,0,0,0
"POINT (8.574857779000070 49.448039901000072)",Unfall 85209 (2024) Kat:3, Licht: 0,85209,3,6,2,04,06,2,0,0,0,1,0,0,0,0
"POINT (8.511596771000029 49.461604236000028)",Unfall 85417 (2024) Kat:3, Licht: 0,85417,3,6,3,04,13,4,0,0,0,1,0,0,1,0
"POINT (8.471698612000068 49.511865812000053)",Unfall 85418 (2024) Kat:3, Licht: 0,85418,3,6,4,04,11,4,1,0,1,0,0,0,0,0
"POINT (8.531909907000056 49.463630088000059)",Unfall 85456 (2024) Kat:3, Licht: 0,85456,3,6,2,04,11,2,0,0,0,1,0,1,0,0
"POINT (8.481859472000053 49.525808815000062)",Unfall 85491 (2024) Kat:3, Licht: 0,85491,3,3,5,04,11,2,0,0,1,1,0,0,0,0
"POINT (8.481770158000074 49.527389278000044)",Unfall 85518 (2024) Kat:2, Licht: 2,85518,2,4,6,04,22,1,0,2,0,1,1,0,0,0
"POINT (8.484440457000062 49.493640588000062)",Unfall 85560 (2024) Kat:3, Licht: 0,85560,3,4,6,04,16,7,1,0,0,0,1,0,0,1
"POINT (8.525032187000022 49.512791344000050)",Unfall 85598 (2024) Kat:3, Licht: 2,85598,3,2,5,04,22,6,1,2,0,1,0,1,0,0
"POINT (8.518617122000023 49.467876469000032)",Unfall 85636 (2024) Kat:2, Licht: 0,85636,2,6,2,05,14,4,0,0,0,1,0,0,0,0
"POINT (8.479423993000069 49.487985564000041)",Unfall 85650 (2024) Kat:3, Licht: 0,85650,3,7,2,04,07,5,1,0,0,1,0,0,0,0
"POINT (8.480858245000036 49.554258373000039)",Unfall 85651 (2024) Kat:3, Licht: 0,85651,3,6,2,04,16,5,0,0,0,1,0,0,0,0
"POINT (8.512417109000069 49.507704512000032)",Unfall 85680 (2024) Kat:3, Licht: 0,85680,3,6,1,04,16,7,1,0,0,1,0,0,0,0
"POINT (8.522725611000055 49.473688560000028)",Unfall 85722 (2024) Kat:3, Licht: 0,85722,3,6,2,04,08,4,0,0,0,1,0,0,1,0
"POINT (8.567560574000026 49.463227942000060)",Unfall 85760 (2024) Kat:3, Licht: 0,85760,3,6,2,04,08,3,1,0,0,1,0,0,0,0
"POINT (8.472260502000040 49.480820769000047)",Unfall 85814 (2024) Kat:3, Licht: 0,85814,3,2,5,04,07,2,1,0,0,1,0,0,0,1
"POINT (8.491204945000050 49.490173220000031)",Unfall 85833 (2024) Kat:3, Licht: 0,85833,3,3,5,05,09,4,0,0,0,1,0,0,0,0
"POINT (8.493668601000024 49.500852561000045)",Unfall 85895 (2024) Kat:3, Licht: 0,85895,3,3,5,04,12,1,0,0,0,1,0,0,0,1
"POINT (8.501995312000076 49.473610475000044)",Unfall 85901 (2024) Kat:3, Licht: 0,85901,3,6,2,05,12,2,1,0,0,1,0,0,0,0
"POINT (8.457348314000058 49.490336038000066)",Unfall 85966 (2024) Kat:2, Licht: 0,85966,2,6,4,04,14,7,0,0,0,1,0,0,0,0
"POINT (8.463244115000066 49.484382955000058)",Unfall 85967 (2024) Kat:3, Licht: 0,85967,3,1,8,04,19,7,0,0,0,0,0,0,0,1
"POINT (8.520014723000031 49.469491835000042)",Unfall 86117 (2024) Kat:3, Licht: 0,86117,3,6,2,04,07,5,0,0,0,1,0,0,0,1
"POINT (8.569586601000026 49.448663394000050)",Unfall 86174 (2024) Kat:3, Licht: 0,86174,3,6,1,04,17,5,0,0,0,1,0,0,0,0
"POINT (8.522863834000077 49.495000817000061)",Unfall 86300 (2024) Kat:3, Licht: 0,86300,3,3,5,04,07,2,0,0,1,1,0,0,0,0
"POINT (8.517891439000039 49.467933797000057)",Unfall 86302 (2024) Kat:3, Licht: 2,86302,3,6,2,04,07,2,0,2,0,1,0,0,0,1
"POINT (8.485442890000058 49.473857149000025)",Unfall 86427 (2024) Kat:3, Licht: 2,86427,3,3,5,04,23,7,0,2,0,1,0,0,0,0
"POINT (8.570430024000075 49.449955765000027)",Unfall 86459 (2024) Kat:3, Licht: 0,86459,3,6,2,04,16,3,0,0,0,1,0,0,0,0
"POINT (8.474587855000038 49.484559077000029)",Unfall 86525 (2024) Kat:3, Licht: 1,86525,3,5,5,04,20,5,0,1,0,1,0,1,0,0
"POINT (8.455763967000053 49.487141308000048)",Unfall 86527 (2024) Kat:3, Licht: 0,86527,3,6,1,04,14,6,0,0,0,1,0,1,0,0
"POINT (8.454614730000060 49.553534611000032)",Unfall 86530 (2024) Kat:3, Licht: 0,86530,3,6,2,04,20,6,0,0,0,1,0,0,0,0
"POINT (8.541295533000039 49.470080896000070)",Unfall 86593 (2024) Kat:3, Licht: 0,86593,3,6,2,04,16,5,0,0,0,1,0,0,0,0
"POINT (8.539636485000074 49.460356396000066)",Unfall 86595 (2024) Kat:3, Licht: 2,86595,3,1,9,04,00,5,1,2,0,1,0,0,0,0
"POINT (8.465713933000075 49.507453455000075)",Unfall 86660 (2024) Kat:3, Licht: 0,86660,3,2,3,04,15,4,1,0,1,1,0,0,0,0
"POINT (8.465017532000047 49.481909785000028)",Unfall 86661 (2024) Kat:3, Licht: 0,86661,3,3,5,04,12,4,1,0,0,1,0,0,0,1
"POINT (8.446199197000055 49.490053751000062)",Unfall 86744 (2024) Kat:3, Licht: 2,86744,3,6,1,04,03,2,1,2,0,1,0,0,0,0
"POINT (8.515324818000067 49.463987572000065)",Unfall 87003 (2024) Kat:3, Licht: 0,87003,3,6,2,06,17,7,0,0,0,1,0,1,0,0
"POINT (8.512103131000060 49.459452537000061)",Unfall 87004 (2024) Kat:1, Licht: 0,87004,1,6,3,06,13,7,0,0,0,1,0,0,0,0
"POINT (8.460846296000057 49.499991091000027)",Unfall 87129 (2024) Kat:3, Licht: 0,87129,3,1,8,06,16,5,0,0,0,0,0,1,0,0
"POINT (8.522117191000063 49.466252454000028)",Unfall 87130 (2024) Kat:3, Licht: 2,87130,3,6,2,06,23,5,0,2,0,1,0,0,0,0
"POINT (8.567645387000027 49.450675482000065)",Unfall 87131 (2024) Kat:3, Licht: 0,87131,3,7,6,06,08,5,0,0,0,1,1,0,0,0
"POINT (8.575919077000037 49.446888596000065)",Unfall 87227 (2024) Kat:3, Licht: 0,87227,3,2,5,06,17,3,0,0,0,1,0,0,0,0
"POINT (8.502717048000022 49.473679098000048)",Unfall 87277 (2024) Kat:3, Licht: 0,87277,3,6,2,06,19,2,0,0,0,1,0,0,0,0
"POINT (8.512814634000051 49.447528195000075)",Unfall 87365 (2024) Kat:3, Licht: 0,87365,3,6,2,06,13,7,1,0,0,1,0,0,0,0
"POINT (8.569081385000061 49.439022307000073)",Unfall 87537 (2024) Kat:2, Licht: 0,87537,2,1,4,05,17,3,0,0,0,1,0,0,0,1
"POINT (8.512948304000076 49.448656444000051)",Unfall 87569 (2024) Kat:3, Licht: 0,87569,3,6,2,05,17,2,0,0,0,1,0,0,1,0
"POINT (8.471063894000054 49.481199389000039)",Unfall 87570 (2024) Kat:3, Licht: 0,87570,3,2,3,05,09,2,0,0,1,1,0,0,0,0
"POINT (8.487014675000069 49.496490103000042)",Unfall 87649 (2024) Kat:3, Licht: 0,87649,3,3,5,05,21,7,0,0,1,0,0,0,0,1
"POINT (8.500187214000050 49.474313010000060)",Unfall 87687 (2024) Kat:3, Licht: 0,87687,3,3,5,05,19,6,0,0,0,1,0,0,0,0
"POINT (8.480524082000045 49.489333764000037)",Unfall 87720 (2024) Kat:3, Licht: 0,87720,3,4,6,05,17,5,0,0,0,0,1,0,0,1
"POINT (8.465633704000027 49.483327309000060)",Unfall 87761 (2024) Kat:2, Licht: 0,87761,2,3,5,05,19,4,1,0,1,1,0,0,0,0
"POINT (8.500160034000032 49.474323727000069)",Unfall 87796 (2024) Kat:3, Licht: 0,87796,3,6,2,05,17,3,1,0,0,1,0,0,0,0
"POINT (8.513995816000033 49.462510439000027)",Unfall 87916 (2024) Kat:3, Licht: 0,87916,3,1,0,05,09,1,1,0,0,0,0,1,0,0
"POINT (8.548181420000049 49.457958200000064)",Unfall 87972 (2024) Kat:3, Licht: 0,87972,3,6,3,05,12,7,0,0,0,1,0,0,0,1
"POINT (8.541928774000041 49.447286519000045)",Unfall 88034 (2024) Kat:3, Licht: 0,88034,3,6,2,05,14,6,1,0,0,1,0,0,0,0
"POINT (8.505809612000064 49.506894871000043)",Unfall 88096 (2024) Kat:2, Licht: 0,88096,2,3,5,05,10,5,0,0,0,1,0,0,0,0
"POINT (8.541212559000030 49.456116005000069)",Unfall 88141 (2024) Kat:3, Licht: 0,88141,3,3,3,07,16,5,0,0,0,1,0,0,1,0
"POINT (8.552185097000063 49.490236028000027)",Unfall 88142 (2024) Kat:3, Licht: 0,88142,3,6,2,07,16,5,0,0,0,1,0,0,0,0
"POINT (8.506118905000051 49.472263030000079)",Unfall 88252 (2024) Kat:3, Licht: 0,88252,3,6,2,07,16,3,0,0,0,1,0,0,0,0
"POINT (8.492472408000026 49.469213271000058)",Unfall 88369 (2024) Kat:3, Licht: 2,88369,3,1,8,07,00,1,0,2,0,1,0,0,0,0
"POINT (8.544862138000042 49.516876867000065)",Unfall 88467 (2024) Kat:3, Licht: 2,88467,3,7,0,07,23,6,0,2,0,0,0,0,0,1
"POINT (8.540933739000025 49.457251082000028)",Unfall 88468 (2024) Kat:3, Licht: 0,88468,3,6,2,07,07,6,0,0,0,1,0,0,0,1
"POINT (8.460854904000030 49.499834081000074)",Unfall 88509 (2024) Kat:3, Licht: 0,88509,3,7,7,07,17,5,0,0,1,0,0,0,0,0
"POINT (8.500290852000035 49.474272405000079)",Unfall 88752 (2024) Kat:3, Licht: 0,88752,3,3,5,06,17,7,0,0,0,1,0,0,0,0
"POINT (8.544510359000071 49.482924117000039)",Unfall 88803 (2024) Kat:2, Licht: 0,88803,2,3,5,06,18,6,0,0,1,1,0,0,0,0
"POINT (8.505742824000038 49.506872715000043)",Unfall 88862 (2024) Kat:3, Licht: 0,88862,3,2,6,06,16,5,0,0,0,1,1,0,0,0
"POINT (8.508172879000028 49.519819999000049)",Unfall 88927 (2024) Kat:3, Licht: 0,88927,3,6,3,06,16,4,0,0,0,0,0,0,0,1
"POINT (8.526995214000067 49.439136910000059)",Unfall 89095 (2024) Kat:3, Licht: 0,89095,3,6,2,06,10,2,0,0,0,1,0,1,0,0
"POINT (8.482928173000062 49.493150299000035)",Unfall 89107 (2024) Kat:3, Licht: 0,89107,3,7,0,07,09,4,0,0,1,0,0,0,0,0
"POINT (8.455882590000044 49.486827066000046)",Unfall 89202 (2024) Kat:3, Licht: 0,89202,3,6,2,06,12,7,1,0,0,1,0,0,0,0
"POINT (8.485652998000035 49.530159999000034)",Unfall 89332 (2024) Kat:3, Licht: 0,89332,3,3,5,06,20,5,0,0,1,1,0,0,0,0
"POINT (8.519522038000048 49.468894754000075)",Unfall 89333 (2024) Kat:3, Licht: 0,89333,3,6,2,06,16,5,0,0,0,1,0,0,0,0
"POINT (8.512465399000064 49.488836615000025)",Unfall 89355 (2024) Kat:3, Licht: 0,89355,3,2,5,07,17,2,0,0,1,1,0,0,0,0
"POINT (8.489226973000029 49.528728325000031)",Unfall 89397 (2024) Kat:3, Licht: 0,89397,3,6,2,06,16,4,0,0,0,1,0,0,0,0
"POINT (8.500174219000030 49.474318135000033)",Unfall 89398 (2024) Kat:3, Licht: 2,89398,3,3,5,06,23,4,0,2,0,1,0,0,0,0
"POINT (8.485123812000040 49.494168923000075)",Unfall 89464 (2024) Kat:3, Licht: 0,89464,3,6,1,06,20,3,0,0,0,1,0,0,0,0
"POINT (8.514616003000071 49.468815849000066)",Unfall 89697 (2024) Kat:3, Licht: 1,89697,3,6,2,06,20,6,0,1,0,1,0,0,0,0
"POINT (8.467293355000038 49.482794578000039)",Unfall 89732 (2024) Kat:2, Licht: 0,89732,2,7,6,06,19,4,0,0,0,1,1,0,0,0
"POINT (8.519022060000054 49.468322384000032)",Unfall 89772 (2024) Kat:2, Licht: 0,89772,2,6,2,06,15,5,0,0,0,1,0,0,0,0
"POINT (8.544962023000039 49.517866324000067)",Unfall 89835 (2024) Kat:3, Licht: 0,89835,3,6,3,06,17,4,0,0,0,1,0,0,0,0
"POINT (8.524489550000055 49.479377051000029)",Unfall 89896 (2024) Kat:3, Licht: 0,89896,3,6,1,06,13,3,0,0,0,1,0,0,0,1
"POINT (8.524354698000025 49.479167415000063)",Unfall 89897 (2024) Kat:3, Licht: 0,89897,3,6,3,06,13,3,0,0,0,1,0,0,1,0
"POINT (8.501681292000058 49.523630899000068)",Unfall 89939 (2024) Kat:3, Licht: 2,89939,3,1,0,08,23,1,0,2,0,0,0,1,0,0
"POINT (8.560839634000047 49.505406954000080)",Unfall 90022 (2024) Kat:3, Licht: 0,90022,3,6,2,08,14,6,0,0,0,1,0,0,0,0
"POINT (8.473104476000060 49.482694260000073)",Unfall 90074 (2024) Kat:3, Licht: 0,90074,3,6,2,08,18,5,0,0,1,1,0,0,0,0
"POINT (8.515880810000056 49.555210817000045)",Unfall 90075 (2024) Kat:2, Licht: 0,90075,2,6,2,08,18,5,0,0,0,1,0,0,0,0
"POINT (8.464269941000055 49.506421240000066)",Unfall 90384 (2024) Kat:3, Licht: 0,90384,3,6,2,08,18,4,0,0,0,1,0,0,0,0