WKT,Name,OBJECTID,UKATEGORIE,UTYP1,UART,UMONAT,USTUNDE,UWOCHENTAG,STRZUSTAND,ULICHTVERH,ISTRAD,ISTPKW,ISTFUSS,ISTKRAD,ISTGKFZ,ISTSONSTIG
"POINT (8.492553192000059 49.490099716000032)",Unfall 90385 (2024) Kat:3, Licht: 0,90385,3,6,2,08,09,4,0,0,0,1,0,0,0,0
"POINT (8.566311782000071 49.430160877000048)",Unfall 90386 (2024) Kat:1, Licht: 0,90386,1,6,2,08,14,4,0,0,0,0,0,1,1,0
"POINT (8.465816484000072 49.507526742000039)",Unfall 90506 (2024) Kat:3, Licht: 0,90506,3,2,5,08,18,1,0,0,1,1,0,0,0,0
"POINT (8.471919663000051 49.476900324000042)",Unfall 90966 (2024) Kat:3, Licht: 0,90966,3,6,2,08,17,5,0,0,0,1,0,0,0,0
"POINT (8.565972999000053 49.431776978000073)",Unfall 90967 (2024) Kat:2, Licht: 0,90967,2,1,4,08,12,5,1,0,0,1,0,0,0,1
"POINT (8.495967437000047 49.478779902000042)",Unfall 91016 (2024) Kat:3, Licht: 0,91016,3,2,5,07,13,4,0,0,1,0,0,0,0,1
"POINT (8.462228365000044 49.484786675000066)",Unfall 91068 (2024) Kat:3, Licht: 0,91068,3,3,5,07,17,3,0,0,1,1,0,0,0,0
"POINT (8.493055578000053 49.500666448000061)",Unfall 91070 (2024) Kat:3, Licht: 0,91070,3,3,5,07,08,3,0,0,1,0,0,0,0,0
"POINT (8.565780478000022 49.464499803000081)",Unfall 91186 (2024) Kat:3, Licht: 0,91186,3,6,3,07,19,1,0,0,0,1,0,1,0,0
"POINT (8.544529053000076 49.459316202000082)",Unfall 91242 (2024) Kat:3, Licht: 0,91242,3,6,2,07,18,7,1,0,0,1,0,0,0,0
"POINT (8.515253270000073 49.488661823000029)",Unfall 91296 (2024) Kat:3, Licht: 2,91296,3,7,9,07,02,6,0,2,1,0,0,0,0,0
"POINT (8.537665902000072 49.419731565000063)",Unfall 91421 (2024) Kat:2, Licht: 0,91421,2,7,0,07,19,4,0,0,0,0,0,1,0,0
"POINT (8.539713529000039 49.474582567000027)",Unfall 91422 (2024) Kat:3, Licht: 0,91422,3,6,1,07,18,4,0,0,0,1,0,0,0,1
"POINT (8.473083517000020 49.483112275000053)",Unfall 91423 (2024) Kat:3, Licht: 0,91423,3,7,6,07,16,4,0,0,0,0,1,0,0,1
"POINT (8.505888889000062 49.463875446000031)",Unfall 91426 (2024) Kat:3, Licht: 0,91426,3,3,5,08,10,1,0,0,0,1,0,0,0,0
"POINT (8.473994332000075 49.483625229000040)",Unfall 91489 (2024) Kat:2, Licht: 0,91489,2,3,5,07,17,3,0,0,0,1,0,0,0,0
"POINT (8.523664133000068 49.488353574000030)",Unfall 91554 (2024) Kat:3, Licht: 0,91554,3,4,6,07,13,2,0,0,0,1,1,0,0,0
"POINT (8.487338167000075 49.496632465000062)",Unfall 91796 (2024) Kat:3, Licht: 0,91796,3,7,0,07,19,6,0,0,0,0,0,0,0,1
"POINT (8.455823500000065 49.487451430000078)",Unfall 91798 (2024) Kat:3, Licht: 0,91798,3,3,5,07,14,6,0,0,1,0,0,0,1,0
"POINT (8.471582987000033 49.512365500000044)",Unfall 91991 (2024) Kat:3, Licht: 0,91991,3,6,1,08,09,2,0,0,0,1,0,0,0,0
"POINT (8.477824849000058 49.476477592000037)",Unfall 92110 (2024) Kat:3, Licht: 0,92110,3,2,3,07,07,2,0,0,1,0,0,0,1,0
"POINT (8.497576064000043 49.502934761000063)",Unfall 92112 (2024) Kat:3, Licht: 0,92112,3,6,4,07,16,2,0,0,1,0,0,0,0,0
"POINT (8.456607845000065 49.481321046000062)",Unfall 92113 (2024) Kat:3, Licht: 0,92113,3,6,3,07,07,2,0,0,0,1,0,0,1,0
"POINT (8.502207059000057 49.523529983000060)",Unfall 92266 (2024) Kat:3, Licht: 0,92266,3,6,3,08,17,2,0,0,0,1,0,1,0,0
"POINT (8.460144035000042 49.493091507000031)",Unfall 92353 (2024) Kat:3, Licht: 0,92353,3,2,3,07,06,6,0,0,1,0,0,0,0,1
"POINT (8.501484172000062 49.504777959000080)",Unfall 92354 (2024) Kat:3, Licht: 0,92354,3,6,1,07,15,6,0,0,0,1,0,0,0,0
"POINT (8.478178369000034 49.554299850000064)",Unfall 92357 (2024) Kat:3, Licht: 0,92357,3,6,2,07,15,6,1,0,0,1,0,0,0,0
"POINT (8.544902617000048 49.480740494000031)",Unfall 92358 (2024) Kat:3, Licht: 0,92358,3,6,2,07,11,6,0,0,0,1,0,0,0,0
"POINT (8.542395673000044 49.473712014000057)",Unfall 92435 (2024) Kat:3, Licht: 0,92435,3,6,2,09,11,5,0,0,0,1,0,0,0,0
"POINT (8.463473615000055 49.505850295000073)",Unfall 92522 (2024) Kat:3, Licht: 0,92522,3,6,2,09,14,3,0,0,0,1,0,0,0,0
"POINT (8.478680937000036 49.487803490000033)",Unfall 92600 (2024) Kat:3, Licht: 2,92600,3,3,5,09,00,1,0,2,1,1,0,0,0,0
"POINT (8.510581431000048 49.489088092000031)",Unfall 92735 (2024) Kat:3, Licht: 0,92735,3,5,1,09,08,5,0,0,1,1,0,0,0,0
"POINT (8.475382915000068 49.485162904000049)",Unfall 92736 (2024) Kat:3, Licht: 1,92736,3,5,5,09,06,5,0,1,0,0,0,1,0,1
"POINT (8.499991333000025 49.489459058000079)",Unfall 92737 (2024) Kat:3, Licht: 0,92737,3,2,3,09,12,5,0,0,0,1,0,0,0,1
"POINT (8.570829316000072 49.449742066000056)",Unfall 92788 (2024) Kat:3, Licht: 0,92788,3,6,2,09,14,4,0,0,0,1,0,0,0,0
"POINT (8.542152873000020 49.520253431000071)",Unfall 92880 (2024) Kat:3, Licht: 0,92880,3,6,2,09,15,2,1,0,0,1,0,0,0,0
"POINT (8.493540875000065 49.500930203000053)",Unfall 92971 (2024) Kat:3, Licht: 0,92971,3,6,3,09,16,7,0,0,0,1,0,1,0,0
"POINT (8.499350833000051 49.489634444000046)",Unfall 93103 (2024) Kat:2, Licht: 0,93103,2,6,2,09,16,5,0,0,0,1,0,0,0,1
"POINT (8.464997093000022 49.540256083000031)",Unfall 93229 (2024) Kat:3, Licht: 0,93229,3,6,2,09,15,3,0,0,0,1,0,0,0,0
"POINT (8.566049599000053 49.451280824000037)",Unfall 93230 (2024) Kat:3, Licht: 0,93230,3,6,2,09,15,3,0,0,0,0,0,1,0,1
"POINT (8.472871523000038 49.482912029000033)",Unfall 93514 (2024) Kat:3, Licht: 0,93514,3,2,6,08,08,5,0,0,0,0,1,0,0,1
"POINT (8.460202398000035 49.492999959000031)",Unfall 93516 (2024) Kat:3, Licht: 0,93516,3,6,3,08,16,5,0,0,0,1,0,1,0,1
"POINT (8.483796447000032 49.530759501000034)",Unfall 93606 (2024) Kat:3, Licht: 0,93606,3,6,2,08,09,4,0,0,0,1,0,0,1,0
"POINT (8.476039018000051 49.477734834000046)",Unfall 93655 (2024) Kat:3, Licht: 0,93655,3,6,2,08,13,3,0,0,0,1,0,0,0,0
"POINT (8.538579938000055 49.422328127000071)",Unfall 93771 (2024) Kat:3, Licht: 1,93771,3,6,2,10,19,2,0,1,0,1,0,1,0,0
"POINT (8.488193297000066 49.529152327000077)",Unfall 93852 (2024) Kat:3, Licht: 0,93852,3,2,3,10,16,7,0,0,1,0,0,1,0,0
"POINT (8.479415547000031 49.472922782000069)",Unfall 93853 (2024) Kat:2, Licht: 2,93853,2,6,2,10,23,7,0,2,0,1,0,0,0,0
"POINT (8.522739249000040 49.473718100000042)",Unfall 93936 (2024) Kat:3, Licht: 0,93936,3,6,2,10,07,5,1,0,0,1,0,0,1,0
"POINT (8.485158554000066 49.494202288000054)",Unfall 93937 (2024) Kat:2, Licht: 2,93937,2,3,5,10,21,5,0,2,0,1,0,0,0,0
"POINT (8.530470136000076 49.496470013000078)",Unfall 94022 (2024) Kat:3, Licht: 0,94022,3,6,2,10,13,3,0,0,0,1,0,1,0,0
"POINT (8.545955582000033 49.520708488000025)",Unfall 94023 (2024) Kat:3, Licht: 0,94023,3,6,2,10,09,3,1,0,0,1,0,1,0,0
"POINT (8.521895410000070 49.471821755000065)",Unfall 94128 (2024) Kat:3, Licht: 0,94128,3,6,2,10,17,5,0,0,0,1,0,0,0,0
"POINT (8.475363811000022 49.485136294000029)",Unfall 94132 (2024) Kat:2, Licht: 2,94132,2,3,5,10,23,7,0,2,0,1,0,0,0,1
"POINT (8.438254893000021 49.553173436000066)",Unfall 94197 (2024) Kat:3, Licht: 0,94197,3,6,2,10,17,3,0,0,0,1,0,1,0,0
"POINT (8.461458761000074 49.504317486000048)",Unfall 94321 (2024) Kat:3, Licht: 2,94321,3,1,2,10,06,3,1,2,0,1,0,1,0,0
"POINT (8.496683645000076 49.525880289000042)",Unfall 94322 (2024) Kat:2, Licht: 0,94322,2,4,6,10,15,3,1,0,0,0,1,0,0,1
"POINT (8.453197178000039 49.553703418000055)",Unfall 94372 (2024) Kat:3, Licht: 1,94372,3,1,8,10,06,2,0,1,0,1,0,0,0,0
"POINT (8.540394168000034 49.436318413000038)",Unfall 94373 (2024) Kat:3, Licht: 0,94373,3,6,2,10,12,2,1,0,0,1,0,0,0,0
"POINT (8.419852735000063 49.549527511000065)",Unfall 94504 (2024) Kat:3, Licht: 0,94504,3,6,3,10,17,6,1,0,0,1,0,0,0,0
"POINT (8.565516099000035 49.467125702000033)",Unfall 94538 (2024) Kat:3, Licht: 0,94538,3,6,3,10,16,5,0,0,1,0,0,0,0,0
"POINT (8.560607615000038 49.502708641000027)",Unfall 94588 (2024) Kat:3, Licht: 1,94588,3,6,2,10,19,4,0,1,0,1,0,0,0,0
"POINT (8.427162493000026 49.551808193000056)",Unfall 94589 (2024) Kat:3, Licht: 0,94589,3,6,2,10,18,4,0,0,0,1,0,0,0,0
"POINT (8.476200833000064 49.474743097000044)",Unfall 94645 (2024) Kat:3, Licht: 0,94645,3,6,3,10,14,3,0,0,0,1,0,0,1,0
"POINT (8.512141329000031 49.489010805000078)",Unfall 94705 (2024) Kat:3, Licht: 0,94705,3,6,2,09,09,2,1,0,0,1,0,0,1,0
"POINT (8.522746364000056 49.473733512000081)",Unfall 94804 (2024) Kat:3, Licht: 0,94804,3,6,1,09,11,7,0,0,0,1,0,0,0,0
"POINT (8.529805094000039 49.496301440000082)",Unfall 94805 (2024) Kat:3, Licht: 0,94805,3,6,2,09,10,7,0,0,0,1,0,0,0,0
"POINT (8.465084429000058 49.507003597000050)",Unfall 94852 (2024) Kat:3, Licht: 0,94852,3,6,2,09,14,6,0,0,0,1,0,1,0,0
"POINT (8.490413502000024 49.528226890000042)",Unfall 94897 (2024) Kat:3, Licht: 0,94897,3,6,2,09,16,5,0,0,0,1,0,0,0,1
"POINT (8.465744395000058 49.483389904000035)",Unfall 94898 (2024) Kat:3, Licht: 0,94898,3,2,3,09,08,5,1,0,1,0,0,0,0,0
"POINT (8.560626431000060 49.506120893000059)",Unfall 94951 (2024) Kat:2, Licht: 0,94951,2,6,3,09,09,4,0,0,0,1,0,0,0,1
"POINT (8.495115704000057 49.476217845000065)",Unfall 95060 (2024) Kat:3, Licht: 0,95060,3,7,0,09,16,2,1,0,0,0,0,1,0,0
"POINT (8.480554050000023 49.489375853000070)",Unfall 95062 (2024) Kat:3, Licht: 0,95062,3,6,2,09,16,2,1,0,0,1,0,0,0,0
"POINT (8.469022025000072 49.482025250000049)",Unfall 95231 (2024) Kat:3, Licht: 0,95231,3,3,5,09,15,7,0,0,0,1,0,0,0,1
"POINT (8.465818643000034 49.507528283000056)",Unfall 95232 (2024) Kat:3, Licht: 0,95232,3,6,1,09,16,7,0,0,0,1,0,0,0,0
"POINT (8.511593458000050 49.477631460000055)",Unfall 95324 (2024) Kat:2, Licht: 0,95324,2,6,3,09,18,6,0,0,0,1,0,0,0,0
"POINT (8.480528187000061 49.489339530000052)",Unfall 95446 (2024) Kat:3, Licht: 1,95446,3,2,5,12,07,3,0,1,1,1,0,0,0,0
"POINT (8.557039243000077 49.454778302000079)",Unfall 95490 (2024) Kat:3, Licht: 2,95490,3,6,2,12,17,2,0,2,0,1,0,0,0,0
"POINT (8.538267385000040 49.422068573000047)",Unfall 95518 (2024) Kat:3, Licht: 2,95518,3,1,7,12,00,1,1,2,0,1,0,0,0,0
"POINT (8.560191656000029 49.505634305000058)",Unfall 95575 (2024) Kat:3, Licht: 0,95575,3,6,4,12,14,6,0,0,0,1,0,0,1,0
"POINT (8.545755013000075 49.482260398000051)",Unfall 95601 (2024) Kat:3, Licht: 0,95601,3,6,2,12,08,5,0,0,0,1,0,0,0,0
"POINT (8.568433600000049 49.450439867000057)",Unfall 95602 (2024) Kat:3, Licht: 2,95602,3,6,2,12,06,5,0,2,0,1,0,0,0,1
"POINT (8.553511188000073 49.492763175000050)",Unfall 95632 (2024) Kat:3, Licht: 2,95632,3,6,2,12,16,4,0,2,0,1,0,0,0,0
"POINT (8.546296321000057 49.420783921000066)",Unfall 95633 (2024) Kat:3, Licht: 2,95633,3,6,2,12,17,4,0,2,0,1,0,0,0,0
"POINT (8.509244386000034 49.477701590000038)",Unfall 95720 (2024) Kat:3, Licht: 1,95720,3,3,5,12,07,2,0,1,0,1,0,0,0,0
"POINT (8.532910705000063 49.513647193000054)",Unfall 95748 (2024) Kat:3, Licht: 1,95748,3,6,2,12,16,5,0,1,0,1,0,0,0,0
"POINT (8.516724175000036 49.465418721000049)",Unfall 95877 (2024) Kat:3, Licht: 2,95877,3,6,1,12,22,5,1,2,0,1,0,0,0,0
"POINT (8.570920665000074 49.461008597000045)",Unfall 95955 (2024) Kat:3, Licht: 0,95955,3,3,5,12,12,3,1,0,1,1,0,0,0,0
"POINT (8.540756454000075 49.442802618000030)",Unfall 95976 (2024) Kat:3, Licht: 0,95976,3,6,2,12,09,3,0,0,0,1,0,0,0,0
"POINT (8.490845250000064 49.470163550000052)",Unfall 96003 (2024) Kat:3, Licht: 2,96003,3,2,6,12,18,2,1,2,0,1,1,0,0,0
"POINT (8.491804865000063 49.477980553000066)",Unfall 96049 (2024) Kat:3, Licht: 2,96049,3,3,5,11,23,7,0,2,0,1,0,0,0,1
"POINT (8.570649177000064 49.450223760000029)",Unfall 96090 (2024) Kat:3, Licht: 0,96090,3,3,5,11,11,6,0,0,0,1,0,0,0,0
"POINT (8.544102175000035 49.478777299000058)",Unfall 96091 (2024) Kat:3, Licht: 2,96091,3,6,2,11,18,6,0,2,0,1,0,0,0,0
"POINT (8.515592719000040 49.477630991000069)",Unfall 96137 (2024) Kat:3, Licht: 2,96137,3,7,4,11,17,5,0,2,0,1,0,1,0,0
"POINT (8.541694029000041 49.447132583000041)",Unfall 96138 (2024) Kat:3, Licht: 0,96138,3,6,2,11,12,5,0,0,0,1,0,0,0,0
"POINT (8.446682085000020 49.564264164000065)",Unfall 96181 (2024) Kat:3, Licht: 0,96181,3,6,2,11,15,4,0,0,0,1,0,0,0,0
"POINT (8.482246605000057 49.491820776000054)",Unfall 96182 (2024) Kat:3, Licht: 2,96182,3,6,4,11,21,4,0,2,1,0,0,0,0,0
"POINT (8.560583205000057 49.507171427000060)",Unfall 96184 (2024) Kat:3, Licht: 0,96184,3,6,2,11,07,4,0,0,0,1,0,0,0,0
"POINT (8.504474793000043 49.477831462000040)",Unfall 96224 (2024) Kat:3, Licht: 2,96224,3,7,0,11,16,3,1,2,1,0,0,0,0,0
"POINT (8.454752620000022 49.546589058000052)",Unfall 96225 (2024) Kat:2, Licht: 2,96225,2,1,4,11,19,3,1,2,0,1,0,0,0,0
"POINT (8.505569519000062 49.463745360000075)",Unfall 96256 (2024) Kat:3, Licht: 2,96256,3,6,2,12,17,4,0,2,0,1,0,0,0,0
"POINT (8.497310556000059 49.489552842000080)",Unfall 96274 (2024) Kat:2, Licht: 0,96274,2,7,0,11,15,2,0,0,1,0,0,0,0,0
"POINT (8.525700035000057 49.465529265000043)",Unfall 96435 (2024) Kat:3, Licht: 2,96435,3,6,2,11,16,5,0,2,0,1,0,0,0,0
"POINT (8.518096782000043 49.467281861000060)",Unfall 96436 (2024) Kat:3, Licht: 2,96436,3,6,1,11,18,5,0,2,0,1,0,0,0,0
"POINT (8.560384988000067 49.516057823000040)",Unfall 96437 (2024) Kat:3, Licht: 0,96437,3,6,3,11,15,5,0,0,0,1,0,0,1,0
"POINT (8.505966425000054 49.506940829000030)",Unfall 96516 (2024) Kat:3, Licht: 1,96516,3,7,0,11,16,3,1,1,1,0,0,0,0,0
"POINT (8.524330479000071 49.495161272000075)",Unfall 96517 (2024) Kat:3, Licht: 2,96517,3,6,2,11,07,3,1,2,0,1,0,0,0,0
"POINT (8.449923426000055 49.549656492000054)",Unfall 96535 (2024) Kat:3, Licht: 0,96535,3,3,2,12,08,2,1,0,0,1,0,0,0,0
"POINT (8.500852879000036 49.524166569000045)",Unfall 96569 (2024) Kat:3, Licht: 2,96569,3,3,5,11,06,2,1,2,1,1,0,0,0,0
"POINT (8.515418502000045 49.463839877000055)",Unfall 96570 (2024) Kat:3, Licht: 2,96570,3,6,2,11,17,2,1,2,0,1,0,0,0,0
"POINT (8.529277259000025 49.430926164000027)",Unfall 96605 (2024) Kat:3, Licht: 2,96605,3,7,3,11,16,1,0,2,0,1,0,0,0,1
"POINT (8.524437700000021 49.440085425000063)",Unfall 96952 (2024) Kat:3, Licht: 2,96952,3,7,0,11,23,7,0,2,0,0,0,0,0,1
"POINT (8.556464536000021 49.454881054000055)",Unfall 97001 (2024) Kat:3, Licht: 0,97001,3,7,3,11,18,6,0,0,0,1,0,0,1,0
"POINT (8.538905658000033 49.452951290000044)",Unfall 97114 (2024) Kat:2, Licht: 0,97114,2,4,6,11,16,4,0,0,0,1,1,0,0,0
"POINT (8.461728581000045 49.504511056000069)",Unfall 97242 (2024) Kat:3, Licht: 0,97242,3,6,1,11,14,2,0,0,0,1,0,0,0,0
"POINT (8.516839559000061 49.442658441000049)",Unfall 97294 (2024) Kat:3, Licht: 0,97294,3,7,8,11,13,1,0,0,0,1,0,0,0,0
"POINT (8.472998039000061 49.483031535000066)",Unfall 97329 (2024) Kat:3, Licht: 0,97329,3,4,0,11,11,7,0,0,0,0,1,0,0,1
"POINT (8.506843807000052 49.507119167000042)",Unfall 97397 (2024) Kat:3, Licht: 0,97397,3,7,5,10,12,5,0,0,1,1,0,0,0,0
"POINT (8.515119268000035 49.463746120000053)",Unfall 97404 (2024) Kat:3, Licht: 0,97404,3,6,2,12,13,1,0,0,0,1,0,0,0,0
"POINT (8.515972702000056 49.464491751000025)",Unfall 97470 (2024) Kat:3, Licht: 2,97470,3,6,1,12,22,5,1,2,0,1,0,0,0,0
"POINT (8.509706225000059 49.507499699000050)",Unfall 97498 (2024) Kat:3, Licht: 1,97498,3,5,1,10,17,3,0,1,0,1,0,0,0,0
"POINT (8.566518190000068 49.425150706000068)",Unfall 97544 (2024) Kat:3, Licht: 0,97544,3,6,4,10,12,2,0,0,0,1,0,0,0,1
"POINT (8.461569254000040 49.485046538000063)",Unfall 97580 (2024) Kat:2, Licht: 2,97580,2,6,2,11,18,2,0,2,0,1,0,1,0,0
"POINT (8.488814961000060 49.528750077000041)",Unfall 97620 (2024) Kat:3, Licht: 0,97620,3,3,5,10,11,1,0,0,0,1,0,0,0,0
"POINT (8.458824413000059 49.481432155000050)",Unfall 97672 (2024) Kat:3, Licht: 0,97672,3,6,2,10,17,7,0,0,0,1,0,0,0,0
"POINT (8.455984023000042 49.487455942000054)",Unfall 97673 (2024) Kat:3, Licht: 0,97673,3,6,2,10,15,7,0,0,0,1,0,0,0,0
"POINT (8.538888607000047 49.452937589000044)",Unfall 97712 (2024) Kat:2, Licht: 0,97712,2,4,6,11,07,4,0,0,0,1,1,0,0,0
"POINT (8.531003390000024 49.447169027000029)",Unfall 97758 (2024) Kat:3, Licht: 0,97758,3,6,2,10,10,6,0,0,0,1,0,0,0,1
"POINT (8.523481530000026 49.439138576000062)",Unfall 97759 (2024) Kat:3, Licht: 1,97759,3,3,5,10,06,6,0,1,1,1,0,0,0,0
"POINT (8.464061031000028 49.484059721000051)",Unfall 97761 (2024) Kat:3, Licht: 0,97761,3,2,3,10,14,6,0,0,0,1,0,0,0,1
"POINT (8.492847957000038 49.476728095000055)",Unfall 97916 (2024) Kat:3, Licht: 0,97916,3,5,1,10,09,4,0,0,0,1,0,0,0,1
"POINT (8.538062864000040 49.515647998000077)",Unfall 98762 (2024) Kat:3, Licht: 0,98762,3,6,3,12,14,2,0,0,0,1,0,0,0,0
"POINT (8.501887925000062 49.473651536000034)",Unfall 98816 (2024) Kat:3, Licht: 0,98816,3,2,4,12,07,7,0,0,0,1,0,0,0,0
"POINT (8.547038597000039 49.513391003000038)",Unfall 98817 (2024) Kat:3, Licht: 2,98817,3,3,0,12,01,7,1,2,0,1,0,0,0,0
"POINT (8.558844674000056 49.498268029000030)",Unfall 98948 (2024) Kat:3, Licht: 0,98948,3,6,2,12,13,5,0,0,0,1,0,0,0,0
"POINT (8.522730913000032 49.473700047000079)",Unfall 98950 (2024) Kat:3, Licht: 0,98950,3,6,2,12,11,2,1,0,0,1,0,0,0,1
"POINT (8.461586343000022 49.485039602000029)",Unfall 99079 (2024) Kat:3, Licht: 2,99079,3,6,3,12,21,6,0,2,0,1,0,0,0,0
"POINT (8.472433261000049 49.482051862000048)",Unfall 99138 (2024) Kat:3, Licht: 0,99138,3,7,0,12,11,5,0,0,0,0,0,0,0,1
"POINT (8.452371998000046 49.536960032000081)",Unfall 199982 (2024) Kat:3, Licht: 0,199982,3,3,5,01,09,5,2,0,0,1,0,0,0,0
"POINT (8.522182213000065 49.477519861000076)",Unfall 199983 (2024) Kat:3, Licht: 0,199983,3,4,6,01,11,5,2,0,0,1,1,0,0,0
"POINT (8.513680008000051 49.441572647000044)",Unfall 200014 (2024) Kat:3, Licht: 0,200014,3,7,0,01,09,4,2,0,1,0,0,0,0,0
"POINT (8.513869027000055 49.477629021000041)",Unfall 200060 (2024) Kat:3, Licht: 0,200060,3,6,2,01,12,2,1,0,0,1,0,0,0,0
"POINT (8.475573077000035 49.479890794000028)",Unfall 200062 (2024) Kat:3, Licht: 2,200062,3,3,3,01,17,2,0,2,0,0,0,0,0,1
"POINT (8.477376480000032 49.473182264000059)",Unfall 200141 (2024) Kat:3, Licht: 0,200141,3,7,0,01,11,5,0,0,0,1,1,0,0,0
"POINT (8.500392643000055 49.474404073000073)",Unfall 200142 (2024) Kat:3, Licht: 2,200142,3,6,3,01,06,5,0,2,0,1,0,0,1,0
"POINT (8.501792451000028 49.500041005000071)",Unfall 200143 (2024) Kat:3, Licht: 0,200143,3,6,2,01,15,5,0,0,0,1,0,0,0,0
"POINT (8.492191856000034 49.521926944000029)",Unfall 200163 (2024) Kat:3, Licht: 2,200163,3,2,3,01,07,4,0,2,1,1,0,0,0,0
"POINT (8.504361504000030 49.456928240000082)",Unfall 200164 (2024) Kat:3, Licht: 0,200164,3,3,5,01,13,4,0,0,1,1,0,0,0,0
"POINT (8.565031631000068 49.465431752000029)",Unfall 200165 (2024) Kat:3, Licht: 2,200165,3,3,5,01,18,4,0,2,0,1,0,0,0,0
"POINT (8.451416120000033 49.533261613000036)",Unfall 200167 (2024) Kat:1, Licht: 0,200167,1,6,4,01,12,4,0,0,0,0,0,0,1,1
"POINT (8.484890589000031 49.481514402000073)",Unfall 200168 (2024) Kat:3, Licht: 0,200168,3,3,5,01,16,4,0,0,0,1,0,0,0,0
"POINT (8.469817994000039 49.490267582000058)",Unfall 200188 (2024) Kat:3, Licht: 1,200188,3,2,3,01,18,3,0,1,0,1,0,0,0,1
"POINT (8.465402804000064 49.488157507000039)",Unfall 200213 (2024) Kat:3, Licht: 0,200213,3,4,6,01,08,2,0,0,0,0,1,0,0,1
"POINT (8.492783452000026 49.458105153000076)",Unfall 200214 (2024) Kat:3, Licht: 0,200214,3,6,2,01,16,2,0,0,0,1,0,0,0,0
"POINT (8.456232130000046 49.488186793000068)",Unfall 200215 (2024) Kat:3, Licht: 0,200215,3,3,5,01,15,2,0,0,1,1,0,0,0,0
"POINT (8.470168720000061 49.503841503000046)",Unfall 200216 (2024) Kat:3, Licht: 0,200216,3,2,3,01,11,2,0,0,0,0,0,0,1,1
"POINT (8.465457455000035 49.486943595000071)",Unfall 200302 (2024) Kat:3, Licht: 2,200302,3,3,5,01,05,3,1,2,0,1,0,0,0,1
"POINT (8.464533524000046 49.487368152000045)",Unfall 200351 (2024) Kat:3, Licht: 2,200351,3,1,0,01,05,6,1,2,1,0,0,0,0,0
"POINT (8.496538296000040 49.525482312000065)",Unfall 200580 (2024) Kat:3, Licht: 0,200580,3,1,0,01,08,4,2,0,0,0,0,1,0,0
"POINT (8.477693788000067 49.461521526000070)",Unfall 200945 (2024) Kat:2, Licht: 0,200945,2,2,5,03,16,7,0,0,1,0,0,0,0,1
"POINT (8.455982183000060 49.483917556000051)",Unfall 200946 (2024) Kat:3, Licht: 2,200946,3,7,1,03,23,7,0,2,0,1,0,0,0,0
"POINT (8.476815311000053 49.480348692000064)",Unfall 200974 (2024) Kat:3, Licht: 2,200974,3,5,3,03,20,6,0,2,1,1,0,0,0,0
"POINT (8.484208977000037 49.455949814000064)",Unfall 201007 (2024) Kat:2, Licht: 0,201007,2,6,2,02,14,5,0,0,1,1,0,0,0,0
"POINT (8.502443286000073 49.449311632000047)",Unfall 201041 (2024) Kat:3, Licht: 2,201041,3,7,0,02,18,4,0,2,1,0,0,0,0,0
"POINT (8.504535653000062 49.444988919000082)",Unfall 201042 (2024) Kat:2, Licht: 0,201042,2,6,4,02,07,4,0,0,0,1,0,1,0,0
"POINT (8.470159912000042 49.492047157000059)",Unfall 201067 (2024) Kat:3, Licht: 2,201067,3,7,0,02,22,3,0,2,1,0,0,0,0,0
"POINT (8.483425629000067 49.472873265000032)",Unfall 201068 (2024) Kat:3, Licht: 0,201068,3,7,9,02,11,3,0,0,0,1,0,0,0,0
"POINT (8.472001040000066 49.469470119000050)",Unfall 201092 (2024) Kat:3, Licht: 2,201092,3,3,5,02,06,2,1,2,1,1,0,0,0,0
"POINT (8.468242187000044 49.493843871000081)",Unfall 201110 (2024) Kat:3, Licht: 2,201110,3,3,5,02,00,1,0,2,0,1,0,0,0,0
"POINT (8.438404731000048 49.546916893000059)",Unfall 201131 (2024) Kat:2, Licht: 0,201131,2,2,6,02,10,7,0,0,0,1,1,0,0,0
"POINT (8.576896754000074 49.441932452000060)",Unfall 201132 (2024) Kat:3, Licht: 0,201132,3,5,5,02,13,7,0,0,1,1,0,0,0,0
"POINT (8.474310414000058 49.484569052000040)",Unfall 201137 (2024) Kat:3, Licht: 0,201137,3,7,3,03,15,7,0,0,0,0,1,0,0,1
"POINT (8.476414591000037 49.497064366000075)",Unfall 201236 (2024) Kat:3, Licht: 2,201236,3,2,2,02,00,3,0,2,1,1,0,0,0,0
"POINT (8.481619694000074 49.453278210000065)",Unfall 201237 (2024) Kat:3, Licht: 0,201237,3,6,3,02,13,3,0,0,1,0,0,0,0,0
"POINT (8.467983256000025 49.483547195000028)",Unfall 201268 (2024) Kat:3, Licht: 0,201268,3,3,5,02,20,2,0,0,1,1,0,0,0,0
"POINT (8.457280563000040 49.495219639000027)",Unfall 201269 (2024) Kat:3, Licht: 0,201269,3,5,1,02,14,2,0,0,1,1,0,0,0,0
"POINT (8.463152861000026 49.493871855000066)",Unfall 201270 (2024) Kat:3, Licht: 1,201270,3,6,1,02,18,2,1,1,0,1,0,0,0,0