WKT,Name,OBJECTID,UKATEGORIE,UTYP1,UART,UMONAT,USTUNDE,UWOCHENTAG,STRZUSTAND,ULICHTVERH,ISTRAD,ISTPKW,ISTFUSS,ISTKRAD,ISTGKFZ,ISTSONSTIG
"POINT (8.467788492000068 49.487974952000059)",Unfall 201329 (2024) Kat:3, Licht: 0,201329,3,5,1,02,15,6,0,0,1,1,0,0,0,0
"POINT (8.527364082000076 49.437650931000064)",Unfall 201361 (2024) Kat:3, Licht: 0,201361,3,2,5,02,14,4,0,0,1,1,0,0,0,0
"POINT (8.460514232000037 49.487756300000058)",Unfall 201363 (2024) Kat:3, Licht: 1,201363,3,3,4,02,17,4,1,1,1,1,0,0,0,0
"POINT (8.474000589000070 49.516322357000035)",Unfall 201382 (2024) Kat:3, Licht: 2,201382,3,3,5,02,18,3,0,2,1,1,0,0,0,0
"POINT (8.473054529000024 49.472587205000082)",Unfall 201383 (2024) Kat:2, Licht: 0,201383,2,3,5,02,11,3,0,0,1,1,0,0,0,0
"POINT (8.475984924000045 49.473566728000037)",Unfall 201384 (2024) Kat:3, Licht: 0,201384,3,2,5,02,08,3,0,0,0,1,0,0,0,0
"POINT (8.466427292000049 49.490572694000036)",Unfall 201385 (2024) Kat:3, Licht: 0,201385,3,3,5,02,10,3,0,0,1,0,0,0,0,0
"POINT (8.484352708000074 49.479419640000060)",Unfall 201431 (2024) Kat:3, Licht: 0,201431,3,7,0,02,09,1,1,0,0,0,0,0,0,1
"POINT (8.490471002000049 49.460749472000032)",Unfall 201432 (2024) Kat:3, Licht: 2,201432,3,3,5,02,18,1,0,2,0,1,0,1,0,0
"POINT (8.468248193000022 49.546526227000072)",Unfall 201476 (2024) Kat:3, Licht: 2,201476,3,3,5,02,20,6,1,2,0,1,0,0,0,0
"POINT (8.467979641000056 49.487070081000070)",Unfall 201477 (2024) Kat:2, Licht: 0,201477,2,7,6,02,11,6,0,0,0,1,1,0,0,0
"POINT (8.474012938000044 49.483724300000063)",Unfall 201537 (2024) Kat:3, Licht: 1,201537,3,2,3,02,17,4,1,1,0,1,0,0,0,0
"POINT (8.456736865000039 49.492248248000067)",Unfall 201538 (2024) Kat:3, Licht: 2,201538,3,2,5,02,18,4,1,2,0,1,0,0,0,0
"POINT (8.502146010000047 49.489564387000030)",Unfall 201566 (2024) Kat:3, Licht: 0,201566,3,7,0,02,15,3,0,0,0,0,0,0,0,1
"POINT (8.470074574000023 49.499172326000064)",Unfall 201590 (2024) Kat:3, Licht: 0,201590,3,4,6,02,08,2,0,0,0,1,1,0,0,0
"POINT (8.504856002000054 49.456358537000028)",Unfall 201610 (2024) Kat:3, Licht: 2,201610,3,6,2,02,20,1,0,2,1,0,0,0,0,0
"POINT (8.473434420000046 49.513658969000062)",Unfall 201656 (2024) Kat:3, Licht: 0,201656,3,3,5,02,13,6,0,0,1,1,0,0,0,0
"POINT (8.495897962000072 49.452725845000032)",Unfall 201694 (2024) Kat:3, Licht: 2,201694,3,1,0,02,01,5,0,2,0,0,0,0,0,1
"POINT (8.505774233000068 49.455241652000041)",Unfall 201695 (2024) Kat:3, Licht: 0,201695,3,7,2,02,13,5,0,0,0,1,0,0,0,0
"POINT (8.464775615000065 49.500572058000046)",Unfall 201696 (2024) Kat:2, Licht: 0,201696,2,6,0,02,11,5,1,0,0,0,0,0,0,1
"POINT (8.482836330000055 49.488948255000025)",Unfall 201716 (2024) Kat:3, Licht: 0,201716,3,7,5,02,16,5,0,0,0,1,0,0,0,0
"POINT (8.494668206000028 49.462686401000042)",Unfall 201731 (2024) Kat:3, Licht: 0,201731,3,2,4,01,10,4,0,0,0,1,0,0,0,0
"POINT (8.484109041000067 49.481165582000074)",Unfall 201749 (2024) Kat:3, Licht: 2,201749,3,6,3,02,20,7,0,2,0,1,0,0,0,0
"POINT (8.474335307000047 49.456353458000081)",Unfall 201782 (2024) Kat:2, Licht: 0,201782,2,2,4,01,10,2,0,0,1,1,0,0,0,0
"POINT (8.500166093000075 49.501413498000034)",Unfall 201851 (2024) Kat:3, Licht: 0,201851,3,6,1,01,15,6,0,0,0,1,0,0,0,0
"POINT (8.480415567000023 49.471396012000071)",Unfall 201852 (2024) Kat:3, Licht: 2,201852,3,3,5,01,20,6,0,2,1,1,0,0,0,0
"POINT (8.474423190000039 49.481519138000067)",Unfall 201853 (2024) Kat:3, Licht: 0,201853,3,5,1,01,15,6,1,0,1,1,0,0,0,0
"POINT (8.494641037000065 49.524401889000046)",Unfall 201880 (2024) Kat:3, Licht: 0,201880,3,7,5,01,14,5,0,0,0,1,0,0,0,0
"POINT (8.463069920000066 49.486660256000050)",Unfall 201898 (2024) Kat:3, Licht: 0,201898,3,2,6,01,09,4,0,0,0,1,1,0,0,0
"POINT (8.493829288000029 49.455820441000071)",Unfall 201899 (2024) Kat:1, Licht: 2,201899,1,2,6,01,18,4,0,2,0,1,1,0,0,0
"POINT (8.512284463000071 49.490356418000033)",Unfall 201941 (2024) Kat:3, Licht: 2,201941,3,1,0,01,07,3,2,2,1,0,0,0,0,0
"POINT (8.471415240000056 49.511504678000051)",Unfall 201973 (2024) Kat:3, Licht: 0,201973,3,7,3,01,10,2,1,0,0,0,0,0,0,1
"POINT (8.487180438000053 49.474944884000081)",Unfall 202002 (2024) Kat:3, Licht: 1,202002,3,2,5,04,19,7,0,1,0,1,0,1,0,0
"POINT (8.466544877000047 49.481059163000054)",Unfall 202068 (2024) Kat:3, Licht: 2,202068,3,7,0,04,20,5,0,2,0,0,0,0,0,1
"POINT (8.466534014000047 49.490530742000033)",Unfall 202089 (2024) Kat:3, Licht: 1,202089,3,2,6,04,19,4,0,1,0,1,1,0,0,0
"POINT (8.460227796000027 49.492001327000025)",Unfall 202110 (2024) Kat:3, Licht: 0,202110,3,5,5,04,15,3,1,0,1,0,0,0,0,0
"POINT (8.512214762000042 49.444834623000077)",Unfall 202111 (2024) Kat:3, Licht: 0,202111,3,6,2,04,14,3,0,0,0,1,0,0,0,1
"POINT (8.456879036000032 49.490511784000034)",Unfall 202112 (2024) Kat:3, Licht: 0,202112,3,7,0,04,11,3,0,0,1,0,0,0,0,0
"POINT (8.522821128000032 49.434162169000047)",Unfall 202150 (2024) Kat:3, Licht: 0,202150,3,5,1,04,13,7,0,0,1,1,0,0,0,0
"POINT (8.522853414000053 49.434136120000062)",Unfall 202195 (2024) Kat:3, Licht: 0,202195,3,6,3,03,18,5,1,0,0,1,0,0,0,0
"POINT (8.471362852000027 49.493486944000040)",Unfall 202196 (2024) Kat:3, Licht: 0,202196,3,7,0,03,12,5,1,0,1,0,0,0,0,0
"POINT (8.479640662000065 49.482300781000049)",Unfall 202207 (2024) Kat:3, Licht: 0,202207,3,4,6,03,10,4,0,0,0,0,1,0,0,1
"POINT (8.568535449000024 49.442665986000065)",Unfall 202211 (2024) Kat:3, Licht: 1,202211,3,2,4,03,05,4,0,1,1,1,0,0,0,0
"POINT (8.492606130000070 49.533034644000054)",Unfall 202254 (2024) Kat:3, Licht: 0,202254,3,2,3,03,17,3,0,0,1,1,0,0,0,0
"POINT (8.481146733000060 49.456861563000075)",Unfall 202255 (2024) Kat:2, Licht: 0,202255,2,3,5,03,16,3,0,0,1,1,0,0,0,0
"POINT (8.482417412000075 49.511511827000049)",Unfall 202294 (2024) Kat:3, Licht: 0,202294,3,2,4,03,06,2,0,0,0,1,0,0,0,0
"POINT (8.487511172000040 49.464553452000075)",Unfall 202295 (2024) Kat:3, Licht: 0,202295,3,3,5,03,11,2,0,0,1,1,0,0,0,0
"POINT (8.474994198000047 49.451585613000077)",Unfall 202296 (2024) Kat:3, Licht: 0,202296,3,7,4,03,13,2,0,0,0,1,0,0,0,0
"POINT (8.517173169000046 49.432115475000046)",Unfall 202297 (2024) Kat:2, Licht: 0,202297,2,6,4,03,12,2,0,0,0,1,0,0,0,0
"POINT (8.495884920000037 49.449441777000061)",Unfall 202326 (2024) Kat:3, Licht: 0,202326,3,7,6,03,10,1,0,0,0,1,1,0,0,0
"POINT (8.468361994000077 49.546454866000033)",Unfall 202342 (2024) Kat:3, Licht: 0,202342,3,3,5,03,16,7,0,0,0,1,0,0,0,0
"POINT (8.510112549000041 49.516956269000048)",Unfall 202343 (2024) Kat:3, Licht: 2,202343,3,2,5,03,22,7,0,2,0,1,0,0,0,0
"POINT (8.505524917000059 49.455583508000075)",Unfall 202378 (2024) Kat:3, Licht: 0,202378,3,2,4,04,10,7,0,0,0,1,0,1,0,0
"POINT (8.463564925000071 49.518379227000025)",Unfall 202418 (2024) Kat:3, Licht: 0,202418,3,7,0,03,12,5,0,0,0,0,0,1,0,0
"POINT (8.466277721000040 49.487835879000045)",Unfall 202419 (2024) Kat:3, Licht: 0,202419,3,7,6,03,10,5,0,0,0,0,1,0,1,0
"POINT (8.467139599000063 49.483940994000079)",Unfall 202420 (2024) Kat:3, Licht: 1,202420,3,3,5,03,18,5,0,1,0,1,0,1,0,0
"POINT (8.476582232000055 49.490555315000051)",Unfall 202461 (2024) Kat:3, Licht: 0,202461,3,6,3,03,18,4,0,0,1,1,0,0,0,0
"POINT (8.484313825000072 49.472101584000029)",Unfall 202462 (2024) Kat:2, Licht: 0,202462,2,1,9,03,17,4,0,0,0,0,0,1,0,0
"POINT (8.497877759000062 49.460894722000035)",Unfall 202463 (2024) Kat:2, Licht: 0,202463,2,2,4,03,11,4,0,0,0,0,0,1,1,0
"POINT (8.455096187000038 49.540216815000065)",Unfall 202503 (2024) Kat:3, Licht: 0,202503,3,6,2,03,06,3,1,0,0,1,0,0,0,0
"POINT (8.480098271000031 49.514092196000036)",Unfall 202504 (2024) Kat:3, Licht: 0,202504,3,6,2,03,16,3,0,0,0,1,0,0,0,0
"POINT (8.456710603000033 49.492121004000069)",Unfall 202505 (2024) Kat:2, Licht: 0,202505,2,4,6,03,15,3,0,0,0,1,1,0,0,0
"POINT (8.471131663000051 49.510040651000054)",Unfall 202546 (2024) Kat:3, Licht: 0,202546,3,7,8,03,10,2,0,0,0,1,0,0,0,0
"POINT (8.473006882000050 49.464889292000066)",Unfall 202547 (2024) Kat:3, Licht: 1,202547,3,6,0,03,18,2,0,1,1,1,0,0,0,0
"POINT (8.491791936000027 49.526452610000035)",Unfall 202572 (2024) Kat:3, Licht: 0,202572,3,5,5,03,17,1,0,0,0,1,0,0,0,0
"POINT (8.471320860000048 49.492060542000047)",Unfall 202620 (2024) Kat:3, Licht: 0,202620,3,5,5,03,13,6,0,0,1,1,0,0,0,0
"POINT (8.478518988000076 49.520430463000082)",Unfall 202622 (2024) Kat:3, Licht: 0,202622,3,7,6,03,12,6,1,0,1,0,1,0,0,0
"POINT (8.492234288000077 49.458693559000039)",Unfall 202660 (2024) Kat:3, Licht: 0,202660,3,3,5,03,16,5,0,0,1,0,0,0,0,1
"POINT (8.484314905000076 49.472097926000060)",Unfall 202661 (2024) Kat:3, Licht: 0,202661,3,1,9,03,11,5,0,0,0,0,0,1,0,0
"POINT (8.466758356000071 49.478344230000062)",Unfall 202662 (2024) Kat:2, Licht: 0,202662,2,2,5,03,15,5,0,0,0,0,0,0,0,1
"POINT (8.452360551000027 49.536944857000037)",Unfall 202664 (2024) Kat:2, Licht: 0,202664,2,3,5,03,08,5,0,0,0,1,0,1,0,0
"POINT (8.501645537000059 49.524903558000062)",Unfall 202665 (2024) Kat:3, Licht: 0,202665,3,3,5,03,16,5,0,0,1,1,0,0,0,0
"POINT (8.450753393000070 49.539241320000031)",Unfall 202701 (2024) Kat:3, Licht: 0,202701,3,3,5,03,17,4,1,0,0,1,0,0,0,0
"POINT (8.464788587000044 49.500700101000064)",Unfall 202703 (2024) Kat:3, Licht: 0,202703,3,3,5,03,10,4,1,0,0,0,0,0,0,1
"POINT (8.471478521000051 49.503829835000033)",Unfall 202728 (2024) Kat:3, Licht: 0,202728,3,3,5,03,12,4,0,0,1,0,0,1,0,0
"POINT (8.473140043000058 49.546666903000073)",Unfall 202772 (2024) Kat:3, Licht: 0,202772,3,4,6,03,07,2,0,0,0,1,1,0,0,0
"POINT (8.504150051000067 49.498142428000051)",Unfall 202773 (2024) Kat:3, Licht: 0,202773,3,2,4,03,13,2,0,0,0,1,0,0,0,1
"POINT (8.483666114000073 49.469852347000028)",Unfall 202774 (2024) Kat:2, Licht: 0,202774,2,3,5,03,11,2,0,0,1,1,0,0,0,0
"POINT (8.511791575000075 49.454238760000067)",Unfall 202775 (2024) Kat:3, Licht: 0,202775,3,6,2,03,08,2,0,0,0,1,0,0,0,0
"POINT (8.485752076000040 49.482652219000045)",Unfall 202777 (2024) Kat:3, Licht: 2,202777,3,3,5,03,20,2,0,2,0,1,0,0,0,0
"POINT (8.543889638000053 49.488567270000033)",Unfall 202779 (2024) Kat:2, Licht: 0,202779,2,2,0,03,10,2,0,0,0,1,0,1,0,0
"POINT (8.472343009000042 49.497375341000065)",Unfall 202800 (2024) Kat:3, Licht: 2,202800,3,2,5,03,22,1,0,2,1,1,0,0,0,0
"POINT (8.469379935000063 49.487365465000039)",Unfall 202825 (2024) Kat:3, Licht: 2,202825,3,2,3,03,22,7,0,2,1,1,0,0,0,0
"POINT (8.477714797000033 49.461493122000036)",Unfall 202826 (2024) Kat:3, Licht: 2,202826,3,5,5,03,19,7,0,2,1,1,0,0,0,0
"POINT (8.524961012000063 49.472833689000026)",Unfall 202932 (2024) Kat:3, Licht: 0,202932,3,3,5,03,16,4,0,0,1,1,0,0,0,0
"POINT (8.473054435000051 49.472587655000041)",Unfall 202933 (2024) Kat:3, Licht: 0,202933,3,3,5,03,16,4,0,0,1,1,0,0,0,0
"POINT (8.468045148000044 49.484708092000062)",Unfall 202934 (2024) Kat:3, Licht: 0,202934,3,3,5,03,16,4,0,0,1,1,0,0,0,0
"POINT (8.529927925000038 49.510149285000068)",Unfall 202935 (2024) Kat:2, Licht: 0,202935,2,3,5,03,07,4,0,0,1,1,0,0,0,0
"POINT (8.481888619000074 49.474647644000072)",Unfall 203002 (2024) Kat:3, Licht: 2,203002,3,3,0,03,21,2,0,2,0,1,0,0,0,1
"POINT (8.473570517000041 49.483855857000037)",Unfall 203003 (2024) Kat:3, Licht: 1,203003,3,2,3,03,18,2,0,1,1,1,0,0,0,0
"POINT (8.475756032000049 49.489139120000061)",Unfall 203004 (2024) Kat:3, Licht: 0,203004,3,2,3,03,18,2,0,0,1,1,0,0,0,0
"POINT (8.471639011000036 49.546632151000040)",Unfall 203034 (2024) Kat:2, Licht: 0,203034,2,3,5,03,11,1,0,0,1,1,0,0,0,0
"POINT (8.490276964000032 49.500157012000045)",Unfall 203100 (2024) Kat:3, Licht: 0,203100,3,5,1,05,17,4,0,0,1,1,0,0,0,0
"POINT (8.480883269000060 49.544575139000074)",Unfall 203141 (2024) Kat:3, Licht: 0,203141,3,3,5,04,17,3,0,0,1,1,0,0,0,0
"POINT (8.473520309000037 49.456077111000070)",Unfall 203142 (2024) Kat:2, Licht: 2,203142,2,7,0,04,00,3,0,2,1,0,0,0,0,0
"POINT (8.565023891000067 49.465442319000033)",Unfall 203143 (2024) Kat:2, Licht: 0,203143,2,3,5,04,13,3,0,0,0,1,0,1,0,0
"POINT (8.474710542000025 49.516612787000042)",Unfall 203205 (2024) Kat:3, Licht: 0,203205,3,6,1,04,15,2,0,0,0,1,0,0,0,0
"POINT (8.523320479000063 49.517847404000065)",Unfall 203206 (2024) Kat:3, Licht: 0,203206,3,6,4,04,13,2,0,0,0,1,0,0,0,0
"POINT (8.495044801000063 49.453815999000028)",Unfall 203236 (2024) Kat:3, Licht: 2,203236,3,2,5,04,03,1,0,2,0,1,0,0,0,0
"POINT (8.490769749000037 49.452562134000061)",Unfall 203268 (2024) Kat:3, Licht: 0,203268,3,7,6,04,10,7,0,0,0,1,1,0,0,0
"POINT (8.538741529000049 49.418909843000051)",Unfall 203269 (2024) Kat:3, Licht: 0,203269,3,3,5,04,12,7,0,0,0,1,0,0,0,0
"POINT (8.535128760000021 49.424454428000047)",Unfall 203270 (2024) Kat:3, Licht: 0,203270,3,1,8,04,15,7,0,0,0,0,0,0,0,1
"POINT (8.493265117000021 49.521835761000034)",Unfall 203307 (2024) Kat:3, Licht: 0,203307,3,3,5,04,14,6,0,0,1,1,0,0,0,0
"POINT (8.528168196000024 49.436988527000040)",Unfall 203309 (2024) Kat:3, Licht: 0,203309,3,7,0,04,14,1,0,0,1,0,0,0,0,0
"POINT (8.507400841000049 49.505373011000074)",Unfall 203350 (2024) Kat:3, Licht: 1,203350,3,4,6,04,19,5,0,1,0,1,1,0,0,0
"POINT (8.470041397000045 49.504783049000082)",Unfall 203351 (2024) Kat:3, Licht: 0,203351,3,4,6,04,16,5,0,0,0,0,1,0,0,1
"POINT (8.476319307000040 49.497149758000035)",Unfall 203386 (2024) Kat:3, Licht: 1,203386,3,3,5,04,06,4,1,1,0,1,0,1,0,0
"POINT (8.460070957000028 49.490983711000069)",Unfall 203387 (2024) Kat:3, Licht: 0,203387,3,3,5,04,09,4,1,0,1,1,0,0,0,0
"POINT (8.474981093000054 49.515442762000077)",Unfall 203453 (2024) Kat:3, Licht: 0,203453,3,6,2,04,14,2,0,0,0,1,0,0,0,1
"POINT (8.489933703000077 49.447869748000073)",Unfall 203454 (2024) Kat:3, Licht: 0,203454,3,7,0,04,07,2,0,0,0,0,0,1,0,0
"POINT (8.518470946000036 49.447957516000031)",Unfall 203455 (2024) Kat:3, Licht: 0,203455,3,4,6,04,15,2,0,0,0,1,1,0,0,0
"POINT (8.498928400000068 49.453786062000063)",Unfall 203456 (2024) Kat:3, Licht: 0,203456,3,3,5,04,12,2,0,0,0,0,0,1,0,1
"POINT (8.475668976000065 49.482152546000066)",Unfall 203503 (2024) Kat:3, Licht: 0,203503,3,4,6,04,13,6,1,0,0,1,1,0,0,0
"POINT (8.497448747000021 49.473983663000070)",Unfall 203504 (2024) Kat:3, Licht: 0,203504,3,4,6,04,11,6,1,0,0,0,1,0,0,1
"POINT (8.481033594000053 49.535643859000061)",Unfall 203539 (2024) Kat:3, Licht: 0,203539,3,3,5,04,16,5,1,0,1,1,0,0,0,0
"POINT (8.474238564000075 49.484476950000044)",Unfall 203541 (2024) Kat:2, Licht: 2,203541,2,7,0,04,05,5,1,2,0,0,0,0,0,1
"POINT (8.477935345000049 49.544506726000066)",Unfall 203583 (2024) Kat:3, Licht: 0,203583,3,4,6,04,08,4,0,0,0,1,1,0,0,0
"POINT (8.575917374000028 49.446795853000026)",Unfall 203584 (2024) Kat:3, Licht: 0,203584,3,2,5,04,15,4,0,0,0,1,0,0,0,0
"POINT (8.456935790000045 49.533979581000040)",Unfall 203667 (2024) Kat:2, Licht: 2,203667,2,7,0,04,21,2,1,2,0,0,0,1,0,0
"POINT (8.481887594000057 49.456574718000070)",Unfall 203668 (2024) Kat:3, Licht: 0,203668,3,3,5,04,17,2,0,0,1,1,0,0,0,0
"POINT (8.497278864000066 49.450483133000034)",Unfall 203669 (2024) Kat:3, Licht: 0,203669,3,3,5,04,16,2,0,0,1,1,0,0,0,0
"POINT (8.481637231000036 49.531813644000067)",Unfall 203705 (2024) Kat:3, Licht: 2,203705,3,7,0,04,20,1,0,2,1,0,0,0,0,0
"POINT (8.475558626000065 49.484990631000073)",Unfall 203706 (2024) Kat:3, Licht: 2,203706,3,6,2,04,00,1,0,2,0,1,0,0,0,0
"POINT (8.459735313000067 49.497401914000079)",Unfall 203707 (2024) Kat:2, Licht: 2,203707,2,7,0,04,02,1,0,2,1,0,0,0,0,0
"POINT (8.505719543000055 49.447888468000031)",Unfall 203747 (2024) Kat:3, Licht: 0,203747,3,6,2,04,08,3,1,0,0,1,0,0,0,0
"POINT (8.541292478000059 49.498792173000027)",Unfall 203763 (2024) Kat:3, Licht: 0,203763,3,6,3,04,14,7,0,0,1,1,0,0,0,0
"POINT (8.471093642000028 49.491810327000053)",Unfall 203764 (2024) Kat:3, Licht: 0,203764,3,7,1,04,11,7,0,0,0,1,0,1,0,0
"POINT (8.493317047000062 49.505003933000069)",Unfall 203806 (2024) Kat:3, Licht: 0,203806,3,7,5,04,16,6,0,0,1,1,0,0,0,0
"POINT (8.514998718000072 49.454086849000078)",Unfall 203807 (2024) Kat:2, Licht: 0,203807,2,7,0,04,10,6,0,0,1,0,0,0,0,1
"POINT (8.529440746000034 49.476145947000077)",Unfall 203808 (2024) Kat:3, Licht: 0,203808,3,2,5,04,16,6,0,0,1,0,0,0,0,0
"POINT (8.466072479000047 49.530831379000062)",Unfall 203809 (2024) Kat:2, Licht: 0,203809,2,2,4,04,12,6,0,0,0,1,0,1,0,0
"POINT (8.460684301000072 49.546095998000055)",Unfall 203909 (2024) Kat:3, Licht: 0,203909,3,6,2,04,12,4,0,0,0,1,0,0,0,0
"POINT (8.476759784000024 49.485294070000066)",Unfall 203910 (2024) Kat:3, Licht: 0,203910,3,7,0,04,16,4,0,0,1,0,0,0,0,0
"POINT (8.487292643000046 49.484858350000081)",Unfall 203911 (2024) Kat:3, Licht: 0,203911,3,6,2,04,11,4,0,0,0,1,0,0,0,0
"POINT (8.471240960000046 49.508481064000080)",Unfall 203912 (2024) Kat:3, Licht: 0,203912,3,6,2,04,13,4,0,0,0,1,0,0,0,0
"POINT (8.476687104000064 49.462694782000028)",Unfall 203913 (2024) Kat:3, Licht: 0,203913,3,3,5,04,15,4,0,0,1,0,0,0,0,1
"POINT (8.533361468000066 49.484329117000073)",Unfall 203915 (2024) Kat:3, Licht: 0,203915,3,5,1,04,17,4,0,0,1,1,0,0,0,0
"POINT (8.475342834000060 49.465190050000047)",Unfall 203916 (2024) Kat:2, Licht: 0,203916,2,6,3,04,12,4,0,0,0,1,0,0,1,0
"POINT (8.518909329000053 49.447716320000040)",Unfall 203960 (2024) Kat:3, Licht: 2,203960,3,3,5,04,20,3,0,2,0,1,0,0,0,1
"POINT (8.489485340000044 49.473645533000081)",Unfall 203961 (2024) Kat:3, Licht: 0,203961,3,5,5,04,11,3,0,0,1,1,0,0,0,0
"POINT (8.498856811000053 49.450745134000044)",Unfall 204091 (2024) Kat:2, Licht: 0,204091,2,6,2,05,13,3,0,0,0,1,0,0,0,0
"POINT (8.556704010000033 49.460992807000082)",Unfall 204117 (2024) Kat:3, Licht: 0,204117,3,6,4,05,10,2,0,0,1,1,0,0,0,0
"POINT (8.511360831000047 49.524997834000033)",Unfall 204118 (2024) Kat:2, Licht: 0,204118,2,7,0,05,14,2,1,0,0,1,0,1,0,0
"POINT (8.451894493000054 49.537314620000075)",Unfall 204138 (2024) Kat:2, Licht: 0,204138,2,7,4,05,17,3,0,0,0,1,0,1,0,0
"POINT (8.475720932000058 49.489272921000065)",Unfall 204147 (2024) Kat:3, Licht: 1,204147,3,6,2,05,19,1,0,1,0,1,0,0,0,0
"POINT (8.465988474000028 49.488794865000045)",Unfall 204181 (2024) Kat:3, Licht: 2,204181,3,6,1,05,00,7,0,2,0,1,0,0,0,0
"POINT (8.483601297000064 49.471447954000041)",Unfall 204216 (2024) Kat:3, Licht: 0,204216,3,1,9,05,17,6,0,0,0,1,0,0,0,0
"POINT (8.522701306000044 49.511287195000079)",Unfall 204217 (2024) Kat:3, Licht: 0,204217,3,3,5,05,14,6,0,0,1,1,0,0,0,0
"POINT (8.476355668000053 49.497044177000078)",Unfall 204218 (2024) Kat:2, Licht: 0,204218,2,2,0,05,11,6,0,0,1,0,0,0,0,0
"POINT (8.449940545000061 49.539642135000065)",Unfall 204250 (2024) Kat:3, Licht: 0,204250,3,3,6,05,13,5,0,0,0,1,1,0,0,0
"POINT (8.477305482000077 49.485902884000041)",Unfall 204251 (2024) Kat:3, Licht: 0,204251,3,2,5,05,16,5,1,0,1,1,0,0,0,0
"POINT (8.466218664000053 49.490256154000065)",Unfall 204279 (2024) Kat:3, Licht: 0,204279,3,5,3,05,16,4,0,0,1,0,0,0,0,1
"POINT (8.480822531000058 49.481846790000077)",Unfall 204280 (2024) Kat:3, Licht: 2,204280,3,3,5,05,22,4,0,2,1,1,0,0,0,0
"POINT (8.473476223000034 49.491979856000057)",Unfall 204341 (2024) Kat:3, Licht: 0,204341,3,3,5,05,18,2,0,0,0,1,0,0,0,1
"POINT (8.461667986000066 49.493704718000060)",Unfall 204400 (2024) Kat:3, Licht: 2,204400,3,3,5,05,02,7,1,2,0,1,0,0,0,1
"POINT (8.500132583000038 49.501441387000057)",Unfall 204576 (2024) Kat:3, Licht: 0,204576,3,2,4,05,15,3,0,0,1,1,0,0,0,0
"POINT (8.469893478000074 49.472224510000046)",Unfall 204577 (2024) Kat:3, Licht: 0,204577,3,5,1,05,09,3,0,0,1,1,0,0,0,0
"POINT (8.489032600000030 49.528788454000050)",Unfall 204578 (2024) Kat:3, Licht: 0,204578,3,3,5,05,09,3,0,0,1,1,0,0,0,0
"POINT (8.516312655000036 49.480071401000032)",Unfall 204636 (2024) Kat:3, Licht: 0,204636,3,6,3,05,19,2,0,0,1,0,0,0,0,0
"POINT (8.489694754000027 49.505446714000072)",Unfall 204677 (2024) Kat:3, Licht: 2,204677,3,6,2,05,22,1,0,2,0,1,0,1,0,0
"POINT (8.471267269000066 49.476892620000058)",Unfall 204678 (2024) Kat:3, Licht: 2,204678,3,6,1,05,02,1,0,2,0,1,0,0,0,0
"POINT (8.493946760000028 49.511658343000079)",Unfall 204679 (2024) Kat:2, Licht: 0,204679,2,2,5,05,16,1,0,0,0,1,0,1,0,0
"POINT (8.483470651000061 49.493542137000077)",Unfall 204720 (2024) Kat:3, Licht: 0,204720,3,2,6,05,20,7,0,0,0,1,1,0,0,0
"POINT (8.463897739000060 49.485273559000063)",Unfall 204721 (2024) Kat:3, Licht: 0,204721,3,2,5,05,17,7,0,0,0,1,0,1,0,0
"POINT (8.467651528000033 49.486163416000068)",Unfall 204722 (2024) Kat:3, Licht: 0,204722,3,5,1,05,15,7,0,0,1,1,0,0,0,0
"POINT (8.485670552000045 49.466511204000028)",Unfall 204768 (2024) Kat:3, Licht: 0,204768,3,7,3,05,14,2,0,0,0,1,0,0,0,0
"POINT (8.478099863000068 49.546904453000082)",Unfall 204831 (2024) Kat:3, Licht: 0,204831,3,2,5,05,14,5,0,0,1,1,0,0,0,0
"POINT (8.525840119000065 49.437674118000075)",Unfall 204875 (2024) Kat:3, Licht: 0,204875,3,7,0,05,16,4,0,0,1,1,0,0,0,0
"POINT (8.456563907000032 49.539706720000027)",Unfall 204928 (2024) Kat:3, Licht: 0,204928,3,7,6,05,15,3,0,0,0,0,1,0,1,0
"POINT (8.523936689000038 49.474450149000063)",Unfall 204929 (2024) Kat:3, Licht: 0,204929,3,6,2,05,15,3,0,0,0,1,0,1,0,0
"POINT (8.529260618000023 49.449317390000033)",Unfall 204930 (2024) Kat:3, Licht: 0,204930,3,7,8,05,18,3,0,0,0,1,0,0,0,0
"POINT (8.474459806000027 49.472650289000057)",Unfall 204931 (2024) Kat:3, Licht: 0,204931,3,3,5,05,14,3,0,0,1,1,0,0,0,0
"POINT (8.483729706000076 49.469833000000051)",Unfall 204932 (2024) Kat:3, Licht: 0,204932,3,3,5,05,11,3,0,0,1,1,0,0,0,0
"POINT (8.471170308000069 49.482385042000033)",Unfall 204934 (2024) Kat:3, Licht: 0,204934,3,5,3,05,16,3,0,0,1,1,0,0,0,0