WKT,Name,OBJECTID,UKATEGORIE,UTYP1,UART,UMONAT,USTUNDE,UWOCHENTAG,STRZUSTAND,ULICHTVERH,ISTRAD,ISTPKW,ISTFUSS,ISTKRAD,ISTGKFZ,ISTSONSTIG
"POINT (8.484334760000024 49.471945512000048)",Unfall 204971 (2024) Kat:3, Licht: 0,204971,3,1,8,05,16,2,1,0,0,1,0,0,0,0
"POINT (8.474080316000027 49.542572143000029)",Unfall 205058 (2024) Kat:3, Licht: 0,205058,3,7,8,05,12,1,0,0,0,1,0,0,0,0
"POINT (8.518630480000070 49.442570609000029)",Unfall 205071 (2024) Kat:3, Licht: 0,205071,3,3,5,05,09,6,0,0,0,1,0,0,0,0
"POINT (8.469233545000066 49.492294733000051)",Unfall 205107 (2024) Kat:3, Licht: 0,205107,3,6,3,05,12,5,0,0,1,0,0,0,0,1
"POINT (8.564892292000025 49.465610451000032)",Unfall 205108 (2024) Kat:3, Licht: 0,205108,3,7,0,05,09,5,0,0,1,0,0,0,0,0
"POINT (8.468369708000068 49.529235662000076)",Unfall 205134 (2024) Kat:3, Licht: 0,205134,3,3,5,06,09,7,1,0,1,1,0,0,0,0
"POINT (8.485593374000075 49.466590263000057)",Unfall 205135 (2024) Kat:3, Licht: 0,205135,3,6,2,06,12,7,0,0,0,1,0,1,0,0
"POINT (8.494342590000031 49.516335328000082)",Unfall 205163 (2024) Kat:3, Licht: 0,205163,3,4,6,06,16,6,0,0,0,1,1,0,0,0
"POINT (8.490142490000039 49.478320403000055)",Unfall 205164 (2024) Kat:3, Licht: 0,205164,3,3,5,06,17,6,1,0,0,1,0,0,0,1
"POINT (8.469659218000061 49.512624793000043)",Unfall 205210 (2024) Kat:3, Licht: 0,205210,3,3,5,06,07,5,0,0,1,1,0,0,0,0
"POINT (8.475798756000074 49.473517755000046)",Unfall 205211 (2024) Kat:3, Licht: 0,205211,3,4,6,06,10,5,0,0,0,1,1,0,0,0
"POINT (8.474132141000041 49.481200424000065)",Unfall 205212 (2024) Kat:2, Licht: 0,205212,2,7,0,06,10,5,1,0,1,0,0,0,0,0
"POINT (8.475237137000022 49.496194037000066)",Unfall 205254 (2024) Kat:3, Licht: 0,205254,3,3,5,06,10,4,0,0,1,0,0,0,0,1
"POINT (8.464539120000040 49.493254904000025)",Unfall 205314 (2024) Kat:3, Licht: 0,205314,3,4,6,06,16,3,0,0,1,0,1,0,0,0
"POINT (8.468767275000062 49.491796161000082)",Unfall 205315 (2024) Kat:3, Licht: 0,205315,3,4,0,06,21,3,1,0,0,0,1,1,0,0
"POINT (8.507650594000040 49.475501744000042)",Unfall 205316 (2024) Kat:3, Licht: 0,205316,3,7,0,06,10,3,0,0,1,0,0,0,0,0
"POINT (8.510422228000039 49.446620996000036)",Unfall 205373 (2024) Kat:3, Licht: 0,205373,3,3,5,06,13,2,0,0,1,1,0,0,0,0
"POINT (8.466525832000059 49.490533982000045)",Unfall 205481 (2024) Kat:3, Licht: 1,205481,3,3,5,06,21,6,0,1,1,1,0,0,0,0
"POINT (8.473468588000060 49.485795185000029)",Unfall 205513 (2024) Kat:3, Licht: 0,205513,3,6,3,06,18,5,0,0,0,0,0,1,0,0
"POINT (8.494091391000040 49.455607874000066)",Unfall 205570 (2024) Kat:2, Licht: 0,205570,2,1,0,06,08,4,0,0,0,0,0,1,0,0
"POINT (8.484691647000034 49.467994172000033)",Unfall 205571 (2024) Kat:3, Licht: 0,205571,3,3,5,06,12,4,0,0,0,1,0,0,0,1
"POINT (8.452332726000066 49.536905307000040)",Unfall 205641 (2024) Kat:3, Licht: 0,205641,3,3,5,06,11,3,0,0,0,1,0,0,0,1
"POINT (8.466722382000057 49.487027904000058)",Unfall 205642 (2024) Kat:3, Licht: 0,205642,3,7,6,06,11,3,0,0,1,0,1,0,0,0
"POINT (8.482069551000052 49.497584751000034)",Unfall 205643 (2024) Kat:3, Licht: 0,205643,3,6,4,06,13,3,0,0,1,0,0,0,0,0
"POINT (8.477300207000042 49.499547832000076)",Unfall 205645 (2024) Kat:3, Licht: 0,205645,3,7,0,06,08,3,0,0,1,0,0,0,0,0
"POINT (8.481938159000038 49.464900907000072)",Unfall 205684 (2024) Kat:3, Licht: 0,205684,3,3,5,06,16,7,0,0,1,1,0,0,0,0
"POINT (8.465372775000048 49.484308521000059)",Unfall 205706 (2024) Kat:3, Licht: 0,205706,3,3,5,06,19,2,0,0,1,1,0,0,0,0
"POINT (8.468285953000077 49.490026930000056)",Unfall 205789 (2024) Kat:3, Licht: 0,205789,3,7,0,06,19,7,0,0,0,0,1,0,0,1
"POINT (8.480097783000076 49.561851125000032)",Unfall 205790 (2024) Kat:3, Licht: 2,205790,3,7,2,06,01,7,0,2,1,1,0,0,0,0
"POINT (8.466181835000043 49.485438054000042)",Unfall 205843 (2024) Kat:3, Licht: 0,205843,3,3,5,06,14,6,0,0,0,1,0,0,0,1
"POINT (8.444931200000042 49.543010792000075)",Unfall 205897 (2024) Kat:3, Licht: 0,205897,3,3,5,06,06,5,0,0,0,1,0,0,0,0
"POINT (8.491538161000051 49.496915407000074)",Unfall 205898 (2024) Kat:2, Licht: 0,205898,2,2,6,06,10,5,0,0,0,1,1,0,0,0
"POINT (8.466809718000036 49.453831410000078)",Unfall 205899 (2024) Kat:3, Licht: 1,205899,3,7,1,06,21,5,0,1,0,1,0,1,0,0
"POINT (8.540454389000047 49.519210924000049)",Unfall 205943 (2024) Kat:3, Licht: 0,205943,3,1,9,06,10,3,0,0,1,0,0,0,0,0
"POINT (8.483909446000041 49.497218617000044)",Unfall 205949 (2024) Kat:3, Licht: 0,205949,3,6,3,06,15,4,0,0,1,0,0,0,0,0
"POINT (8.481114445000060 49.456829229000050)",Unfall 206005 (2024) Kat:3, Licht: 0,206005,3,3,5,06,09,3,0,0,1,1,0,0,0,0
"POINT (8.456490669000061 49.494320347000041)",Unfall 206006 (2024) Kat:3, Licht: 0,206006,3,7,7,06,12,3,0,0,1,0,0,0,0,0
"POINT (8.565165842000056 49.465440603000047)",Unfall 206037 (2024) Kat:3, Licht: 0,206037,3,6,2,06,17,2,0,0,0,1,0,0,0,0
"POINT (8.540164884000035 49.509936758000038)",Unfall 206038 (2024) Kat:3, Licht: 0,206038,3,7,6,06,10,2,0,0,0,1,1,0,0,0
"POINT (8.464680106000060 49.487372069000060)",Unfall 206067 (2024) Kat:2, Licht: 0,206067,2,3,5,06,18,4,0,0,0,1,0,1,0,0
"POINT (8.475016651000033 49.480585184000063)",Unfall 206071 (2024) Kat:3, Licht: 0,206071,3,3,5,06,14,1,0,0,0,1,0,1,0,1
"POINT (8.471346803000074 49.490709982000055)",Unfall 206093 (2024) Kat:3, Licht: 2,206093,3,3,5,06,01,7,1,2,0,1,0,0,0,0
"POINT (8.491334605000077 49.477736017000041)",Unfall 206094 (2024) Kat:3, Licht: 2,206094,3,6,2,06,23,7,1,2,0,1,0,0,0,0
"POINT (8.473144705000038 49.467307699000060)",Unfall 206095 (2024) Kat:2, Licht: 0,206095,2,3,5,06,14,4,0,0,1,1,0,0,0,0
"POINT (8.484204085000044 49.471127504000037)",Unfall 206096 (2024) Kat:3, Licht: 2,206096,3,7,0,06,02,7,1,2,1,0,0,0,0,0
"POINT (8.526893393000023 49.519070177000060)",Unfall 206098 (2024) Kat:3, Licht: 0,206098,3,1,1,06,18,7,1,0,0,1,0,1,0,0
"POINT (8.460637675000044 49.495488631000057)",Unfall 206099 (2024) Kat:3, Licht: 0,206099,3,6,2,06,15,7,1,0,0,1,0,0,0,0
"POINT (8.523587305000035 49.473623117000045)",Unfall 206101 (2024) Kat:3, Licht: 0,206101,3,1,0,06,19,7,1,0,0,0,0,1,0,0
"POINT (8.478880279000066 49.514294215000064)",Unfall 206123 (2024) Kat:3, Licht: 2,206123,3,1,9,05,23,6,1,2,0,1,0,0,0,0
"POINT (8.487715983000044 49.512882974000036)",Unfall 206150 (2024) Kat:3, Licht: 0,206150,3,7,0,05,12,5,0,0,0,0,0,1,0,0
"POINT (8.474407426000027 49.485432513000035)",Unfall 206224 (2024) Kat:3, Licht: 0,206224,3,3,5,07,11,6,0,0,1,1,0,0,0,0
"POINT (8.462650314000030 49.490049570000053)",Unfall 206225 (2024) Kat:3, Licht: 0,206225,3,3,5,07,12,6,0,0,1,1,0,0,0,0
"POINT (8.492592821000073 49.506998109000051)",Unfall 206226 (2024) Kat:3, Licht: 0,206226,3,2,5,07,17,6,0,0,0,1,0,0,0,1
"POINT (8.468849426000077 49.493861962000040)",Unfall 206324 (2024) Kat:3, Licht: 2,206324,3,3,5,07,23,4,1,2,0,1,0,1,0,0
"POINT (8.447768656000051 49.543610720000061)",Unfall 206377 (2024) Kat:3, Licht: 0,206377,3,6,3,07,09,3,0,0,1,1,0,0,0,0
"POINT (8.468171077000022 49.497160225000073)",Unfall 206378 (2024) Kat:2, Licht: 0,206378,2,3,5,07,20,3,0,0,0,1,0,1,0,0
"POINT (8.486656810000056 49.447203853000076)",Unfall 206379 (2024) Kat:3, Licht: 0,206379,3,6,4,07,20,3,0,0,1,0,0,0,0,0
"POINT (8.569223708000038 49.460923170000058)",Unfall 206380 (2024) Kat:3, Licht: 0,206380,3,3,5,07,07,3,0,0,1,1,0,0,0,0
"POINT (8.479137863000062 49.477094840000063)",Unfall 206381 (2024) Kat:3, Licht: 0,206381,3,6,3,07,19,3,0,0,1,0,0,0,0,1
"POINT (8.468549978000055 49.552428354000028)",Unfall 206432 (2024) Kat:3, Licht: 0,206432,3,3,5,07,17,2,0,0,0,1,0,0,0,0
"POINT (8.516703305000021 49.510457579000047)",Unfall 206433 (2024) Kat:3, Licht: 0,206433,3,7,5,07,14,2,0,0,0,0,0,1,0,1
"POINT (8.470622958000035 49.508663451000075)",Unfall 206468 (2024) Kat:3, Licht: 0,206468,3,4,6,07,07,2,0,0,0,0,1,0,0,1
"POINT (8.494146827000066 49.515936598000053)",Unfall 206471 (2024) Kat:3, Licht: 0,206471,3,3,5,07,10,1,0,0,1,1,0,0,0,0
"POINT (8.519372576000023 49.507424926000056)",Unfall 206472 (2024) Kat:3, Licht: 2,206472,3,7,0,07,02,1,0,2,0,0,0,0,0,1
"POINT (8.473669419000032 49.483746507000035)",Unfall 206510 (2024) Kat:3, Licht: 0,206510,3,3,5,07,10,7,0,0,1,1,0,0,0,0
"POINT (8.479323118000025 49.514295988000072)",Unfall 206546 (2024) Kat:3, Licht: 0,206546,3,6,3,07,15,6,0,0,0,1,0,0,0,0
"POINT (8.495014536000042 49.518528169000035)",Unfall 206601 (2024) Kat:3, Licht: 0,206601,3,3,5,07,14,5,1,0,0,1,0,1,0,0
"POINT (8.485957759000030 49.476411029000076)",Unfall 206602 (2024) Kat:3, Licht: 0,206602,3,3,5,07,14,5,1,0,0,1,0,1,0,0
"POINT (8.493451432000029 49.457145915000069)",Unfall 206603 (2024) Kat:3, Licht: 0,206603,3,6,0,07,17,5,0,0,0,0,0,0,0,1
"POINT (8.458535586000039 49.493672310000079)",Unfall 206605 (2024) Kat:3, Licht: 0,206605,3,6,2,07,21,5,0,0,1,1,0,0,0,0
"POINT (8.472226313000021 49.492776981000077)",Unfall 206653 (2024) Kat:2, Licht: 0,206653,2,7,1,07,11,4,0,0,1,0,0,0,0,0
"POINT (8.485875420000070 49.525615033000065)",Unfall 206692 (2024) Kat:3, Licht: 0,206692,3,7,0,07,08,3,0,0,1,0,0,0,0,0
"POINT (8.448989829000027 49.542304518000037)",Unfall 206733 (2024) Kat:3, Licht: 0,206733,3,4,6,07,11,2,0,0,0,1,1,0,0,0
"POINT (8.476552671000036 49.486890440000082)",Unfall 206734 (2024) Kat:3, Licht: 0,206734,3,7,6,07,10,2,0,0,0,1,1,0,0,0
"POINT (8.474762125000041 49.484413425000071)",Unfall 206807 (2024) Kat:3, Licht: 0,206807,3,6,1,06,13,7,0,0,0,1,0,1,0,0
"POINT (8.491290612000057 49.453280903000064)",Unfall 206906 (2024) Kat:3, Licht: 0,206906,3,7,6,07,17,5,0,0,0,1,1,0,0,0
"POINT (8.482142227000054 49.511770922000039)",Unfall 206949 (2024) Kat:3, Licht: 0,206949,3,6,4,06,21,5,0,0,0,1,0,1,0,0
"POINT (8.480266752000034 49.456624312000031)",Unfall 206950 (2024) Kat:3, Licht: 0,206950,3,3,5,06,10,5,0,0,1,1,0,0,0,0
"POINT (8.454962525000042 49.485019883000064)",Unfall 206952 (2024) Kat:3, Licht: 2,206952,3,7,0,06,01,5,1,2,0,1,0,0,0,0
"POINT (8.485729634000052 49.522136898000042)",Unfall 207012 (2024) Kat:3, Licht: 0,207012,3,2,5,06,05,4,0,0,0,1,0,1,0,0
"POINT (8.469974598000022 49.505542094000077)",Unfall 207014 (2024) Kat:3, Licht: 0,207014,3,2,3,06,10,4,0,0,0,1,0,0,0,1
"POINT (8.468361134000077 49.546481263000032)",Unfall 207016 (2024) Kat:1, Licht: 0,207016,1,3,5,06,05,4,0,0,0,1,0,1,0,0
"POINT (8.470715251000058 49.497747528000048)",Unfall 207084 (2024) Kat:3, Licht: 0,207084,3,3,5,06,07,3,0,0,0,1,0,0,0,1
"POINT (8.483679285000051 49.510093487000063)",Unfall 207203 (2024) Kat:3, Licht: 1,207203,3,5,8,06,21,1,0,1,0,1,0,1,0,0
"POINT (8.551066954000021 49.511148273000060)",Unfall 207204 (2024) Kat:3, Licht: 0,207204,3,2,5,06,15,1,0,0,0,1,0,0,0,0
"POINT (8.451783110000065 49.543445303000055)",Unfall 207239 (2024) Kat:3, Licht: 0,207239,3,3,5,08,18,7,0,0,0,1,0,0,0,0
"POINT (8.488229014000069 49.476347599000064)",Unfall 207269 (2024) Kat:3, Licht: 0,207269,3,7,3,08,16,6,0,0,0,1,0,1,0,0
"POINT (8.483450716000050 49.477677754000069)",Unfall 207336 (2024) Kat:3, Licht: 0,207336,3,5,3,07,09,4,0,0,1,1,0,0,0,0
"POINT (8.477649205000034 49.482867786000043)",Unfall 207377 (2024) Kat:3, Licht: 0,207377,3,6,2,07,13,3,0,0,0,1,0,0,0,0
"POINT (8.461708171000055 49.488461350000080)",Unfall 207459 (2024) Kat:3, Licht: 2,207459,3,7,0,07,22,1,0,2,1,0,0,0,0,0
"POINT (8.470776968000052 49.484885374000044)",Unfall 207572 (2024) Kat:3, Licht: 0,207572,3,6,6,07,17,5,0,0,0,0,1,0,0,1
"POINT (8.485518084000034 49.485565420000057)",Unfall 207613 (2024) Kat:3, Licht: 0,207613,3,6,3,07,12,4,0,0,1,0,0,0,0,0
"POINT (8.558511357000043 49.516636644000073)",Unfall 207614 (2024) Kat:3, Licht: 0,207614,3,1,8,07,17,4,0,0,0,0,0,1,0,0
"POINT (8.508483199000068 49.515933597000071)",Unfall 207615 (2024) Kat:2, Licht: 0,207615,2,2,5,07,12,4,0,0,1,1,0,0,0,0
"POINT (8.484238822000066 49.454636985000036)",Unfall 207677 (2024) Kat:3, Licht: 0,207677,3,6,2,07,12,3,0,0,0,1,0,0,0,0
"POINT (8.530378372000030 49.489120703000026)",Unfall 207678 (2024) Kat:2, Licht: 0,207678,2,6,4,07,16,3,1,0,1,1,0,0,0,0
"POINT (8.481696902000067 49.455559934000064)",Unfall 207679 (2024) Kat:3, Licht: 0,207679,3,6,6,07,15,3,0,0,0,1,1,0,0,0
"POINT (8.472287747000053 49.498978708000038)",Unfall 207724 (2024) Kat:3, Licht: 0,207724,3,4,6,07,16,2,0,0,0,1,1,0,0,0
"POINT (8.563219865000065 49.466955879000068)",Unfall 207821 (2024) Kat:3, Licht: 2,207821,3,7,0,07,22,7,0,2,1,0,0,0,0,0
"POINT (8.488003013000025 49.522907983000039)",Unfall 207878 (2024) Kat:3, Licht: 0,207878,3,3,1,07,17,6,0,0,0,1,0,0,0,1
"POINT (8.446441661000051 49.507437974000027)",Unfall 207907 (2024) Kat:3, Licht: 0,207907,3,3,5,07,16,4,0,0,1,1,0,0,0,0
"POINT (8.467045218000067 49.474599019000038)",Unfall 207938 (2024) Kat:3, Licht: 0,207938,3,7,0,07,07,5,0,0,1,0,0,0,0,0
"POINT (8.473492627000041 49.486751404000074)",Unfall 207939 (2024) Kat:3, Licht: 0,207939,3,3,5,07,13,5,0,0,0,1,0,0,0,1
"POINT (8.483497658000033 49.454828766000048)",Unfall 208003 (2024) Kat:3, Licht: 0,208003,3,3,5,07,17,4,0,0,0,1,0,0,0,1
"POINT (8.484710527000061 49.485879157000056)",Unfall 208069 (2024) Kat:3, Licht: 0,208069,3,2,5,07,15,3,0,0,0,1,0,1,0,0
"POINT (8.470034169000030 49.504865180000081)",Unfall 208071 (2024) Kat:2, Licht: 0,208071,2,4,6,07,18,3,0,0,0,0,1,0,0,1
"POINT (8.522220023000045 49.421466050000049)",Unfall 208141 (2024) Kat:3, Licht: 0,208141,3,7,2,07,19,2,0,0,0,0,0,1,0,1
"POINT (8.470839688000069 49.487788892000026)",Unfall 208142 (2024) Kat:3, Licht: 0,208142,3,7,7,07,13,2,0,0,0,0,1,0,1,0
"POINT (8.472961309000027 49.478191259000027)",Unfall 208189 (2024) Kat:3, Licht: 0,208189,3,7,0,07,10,1,0,0,0,1,1,0,0,0
"POINT (8.470374350000043 49.491017411000030)",Unfall 208191 (2024) Kat:3, Licht: 0,208191,3,4,6,07,17,1,0,0,0,1,1,0,0,0
"POINT (8.471309638000037 49.532996251000043)",Unfall 208238 (2024) Kat:3, Licht: 2,208238,3,1,8,07,22,7,0,2,1,0,0,0,0,0
"POINT (8.474933145000023 49.504074223000032)",Unfall 208239 (2024) Kat:3, Licht: 0,208239,3,7,5,07,15,7,0,0,1,1,0,0,0,0
"POINT (8.498733735000030 49.498361642000077)",Unfall 208240 (2024) Kat:3, Licht: 0,208240,3,3,5,07,10,7,0,0,0,1,0,0,0,0
"POINT (8.465053946000069 49.489042986000072)",Unfall 208241 (2024) Kat:3, Licht: 0,208241,3,7,2,07,11,7,0,0,1,1,0,0,0,0
"POINT (8.467222249000031 49.503101908000076)",Unfall 208242 (2024) Kat:3, Licht: 0,208242,3,3,5,07,08,7,0,0,0,1,0,0,0,0
"POINT (8.476687293000055 49.501685635000058)",Unfall 208279 (2024) Kat:3, Licht: 0,208279,3,7,0,09,18,3,0,0,0,0,0,0,0,1
"POINT (8.456835288000036 49.492769698000075)",Unfall 208369 (2024) Kat:2, Licht: 2,208369,2,2,5,08,22,7,0,2,0,1,0,1,0,0
"POINT (8.479975137000054 49.484655052000051)",Unfall 208392 (2024) Kat:3, Licht: 1,208392,3,5,1,08,19,6,0,1,1,1,0,0,0,0
"POINT (8.483128151000074 49.481616294000048)",Unfall 208506 (2024) Kat:3, Licht: 0,208506,3,5,0,08,17,6,0,0,1,1,0,0,0,0
"POINT (8.454059467000036 49.538147734000063)",Unfall 208514 (2024) Kat:3, Licht: 0,208514,3,6,2,08,14,3,0,0,0,1,0,0,0,0
"POINT (8.501743699000031 49.504125694000038)",Unfall 208515 (2024) Kat:3, Licht: 0,208515,3,6,2,08,06,3,0,0,0,1,0,0,0,0
"POINT (8.519572240000059 49.463672768000038)",Unfall 208557 (2024) Kat:2, Licht: 0,208557,2,7,7,08,19,2,0,0,1,0,0,0,0,0
"POINT (8.478503911000075 49.460276249000060)",Unfall 208558 (2024) Kat:3, Licht: 0,208558,3,3,5,08,13,2,0,0,1,1,0,0,0,0
"POINT (8.493338148000021 49.486802729000033)",Unfall 208582 (2024) Kat:3, Licht: 0,208582,3,3,5,08,13,1,0,0,1,1,0,0,0,0
"POINT (8.475706604000038 49.473515622000036)",Unfall 208608 (2024) Kat:3, Licht: 0,208608,3,2,5,09,07,2,0,0,1,1,0,0,0,0
"POINT (8.507466104000059 49.424115084000050)",Unfall 208641 (2024) Kat:2, Licht: 0,208641,2,1,1,08,19,6,0,0,0,1,0,0,0,1
"POINT (8.481027826000059 49.457447369000079)",Unfall 208642 (2024) Kat:3, Licht: 0,208642,3,2,3,08,17,6,0,0,0,1,0,0,0,1
"POINT (8.497906081000053 49.520661658000051)",Unfall 208677 (2024) Kat:3, Licht: 0,208677,3,4,6,08,14,5,0,0,0,1,1,0,0,0
"POINT (8.493799641000066 49.511697817000027)",Unfall 208678 (2024) Kat:3, Licht: 0,208678,3,2,5,08,12,5,0,0,0,1,0,0,0,0
"POINT (8.482463281000037 49.479162824000070)",Unfall 208717 (2024) Kat:3, Licht: 0,208717,3,2,5,08,12,4,0,0,1,1,0,0,0,0
"POINT (8.470772477000025 49.508547530000044)",Unfall 208744 (2024) Kat:3, Licht: 0,208744,3,2,3,08,14,3,0,0,1,0,0,0,1,0
"POINT (8.534419300000025 49.487665626000080)",Unfall 208767 (2024) Kat:3, Licht: 0,208767,3,7,0,08,11,2,0,0,1,0,0,0,0,1
"POINT (8.468641009000066 49.491775632000042)",Unfall 208768 (2024) Kat:3, Licht: 0,208768,3,2,3,08,14,2,0,0,1,1,0,0,0,0
"POINT (8.446099411000034 49.500035126000057)",Unfall 208769 (2024) Kat:2, Licht: 2,208769,2,2,5,08,22,2,0,2,0,0,0,0,1,1
"POINT (8.509818460000076 49.445959264000066)",Unfall 208770 (2024) Kat:3, Licht: 0,208770,3,6,2,08,14,4,0,0,0,1,0,0,0,0
"POINT (8.454239194000024 49.527154296000049)",Unfall 208786 (2024) Kat:3, Licht: 0,208786,3,3,5,08,16,5,0,0,0,0,0,1,0,1
"POINT (8.484885353000038 49.475030908000065)",Unfall 208846 (2024) Kat:3, Licht: 0,208846,3,3,5,08,13,6,0,0,0,1,0,0,0,0
"POINT (8.509542033000059 49.446203222000065)",Unfall 208883 (2024) Kat:3, Licht: 0,208883,3,6,2,08,10,5,0,0,0,1,0,0,0,0
"POINT (8.463970935000020 49.489054519000035)",Unfall 208884 (2024) Kat:3, Licht: 0,208884,3,7,6,08,11,5,0,0,0,0,1,0,0,1
"POINT (8.466438111000059 49.490493403000073)",Unfall 208923 (2024) Kat:3, Licht: 0,208923,3,5,1,08,13,4,0,0,1,1,0,0,0,0
"POINT (8.449566015000073 49.540685248000045)",Unfall 208924 (2024) Kat:3, Licht: 0,208924,3,3,0,08,08,4,0,0,0,1,0,0,0,1
"POINT (8.548867375000043 49.463348225000061)",Unfall 208962 (2024) Kat:2, Licht: 0,208962,2,6,4,08,18,3,0,0,0,1,0,0,0,0
"POINT (8.479698978000044 49.453050707000045)",Unfall 208996 (2024) Kat:3, Licht: 0,208996,3,7,0,08,08,2,0,0,1,0,0,0,0,0
"POINT (8.447155304000034 49.541679477000059)",Unfall 209027 (2024) Kat:3, Licht: 0,209027,3,3,5,08,19,1,0,0,0,1,0,0,0,0
"POINT (8.533691372000021 49.424924431000079)",Unfall 209028 (2024) Kat:3, Licht: 0,209028,3,7,0,08,17,1,0,0,1,0,0,0,0,0
"POINT (8.495776180000064 49.510084810000080)",Unfall 209059 (2024) Kat:3, Licht: 0,209059,3,3,5,08,11,7,0,0,1,1,0,0,0,0
"POINT (8.455651682000052 49.486986341000033)",Unfall 209061 (2024) Kat:3, Licht: 0,209061,3,3,5,08,16,7,0,0,1,1,0,0,0,0
"POINT (8.481766501000038 49.531955927000070)",Unfall 209106 (2024) Kat:3, Licht: 2,209106,3,2,5,08,05,6,0,2,1,1,0,0,0,0
"POINT (8.470736844000044 49.508615697000039)",Unfall 209109 (2024) Kat:3, Licht: 0,209109,3,7,3,08,16,6,0,0,0,1,0,1,0,0
"POINT (8.473731170000065 49.483814457000051)",Unfall 209110 (2024) Kat:3, Licht: 2,209110,3,4,6,08,23,6,0,2,0,0,1,0,0,1
"POINT (8.466904283000076 49.510735309000040)",Unfall 209158 (2024) Kat:3, Licht: 0,209158,3,3,5,08,19,5,0,0,0,1,0,1,0,0
"POINT (8.466444356000068 49.497666553000045)",Unfall 209159 (2024) Kat:3, Licht: 0,209159,3,2,5,08,13,5,0,0,0,1,0,1,0,0
"POINT (8.480482278000068 49.457811825000078)",Unfall 209161 (2024) Kat:3, Licht: 0,209161,3,2,5,08,09,5,0,0,0,1,0,0,0,1
"POINT (8.506298155000025 49.502641667000034)",Unfall 209205 (2024) Kat:3, Licht: 0,209205,3,3,5,08,17,4,0,0,1,1,0,0,0,0
"POINT (8.467998638000040 49.484786434000057)",Unfall 209252 (2024) Kat:3, Licht: 0,209252,3,3,5,08,19,3,0,0,1,1,0,0,0,0
"POINT (8.508358812000040 49.482173983000052)",Unfall 209298 (2024) Kat:3, Licht: 0,209298,3,7,0,08,08,2,0,0,1,0,0,0,0,0
"POINT (8.471655345000045 49.493152369000029)",Unfall 209299 (2024) Kat:3, Licht: 0,209299,3,6,3,08,09,2,0,0,0,1,0,1,0,0
"POINT (8.508083793000026 49.512261433000049)",Unfall 209332 (2024) Kat:3, Licht: 0,209332,3,3,5,08,16,1,0,0,0,1,0,0,0,0
"POINT (8.457630964000032 49.491893404000052)",Unfall 209359 (2024) Kat:2, Licht: 0,209359,2,5,5,09,07,2,0,0,1,1,0,0,0,0
"POINT (8.464767925000046 49.492336656000077)",Unfall 209360 (2024) Kat:3, Licht: 0,209360,3,7,6,09,14,2,0,0,0,0,1,0,0,1
"POINT (8.542039339000041 49.498348365000027)",Unfall 209390 (2024) Kat:3, Licht: 0,209390,3,3,5,09,15,1,0,0,0,1,0,1,0,0
"POINT (8.466851243000065 49.484054330000049)",Unfall 209416 (2024) Kat:3, Licht: 0,209416,3,5,1,09,10,7,0,0,0,1,0,0,0,1
"POINT (8.508101680000038 49.446768530000043)",Unfall 209418 (2024) Kat:3, Licht: 0,209418,3,6,3,09,13,7,1,0,0,1,0,1,0,0
"POINT (8.526182772000027 49.489095533000068)",Unfall 209471 (2024) Kat:3, Licht: 0,209471,3,3,5,09,07,5,1,0,1,1,0,0,0,0
"POINT (8.467013296000061 49.510652275000041)",Unfall 209509 (2024) Kat:3, Licht: 0,209509,3,3,5,09,16,4,0,0,0,1,0,0,0,0
"POINT (8.503830270000037 49.502412521000053)",Unfall 209511 (2024) Kat:3, Licht: 0,209511,3,6,2,09,08,4,0,0,0,1,0,0,0,1
"POINT (8.471545759000037 49.472311563000062)",Unfall 209579 (2024) Kat:3, Licht: 0,209579,3,1,0,09,10,2,1,0,0,0,0,1,0,0
"POINT (8.513027273000034 49.508449258000041)",Unfall 209580 (2024) Kat:3, Licht: 0,209580,3,6,1,09,15,2,0,0,0,1,0,1,0,0
"POINT (8.517023597000048 49.484136614000079)",Unfall 209613 (2024) Kat:2, Licht: 0,209613,2,6,4,09,10,1,0,0,1,1,0,0,0,0
"POINT (8.569636671000069 49.462474574000055)",Unfall 209614 (2024) Kat:2, Licht: 0,209614,2,6,3,09,17,1,0,0,1,0,0,0,0,0
"POINT (8.519976649000057 49.478298688000052)",Unfall 209652 (2024) Kat:3, Licht: 0,209652,3,5,1,09,14,7,0,0,1,1,0,0,0,0
"POINT (8.463300659000026 49.505603516000065)",Unfall 209653 (2024) Kat:3, Licht: 1,209653,3,6,2,09,19,7,0,1,0,1,0,0,0,0
"POINT (8.505421310000031 49.455754642000045)",Unfall 209654 (2024) Kat:3, Licht: 0,209654,3,6,3,09,18,7,0,0,0,1,0,1,0,0
"POINT (8.472452921000070 49.490876758000070)",Unfall 209655 (2024) Kat:3, Licht: 0,209655,3,6,3,09,16,7,0,0,1,0,0,0,0,0