WKT,Name,OBJECTID,UKATEGORIE,UTYP1,UART,UMONAT,USTUNDE,UWOCHENTAG,STRZUSTAND,ULICHTVERH,ISTRAD,ISTPKW,ISTFUSS,ISTKRAD,ISTGKFZ,ISTSONSTIG
"POINT (8.472969839000029 49.495399519000046)",Unfall 209707 (2024) Kat:3, Licht: 0,209707,3,3,5,09,18,6,0,0,1,1,0,0,0,0
"POINT (8.478899271000046 49.460339306000037)",Unfall 209708 (2024) Kat:2, Licht: 0,209708,2,2,3,09,15,6,0,0,1,1,0,0,0,0
"POINT (8.478020636000053 49.491295932000071)",Unfall 209763 (2024) Kat:3, Licht: 0,209763,3,6,2,09,18,5,0,0,0,1,0,0,0,0
"POINT (8.521572512000034 49.451849731000038)",Unfall 209764 (2024) Kat:3, Licht: 0,209764,3,3,5,09,15,5,0,0,1,1,0,0,0,0
"POINT (8.491038008000032 49.452570546000061)",Unfall 209765 (2024) Kat:3, Licht: 0,209765,3,7,6,09,17,5,0,0,0,1,1,0,0,0
"POINT (8.471743208000021 49.471718125000052)",Unfall 209808 (2024) Kat:3, Licht: 0,209808,3,6,4,09,13,4,0,0,1,0,0,0,0,0
"POINT (8.487529241000061 49.526668205000078)",Unfall 209853 (2024) Kat:3, Licht: 0,209853,3,7,0,09,17,3,1,0,0,0,0,1,1,0
"POINT (8.484319479000021 49.468113439000035)",Unfall 209880 (2024) Kat:3, Licht: 2,209880,3,5,5,09,23,2,0,2,0,1,0,0,0,1
"POINT (8.473318167000059 49.481747047000056)",Unfall 209927 (2024) Kat:3, Licht: 2,209927,3,7,0,09,20,7,0,2,0,0,1,0,0,1
"POINT (8.466884914000048 49.499259147000032)",Unfall 209928 (2024) Kat:3, Licht: 0,209928,3,4,6,09,18,7,0,0,0,1,1,0,0,0
"POINT (8.534821527000076 49.418849782000052)",Unfall 209961 (2024) Kat:3, Licht: 0,209961,3,3,5,09,18,5,1,0,0,1,0,0,0,1
"POINT (8.462955069000031 49.482333318000030)",Unfall 209966 (2024) Kat:2, Licht: 0,209966,2,5,3,09,08,6,0,0,1,1,0,0,0,0
"POINT (8.466907778000063 49.499074736000068)",Unfall 209967 (2024) Kat:3, Licht: 0,209967,3,7,0,09,16,6,0,0,0,1,1,0,0,0
"POINT (8.469122688000027 49.489645109000037)",Unfall 209968 (2024) Kat:2, Licht: 2,209968,2,7,0,09,23,6,0,2,0,0,0,0,0,1
"POINT (8.482101527000054 49.474228736000043)",Unfall 209999 (2024) Kat:3, Licht: 0,209999,3,3,5,09,16,5,0,0,0,1,0,0,0,0
"POINT (8.479020118000051 49.514376324000068)",Unfall 210000 (2024) Kat:3, Licht: 2,210000,3,3,5,09,05,5,0,2,0,1,0,0,0,0
"POINT (8.494028457000070 49.462306856000055)",Unfall 210098 (2024) Kat:3, Licht: 0,210098,3,2,5,09,12,2,0,0,0,0,0,1,0,1
"POINT (8.512071253000045 49.447137370000064)",Unfall 210137 (2024) Kat:3, Licht: 0,210137,3,1,8,09,16,1,1,0,0,0,0,1,0,0
"POINT (8.532756974000051 49.506175617000054)",Unfall 210139 (2024) Kat:3, Licht: 0,210139,3,2,6,09,08,1,0,0,0,1,1,0,0,0
"POINT (8.479452610000067 49.450200154000072)",Unfall 210182 (2024) Kat:2, Licht: 0,210182,2,3,5,09,15,7,0,0,0,1,0,0,0,0
"POINT (8.465022058000045 49.489055607000068)",Unfall 210235 (2024) Kat:3, Licht: 2,210235,3,3,5,09,20,6,0,2,1,1,0,0,0,0
"POINT (8.489623954000024 49.529510969000057)",Unfall 210237 (2024) Kat:2, Licht: 0,210237,2,2,5,09,14,6,0,0,0,1,0,1,0,0
"POINT (8.453067957000030 49.510845933000041)",Unfall 210264 (2024) Kat:3, Licht: 2,210264,3,6,3,09,22,2,0,2,1,1,0,0,0,0
"POINT (8.519532472000037 49.421474118000049)",Unfall 210287 (2024) Kat:3, Licht: 2,210287,3,7,0,09,21,5,1,2,1,0,0,0,0,0
"POINT (8.497007496000037 49.508892165000077)",Unfall 210288 (2024) Kat:3, Licht: 2,210288,3,6,1,09,01,5,0,2,0,1,0,1,0,0
"POINT (8.575925460000065 49.446840014000031)",Unfall 210394 (2024) Kat:3, Licht: 0,210394,3,2,5,10,16,3,0,0,0,1,0,0,0,0
"POINT (8.467096024000057 49.484990244000073)",Unfall 210422 (2024) Kat:3, Licht: 0,210422,3,7,0,10,12,2,0,0,1,0,0,0,0,0
"POINT (8.471776145000035 49.504470711000067)",Unfall 210423 (2024) Kat:3, Licht: 2,210423,3,6,2,10,22,2,0,2,0,1,0,1,0,0
"POINT (8.467708657000060 49.488005524000073)",Unfall 210424 (2024) Kat:3, Licht: 1,210424,3,3,5,10,06,2,0,1,0,1,0,0,0,1
"POINT (8.467000284000051 49.510660081000026)",Unfall 210519 (2024) Kat:3, Licht: 0,210519,3,3,5,10,17,6,0,0,0,1,0,0,0,0
"POINT (8.490976565000039 49.460388947000069)",Unfall 210564 (2024) Kat:3, Licht: 0,210564,3,3,5,10,17,5,0,0,1,1,0,0,0,0
"POINT (8.570869459000050 49.446651458000076)",Unfall 210565 (2024) Kat:3, Licht: 0,210565,3,7,0,10,08,5,0,0,1,0,0,0,0,0
"POINT (8.488722079000070 49.463069190000056)",Unfall 210605 (2024) Kat:3, Licht: 0,210605,3,6,2,10,12,4,0,0,0,1,0,0,0,0
"POINT (8.481847233000053 49.474633907000054)",Unfall 210649 (2024) Kat:3, Licht: 1,210649,3,3,5,10,18,3,0,1,0,1,0,0,0,0
"POINT (8.489793957000074 49.505499900000075)",Unfall 210650 (2024) Kat:2, Licht: 0,210650,2,4,6,10,15,3,0,0,0,1,1,0,0,0
"POINT (8.478212119000034 49.486793208000051)",Unfall 210694 (2024) Kat:2, Licht: 1,210694,2,3,5,10,07,2,0,1,1,1,0,0,0,0
"POINT (8.490086173000066 49.493250738000029)",Unfall 210695 (2024) Kat:3, Licht: 1,210695,3,7,0,10,06,2,0,1,0,1,1,0,0,0
"POINT (8.469908158000067 49.470390716000054)",Unfall 210749 (2024) Kat:3, Licht: 0,210749,3,7,0,10,10,7,0,0,1,0,0,0,0,0
"POINT (8.474326610000048 49.546697514000073)",Unfall 210750 (2024) Kat:3, Licht: 2,210750,3,4,6,10,20,7,0,2,0,0,1,0,0,1
"POINT (8.465046063000045 49.488984618000075)",Unfall 210787 (2024) Kat:3, Licht: 0,210787,3,2,6,10,18,6,0,0,0,1,1,0,0,0
"POINT (8.471285009000042 49.525340135000079)",Unfall 210829 (2024) Kat:3, Licht: 2,210829,3,2,5,10,06,5,0,2,0,1,0,0,0,0
"POINT (8.471416964000070 49.493525532000035)",Unfall 210830 (2024) Kat:3, Licht: 2,210830,3,1,0,10,21,5,1,2,1,0,0,0,0,0
"POINT (8.491190877000065 49.506312532000038)",Unfall 210901 (2024) Kat:3, Licht: 0,210901,3,3,5,10,16,3,0,0,1,1,0,0,0,0
"POINT (8.468077789000063 49.489802258000054)",Unfall 210902 (2024) Kat:3, Licht: 0,210902,3,5,0,10,09,3,0,0,0,0,0,0,1,1
"POINT (8.458328905000030 49.545796843000062)",Unfall 210903 (2024) Kat:3, Licht: 0,210903,3,3,5,10,13,3,0,0,0,1,0,0,0,1
"POINT (8.467130489000056 49.486363964000077)",Unfall 210938 (2024) Kat:3, Licht: 0,210938,3,2,3,10,09,2,0,0,1,1,0,0,0,0
"POINT (8.481309602000067 49.513792577000061)",Unfall 211067 (2024) Kat:3, Licht: 2,211067,3,6,3,10,07,5,1,2,0,1,0,0,1,0
"POINT (8.484159451000039 49.468535206000070)",Unfall 211068 (2024) Kat:3, Licht: 0,211068,3,6,2,10,15,5,1,0,0,1,0,0,0,0
"POINT (8.516677046000041 49.515877799000066)",Unfall 211069 (2024) Kat:3, Licht: 2,211069,3,1,0,10,02,5,0,2,0,0,0,0,0,1
"POINT (8.509595382000043 49.506489347000070)",Unfall 211070 (2024) Kat:3, Licht: 2,211070,3,3,5,10,22,5,1,2,0,1,0,0,0,0
"POINT (8.485504952000042 49.524959135000074)",Unfall 211071 (2024) Kat:3, Licht: 0,211071,3,7,4,10,16,5,1,0,0,1,0,1,0,0
"POINT (8.457565409000040 49.491917994000062)",Unfall 211116 (2024) Kat:3, Licht: 0,211116,3,7,0,10,07,4,1,0,1,0,0,0,0,0
"POINT (8.536046944000077 49.420135055000060)",Unfall 211117 (2024) Kat:2, Licht: 0,211117,2,2,5,10,10,4,1,0,0,1,0,1,0,0
"POINT (8.475093379000043 49.481370891000040)",Unfall 211162 (2024) Kat:3, Licht: 0,211162,3,7,0,10,11,3,1,0,0,0,0,0,0,1
"POINT (8.509697458000062 49.506591486000048)",Unfall 211163 (2024) Kat:3, Licht: 0,211163,3,6,2,10,16,3,0,0,0,1,0,0,0,1
"POINT (8.457486743000061 49.496244915000034)",Unfall 211164 (2024) Kat:3, Licht: 0,211164,3,4,6,10,16,3,1,0,1,0,1,0,0,0
"POINT (8.461348796000038 49.488657861000036)",Unfall 211165 (2024) Kat:3, Licht: 0,211165,3,3,5,10,11,3,1,0,0,1,0,1,0,0
"POINT (8.535071885000036 49.418940216000067)",Unfall 211205 (2024) Kat:3, Licht: 0,211205,3,3,5,10,18,2,1,0,0,1,0,0,0,1
"POINT (8.480971957000065 49.481879575000050)",Unfall 211206 (2024) Kat:3, Licht: 0,211206,3,2,6,10,10,2,0,0,0,1,1,0,0,0
"POINT (8.471423313000059 49.493530058000033)",Unfall 211207 (2024) Kat:3, Licht: 0,211207,3,1,0,10,16,2,1,0,1,0,0,0,0,0
"POINT (8.471428138000022 49.493533499000080)",Unfall 211208 (2024) Kat:3, Licht: 0,211208,3,1,0,10,17,2,1,0,1,0,0,0,0,0
"POINT (8.471712786000069 49.498946680000074)",Unfall 211209 (2024) Kat:3, Licht: 0,211209,3,2,3,10,09,2,1,0,0,1,0,0,0,1
"POINT (8.454386733000035 49.485435977000066)",Unfall 211239 (2024) Kat:3, Licht: 2,211239,3,1,1,10,02,1,0,2,0,1,1,0,0,0
"POINT (8.480447835000064 49.476011077000067)",Unfall 211240 (2024) Kat:3, Licht: 0,211240,3,5,1,10,12,1,0,0,0,1,0,0,0,1
"POINT (8.489262513000028 49.460468200000037)",Unfall 211289 (2024) Kat:3, Licht: 0,211289,3,2,6,10,13,6,0,0,0,1,1,0,0,0
"POINT (8.509462013000075 49.443036105000033)",Unfall 211308 (2024) Kat:2, Licht: 0,211308,2,6,2,10,13,5,0,0,1,1,0,0,0,0
"POINT (8.483206217000031 49.532090446000041)",Unfall 211328 (2024) Kat:3, Licht: 0,211328,3,3,5,10,12,4,0,0,0,1,0,0,0,0
"POINT (8.471452884000030 49.487551977000066)",Unfall 211329 (2024) Kat:3, Licht: 0,211329,3,1,0,10,17,4,0,0,1,0,0,0,0,0
"POINT (8.467795837000040 49.490737324000065)",Unfall 211330 (2024) Kat:3, Licht: 0,211330,3,6,3,10,16,4,0,0,1,1,0,0,0,0
"POINT (8.484172496000042 49.470942504000050)",Unfall 211345 (2024) Kat:3, Licht: 0,211345,3,7,0,10,08,5,1,0,0,0,0,1,0,0
"POINT (8.459176512000056 49.496729376000076)",Unfall 211379 (2024) Kat:3, Licht: 0,211379,3,6,4,10,06,3,0,0,1,0,0,0,0,0
"POINT (8.469413559000031 49.477149147000034)",Unfall 211414 (2024) Kat:3, Licht: 0,211414,3,2,3,12,08,3,0,0,0,1,0,0,0,1
"POINT (8.482881538000072 49.513606952000032)",Unfall 211415 (2024) Kat:3, Licht: 2,211415,3,3,5,12,23,3,0,2,0,1,0,0,0,1
"POINT (8.516096716000050 49.478451466000081)",Unfall 211416 (2024) Kat:2, Licht: 0,211416,2,3,5,12,11,3,1,0,0,1,0,0,0,1
"POINT (8.470727062000037 49.502006169000026)",Unfall 211417 (2024) Kat:3, Licht: 0,211417,3,2,3,12,09,3,1,0,0,1,0,0,0,1
"POINT (8.555900100000031 49.509509377000029)",Unfall 211445 (2024) Kat:3, Licht: 0,211445,3,6,2,12,12,2,1,0,0,1,0,0,0,0
"POINT (8.464973540000074 49.486422894000043)",Unfall 211446 (2024) Kat:3, Licht: 2,211446,3,6,3,12,19,2,1,2,0,1,0,0,0,1
"POINT (8.549941886000056 49.488745365000057)",Unfall 211481 (2024) Kat:3, Licht: 0,211481,3,6,2,11,08,7,2,0,0,1,0,0,0,0
"POINT (8.483698106000077 49.523017884000069)",Unfall 211516 (2024) Kat:3, Licht: 0,211516,3,6,2,11,15,6,0,0,0,1,0,0,0,0
"POINT (8.491783022000050 49.515485064000075)",Unfall 211517 (2024) Kat:3, Licht: 2,211517,3,5,3,11,05,6,1,2,0,1,0,1,0,0
"POINT (8.465142897000021 49.489007835000052)",Unfall 211518 (2024) Kat:3, Licht: 0,211518,3,2,3,11,11,6,0,0,1,0,0,0,0,1
"POINT (8.482127369000068 49.474200587000041)",Unfall 211545 (2024) Kat:3, Licht: 0,211545,3,3,5,11,11,5,0,0,0,1,0,0,0,0
"POINT (8.547143798000036 49.496556656000052)",Unfall 211577 (2024) Kat:3, Licht: 0,211577,3,3,5,11,15,4,0,0,1,0,0,0,0,1
"POINT (8.491391085000032 49.477715291000038)",Unfall 211608 (2024) Kat:3, Licht: 2,211608,3,6,2,11,18,3,1,2,0,1,0,0,0,0
"POINT (8.471429579000073 49.511079578000079)",Unfall 211609 (2024) Kat:2, Licht: 0,211609,2,4,6,11,09,3,0,0,0,0,1,0,0,1
"POINT (8.468395432000023 49.548982528000067)",Unfall 211610 (2024) Kat:2, Licht: 2,211610,2,3,5,11,17,3,1,2,1,1,0,0,0,0
"POINT (8.512697330000037 49.515614734000053)",Unfall 211638 (2024) Kat:3, Licht: 0,211638,3,3,5,11,16,2,0,0,0,1,0,0,0,1
"POINT (8.471549509000056 49.488567263000050)",Unfall 211639 (2024) Kat:3, Licht: 1,211639,3,4,6,11,19,2,1,1,0,1,1,0,0,0
"POINT (8.464069929000061 49.491573466000034)",Unfall 211640 (2024) Kat:3, Licht: 1,211640,3,3,5,11,07,2,0,1,1,1,0,0,0,0
"POINT (8.494531277000021 49.454554965000057)",Unfall 211641 (2024) Kat:3, Licht: 0,211641,3,3,5,11,14,2,0,0,1,1,0,0,0,0
"POINT (8.515708946000075 49.478447727000059)",Unfall 211683 (2024) Kat:3, Licht: 0,211683,3,3,5,11,10,7,0,0,0,1,0,0,0,1
"POINT (8.474448261000020 49.489488871000049)",Unfall 211684 (2024) Kat:3, Licht: 0,211684,3,7,1,11,12,7,0,0,1,0,0,0,0,1
"POINT (8.457422147000045 49.495922949000033)",Unfall 211685 (2024) Kat:3, Licht: 0,211685,3,6,6,11,16,7,0,0,0,0,1,0,0,1
"POINT (8.461249010000074 49.489610389000063)",Unfall 211686 (2024) Kat:3, Licht: 2,211686,3,2,0,11,19,7,0,2,0,1,0,0,0,1
"POINT (8.573769243000072 49.431338627000059)",Unfall 211766 (2024) Kat:3, Licht: 2,211766,3,3,3,11,00,5,0,2,1,0,0,0,0,1
"POINT (8.464800511000021 49.491144645000077)",Unfall 211798 (2024) Kat:3, Licht: 0,211798,3,3,5,11,08,4,1,0,1,1,0,0,0,0
"POINT (8.531288666000023 49.479960595000080)",Unfall 211833 (2024) Kat:3, Licht: 0,211833,3,6,1,11,07,3,1,0,0,1,0,0,0,0
"POINT (8.492099185000029 49.497155551000048)",Unfall 211834 (2024) Kat:2, Licht: 1,211834,2,2,5,11,07,3,1,1,1,1,0,0,0,0
"POINT (8.464616191000061 49.488380341000038)",Unfall 211864 (2024) Kat:3, Licht: 2,211864,3,6,0,11,20,2,0,2,0,0,0,0,0,1
"POINT (8.472256169000048 49.494215416000031)",Unfall 211865 (2024) Kat:3, Licht: 2,211865,3,6,4,11,19,2,1,2,1,0,0,0,0,0
"POINT (8.485704336000026 49.466476595000074)",Unfall 211866 (2024) Kat:2, Licht: 0,211866,2,2,5,11,10,2,1,0,0,1,0,0,0,1
"POINT (8.517145710000023 49.507382609000047)",Unfall 211909 (2024) Kat:3, Licht: 1,211909,3,3,5,11,17,7,0,1,0,1,0,0,0,0
"POINT (8.464582090000022 49.490909278000061)",Unfall 211930 (2024) Kat:3, Licht: 2,211930,3,5,3,11,20,6,0,2,1,1,0,0,0,0
"POINT (8.467121035000048 49.490025848000073)",Unfall 211931 (2024) Kat:3, Licht: 2,211931,3,6,4,11,18,6,0,2,0,0,0,0,0,1
"POINT (8.467559148000021 49.486198954000031)",Unfall 211969 (2024) Kat:3, Licht: 2,211969,3,5,1,11,20,5,0,2,1,1,0,0,0,0
"POINT (8.477327586000058 49.462469162000048)",Unfall 211970 (2024) Kat:3, Licht: 0,211970,3,6,4,11,15,5,0,0,1,0,0,0,0,0
"POINT (8.519603372000063 49.516258254000036)",Unfall 211971 (2024) Kat:3, Licht: 2,211971,3,6,4,11,17,5,1,2,0,1,0,0,0,1
"POINT (8.567606726000065 49.445710580000082)",Unfall 212010 (2024) Kat:3, Licht: 0,212010,3,7,7,11,13,5,0,0,1,0,0,0,0,1
"POINT (8.498945308000032 49.453772264000065)",Unfall 212014 (2024) Kat:3, Licht: 0,212014,3,3,5,11,14,4,1,0,1,1,0,0,0,0
"POINT (8.481652235000070 49.528772278000076)",Unfall 212047 (2024) Kat:3, Licht: 0,212047,3,6,3,11,13,3,0,0,0,0,0,0,0,1
"POINT (8.466259089000062 49.481691726000065)",Unfall 212089 (2024) Kat:3, Licht: 2,212089,3,6,4,11,00,2,1,2,1,0,0,0,0,0
"POINT (8.476727507000021 49.462703740000052)",Unfall 212090 (2024) Kat:3, Licht: 0,212090,3,3,5,11,10,2,1,0,0,1,0,0,0,1
"POINT (8.465725221000071 49.489724668000065)",Unfall 212092 (2024) Kat:3, Licht: 0,212092,3,4,6,11,15,2,1,0,1,0,1,0,0,0
"POINT (8.479830433000075 49.482615511000063)",Unfall 212093 (2024) Kat:3, Licht: 0,212093,3,3,5,11,09,2,1,0,0,1,0,0,0,1
"POINT (8.471314712000037 49.490722570000059)",Unfall 212143 (2024) Kat:3, Licht: 0,212143,3,2,6,11,17,7,0,0,0,1,1,0,0,0
"POINT (8.470551207000028 49.483522035000078)",Unfall 212180 (2024) Kat:3, Licht: 2,212180,3,7,6,11,23,6,0,2,0,1,1,0,0,0
"POINT (8.478517311000076 49.460279177000075)",Unfall 212187 (2024) Kat:3, Licht: 0,212187,3,3,5,11,09,3,1,0,1,0,0,0,0,1
"POINT (8.566201429000046 49.449928493000073)",Unfall 212231 (2024) Kat:3, Licht: 0,212231,3,6,1,11,12,5,0,0,0,1,0,0,1,0
"POINT (8.520435486000054 49.515914819000045)",Unfall 212232 (2024) Kat:3, Licht: 2,212232,3,3,5,11,03,5,0,2,1,1,0,0,0,0
"POINT (8.456513267000048 49.489214325000034)",Unfall 212270 (2024) Kat:3, Licht: 0,212270,3,6,6,11,09,4,0,0,1,0,1,0,0,0
"POINT (8.509534829000074 49.446203913000033)",Unfall 212308 (2024) Kat:3, Licht: 0,212308,3,6,1,11,08,3,0,0,0,1,0,0,0,0
"POINT (8.460072332000038 49.493074811000042)",Unfall 212344 (2024) Kat:3, Licht: 1,212344,3,3,5,11,18,2,1,1,0,0,0,0,0,1
"POINT (8.449665653000068 49.549581867000029)",Unfall 212374 (2024) Kat:3, Licht: 2,212374,3,6,2,11,21,1,0,2,0,1,0,0,0,0
"POINT (8.463408855000068 49.489641467000069)",Unfall 212395 (2024) Kat:3, Licht: 2,212395,3,3,5,11,22,7,0,2,0,1,0,0,0,0
"POINT (8.467954034000059 49.491005765000068)",Unfall 212396 (2024) Kat:3, Licht: 2,212396,3,3,5,11,19,7,0,2,0,1,0,0,0,1
"POINT (8.473404379000044 49.495406346000038)",Unfall 212437 (2024) Kat:3, Licht: 2,212437,3,4,6,11,21,1,0,2,0,0,1,0,0,1
"POINT (8.449267902000031 49.549442510000063)",Unfall 212455 (2024) Kat:2, Licht: 0,212455,2,6,2,10,11,5,0,0,0,1,0,0,0,0
"POINT (8.469798822000030 49.486345760000063)",Unfall 212456 (2024) Kat:3, Licht: 2,212456,3,7,6,10,20,5,1,2,0,1,1,0,0,0
"POINT (8.470351828000048 49.486134419000052)",Unfall 212495 (2024) Kat:3, Licht: 0,212495,3,7,5,10,10,4,0,0,0,1,0,0,0,1
"POINT (8.481574366000075 49.487023507000060)",Unfall 212814 (2024) Kat:3, Licht: 2,212814,3,3,5,12,17,3,1,2,0,1,0,1,0,0
"POINT (8.490215920000026 49.461462403000041)",Unfall 212847 (2024) Kat:3, Licht: 0,212847,3,3,6,12,12,7,0,0,0,1,1,0,0,0
"POINT (8.500279341000066 49.448412853000036)",Unfall 212848 (2024) Kat:3, Licht: 2,212848,3,1,1,12,22,7,1,2,0,1,0,0,1,0
"POINT (8.528901042000030 49.436073080000028)",Unfall 212861 (2024) Kat:3, Licht: 0,212861,3,6,4,12,09,6,0,0,0,1,0,0,0,0
"POINT (8.562276832000066 49.435972674000027)",Unfall 212871 (2024) Kat:3, Licht: 2,212871,3,6,4,12,18,5,1,2,0,1,0,0,0,0
"POINT (8.468356147000065 49.546595250000053)",Unfall 212885 (2024) Kat:3, Licht: 2,212885,3,3,5,12,00,3,0,2,0,1,0,0,0,0
"POINT (8.536295016000054 49.421594779000031)",Unfall 212910 (2024) Kat:3, Licht: 0,212910,3,3,5,12,11,2,1,0,0,1,0,0,0,0
"POINT (8.467106218000026 49.501017670000067)",Unfall 212919 (2024) Kat:3, Licht: 0,212919,3,3,5,12,14,1,0,0,0,1,0,1,0,0
"POINT (8.472921976000066 49.479496609000080)",Unfall 212939 (2024) Kat:3, Licht: 0,212939,3,4,6,12,14,7,0,0,0,1,1,0,0,0
"POINT (8.467099681000036 49.484994234000055)",Unfall 212940 (2024) Kat:3, Licht: 2,212940,3,3,5,12,17,7,0,2,1,1,0,0,0,0
"POINT (8.474421548000066 49.482790329000068)",Unfall 212941 (2024) Kat:3, Licht: 2,212941,3,5,1,12,01,7,0,2,0,1,0,0,0,1
"POINT (8.501713162000044 49.504178336000052)",Unfall 212967 (2024) Kat:2, Licht: 2,212967,2,2,5,12,07,6,0,2,0,1,0,0,0,1
"POINT (8.481731825000054 49.525800440000069)",Unfall 213003 (2024) Kat:3, Licht: 0,213003,3,3,5,12,11,5,1,0,1,1,0,0,0,0
"POINT (8.481653838000057 49.485984420000079)",Unfall 213004 (2024) Kat:3, Licht: 2,213004,3,4,6,12,22,5,0,2,0,1,1,0,0,0
"POINT (8.463727051000035 49.488789527000051)",Unfall 213005 (2024) Kat:3, Licht: 2,213005,3,3,5,12,17,5,1,2,1,1,0,0,0,0
"POINT (8.484151339000050 49.469854480000038)",Unfall 213079 (2024) Kat:3, Licht: 2,213079,3,6,2,12,06,3,0,2,0,1,0,1,0,0
"POINT (8.566748336000046 49.460248822000040)",Unfall 213108 (2024) Kat:3, Licht: 0,213108,3,3,5,12,15,2,0,0,1,1,0,0,0,0
"POINT (8.456694275000075 49.492043154000044)",Unfall 213110 (2024) Kat:3, Licht: 0,213110,3,6,2,12,08,2,0,0,0,1,0,0,0,0
"POINT (8.471287036000035 49.492728112000066)",Unfall 213146 (2024) Kat:3, Licht: 0,213146,3,6,0,12,10,2,1,0,0,1,0,1,0,0
"POINT (8.476500454000075 49.465110539000079)",Unfall 213242 (2024) Kat:3, Licht: 2,213242,3,3,5,12,17,4,0,2,1,1,0,0,0,0
"POINT (8.470293801000025 49.493555009000033)",Unfall 213243 (2024) Kat:3, Licht: 2,213243,3,7,0,12,07,4,0,2,1,0,0,0,0,0
"POINT (8.469119233000072 49.464693053000076)",Unfall 213325 (2024) Kat:3, Licht: 0,213325,3,7,5,12,14,2,0,0,0,1,0,0,0,0
"POINT (8.480979516000048 49.535643217000029)",Unfall 213360 (2024) Kat:3, Licht: 2,213360,3,3,5,12,18,7,1,2,1,1,0,0,0,0
"POINT (8.477646491000030 49.478411006000044)",Unfall 213362 (2024) Kat:3, Licht: 0,213362,3,3,5,12,12,7,1,0,0,1,0,0,0,0
"POINT (8.473860832000071 49.546686985000065)",Unfall 213363 (2024) Kat:3, Licht: 0,213363,3,2,5,12,11,7,1,0,1,1,0,0,0,0
"POINT (8.500228759000038 49.520017292000034)",Unfall 213427 (2024) Kat:3, Licht: 0,213427,3,7,6,12,12,5,0,0,0,0,1,0,0,1
"POINT (8.470513474000029 49.502154323000070)",Unfall 213428 (2024) Kat:3, Licht: 0,213428,3,5,1,12,10,5,0,0,0,1,0,0,0,0
"POINT (8.474916534000045 49.465022453000074)",Unfall 213446 (2024) Kat:3, Licht: 0,213446,3,2,3,12,15,2,1,0,1,1,0,0,0,0
"POINT (8.480966447000071 49.534492054000054)",Unfall 264828 (2024) Kat:3, Licht: 0,264828,3,4,6,02,15,1,1,0,1,0,1,0,0,0
"POINT (8.481231089000062 49.533490676000042)",Unfall 264873 (2024) Kat:3, Licht: 0,264873,3,3,5,03,12,2,0,0,1,1,0,0,0,0
"POINT (8.486661358000049 49.496324633000029)",Unfall 264877 (2024) Kat:3, Licht: 0,264877,3,5,9,03,12,3,1,0,1,1,0,0,0,0
"POINT (8.487939236000045 49.497132683000075)",Unfall 264880 (2024) Kat:3, Licht: 0,264880,3,3,5,03,12,5,0,0,1,1,0,0,0,0
"POINT (8.477166164000039 49.491898341000081)",Unfall 264881 (2024) Kat:3, Licht: 0,264881,3,6,4,03,17,5,0,0,1,0,0,0,0,0
"POINT (8.505465587000060 49.506896997000069)",Unfall 264885 (2024) Kat:3, Licht: 0,264885,3,7,0,03,08,6,0,0,1,0,0,0,0,0
"POINT (8.525374579000072 49.436114619000080)",Unfall 264931 (2024) Kat:3, Licht: 0,264931,3,5,3,04,14,4,1,0,1,1,0,0,0,0
"POINT (8.473546268000064 49.548506821000046)",Unfall 264973 (2024) Kat:3, Licht: 0,264973,3,3,5,04,12,6,0,0,1,1,0,0,0,0
"POINT (8.458092784000030 49.490875044000063)",Unfall 264986 (2024) Kat:3, Licht: 0,264986,3,7,0,04,18,1,0,0,1,0,1,0,0,0
"POINT (8.518084510000051 49.535312929000042)",Unfall 265019 (2024) Kat:2, Licht: 0,265019,2,3,5,04,17,5,0,0,1,0,0,0,0,0
"POINT (8.506874144000051 49.471660230000055)",Unfall 265154 (2024) Kat:3, Licht: 0,265154,3,6,3,05,15,7,0,0,1,0,0,0,0,0
"POINT (8.525318809000055 49.509702170000025)",Unfall 265183 (2024) Kat:3, Licht: 0,265183,3,6,4,05,17,7,0,0,1,0,0,0,0,1
"POINT (8.487464278000061 49.497211799000070)",Unfall 265266 (2024) Kat:3, Licht: 0,265266,3,7,0,06,17,2,0,0,1,0,0,0,0,0
"POINT (8.464235187000043 49.481836714000053)",Unfall 265277 (2024) Kat:3, Licht: 0,265277,3,3,5,06,10,5,0,0,1,1,0,0,0,0
"POINT (8.517954180000061 49.479616487000044)",Unfall 265307 (2024) Kat:2, Licht: 0,265307,2,7,0,06,16,2,0,0,1,0,0,0,0,0
"POINT (8.495673578000037 49.501858101000039)",Unfall 265468 (2024) Kat:3, Licht: 0,265468,3,3,5,07,19,4,0,0,1,1,0,0,0,0
"POINT (8.533048390000033 49.448254828000074)",Unfall 265796 (2024) Kat:3, Licht: 0,265796,3,7,0,08,17,2,0,0,1,0,0,0,0,0